item_id,base_id,upgrade_level,is_variant,name,category,rank,class_label,color,status,weight,durability,max_durability,bullet_resistance,vitality,movement_speed,sprint_speed,stamina,stamina_regeneration,health_regeneration,periodic_healing,healing_effectiveness,carry_weight,bleeding_output,bleeding_resistance,burn_reaction,tear_reaction,tear_protection,explosion_protection,electricity_protection,fire_protection,chemical_protection,radiation_protection,thermal_protection,biological_protection,psycho_protection,frost_protection,stability,radiation,psycho,temperature,biological,frost,combustion,chemical_burn_reaction,electroshock_reaction,recoil,wiggle,effective_durability,total_sprint_speed,hp_regen_score,source_path
0r429,0r429,0,False,Бандитский костюм,armor/combined,Отмычка,Комбинированные,DEFAULT,PERSONAL_ON_USE,3.5,100.0,100.0,39.0,,,,,,,,,5.0,,35.0,,,58.0,35.0,15.0,15.0,15.0,30.0,20.0,30.0,0.0,,,,,,,,,,,,,139.0,100.0,0.5,stalzone-database/ru/items/armor/combined/0r429.json
0r429,0r429,1,True,Бандитский костюм,armor/combined,Отмычка,Комбинированные,DEFAULT,PERSONAL_ON_USE,3.5,100.0,100.0,40.27226,,,,,,,,,5.0,,35.0,,,58.0,35.0,15.0,15.0,15.0,30.0,20.0,30.0,0.0,,,,,,,,,,,,,140.27226000000002,100.0,0.5,stalzone-database/ru/items/armor/combined/_variants/0r429/1.json
0r429,0r429,2,True,Бандитский костюм,armor/combined,Отмычка,Комбинированные,DEFAULT,PERSONAL_ON_USE,3.5,100.0,100.0,41.544514,,,,,,,,,5.0,,35.0,,,58.0,35.0,15.0,15.0,15.0,30.0,20.0,30.0,0.0,,,,,,,,,,,,,141.544514,100.0,0.5,stalzone-database/ru/items/armor/combined/_variants/0r429/2.json
0r429,0r429,3,True,Бандитский костюм,armor/combined,Отмычка,Комбинированные,DEFAULT,PERSONAL_ON_USE,3.5,100.0,100.0,42.81677,,,,,,,,,5.0,,35.0,,,58.0,35.0,15.0,15.0,15.0,30.0,20.0,30.0,0.0,,,,,,,,,,,,,142.81677,100.0,0.5,stalzone-database/ru/items/armor/combined/_variants/0r429/3.json
0r429,0r429,4,True,Бандитский костюм,armor/combined,Отмычка,Комбинированные,DEFAULT,PERSONAL_ON_USE,3.5,100.0,100.0,44.089024,,,,,,,,,5.0,,35.0,,,58.0,35.0,15.0,15.0,15.0,30.0,20.0,30.0,0.0,,,,,,,,,,,,,144.089024,100.0,0.5,stalzone-database/ru/items/armor/combined/_variants/0r429/4.json
0r429,0r429,5,True,Бандитский костюм,armor/combined,Отмычка,Комбинированные,DEFAULT,PERSONAL_ON_USE,3.5,100.0,100.0,47.905792,,,,,,,,,5.0,,35.0,,,58.0,35.0,15.0,15.0,15.0,30.0,20.0,30.0,0.0,,,,,,,,,,,,,147.905792,100.0,0.5,stalzone-database/ru/items/armor/combined/_variants/0r429/5.json
0r429,0r429,6,True,Бандитский костюм,armor/combined,Отмычка,Комбинированные,DEFAULT,PERSONAL_ON_USE,3.5,100.0,100.0,49.814175,,,,,,,,,5.0,,35.0,,,58.0,35.0,15.0,15.0,15.0,30.0,20.0,30.0,0.0,,,,,,,,,,,,,149.814175,100.0,0.5,stalzone-database/ru/items/armor/combined/_variants/0r429/6.json
0r429,0r429,7,True,Бандитский костюм,armor/combined,Отмычка,Комбинированные,DEFAULT,PERSONAL_ON_USE,3.5,100.0,100.0,51.722557,,,,,,,,,5.0,,35.0,,,58.0,35.0,15.0,15.0,15.0,30.0,20.0,30.0,0.0,,,,,,,,,,,,,151.722557,100.0,0.5,stalzone-database/ru/items/armor/combined/_variants/0r429/7.json
0r429,0r429,8,True,Бандитский костюм,armor/combined,Отмычка,Комбинированные,DEFAULT,PERSONAL_ON_USE,3.5,100.0,100.0,53.630943,,,,,,,,,5.0,,35.0,,,58.0,35.0,15.0,15.0,15.0,30.0,20.0,30.0,0.0,,,,,,,,,,,,,153.630943,100.0,0.5,stalzone-database/ru/items/armor/combined/_variants/0r429/8.json
0r429,0r429,9,True,Бандитский костюм,armor/combined,Отмычка,Комбинированные,DEFAULT,PERSONAL_ON_USE,3.5,100.0,100.0,55.53933,,,,,,,,,5.0,,35.0,,,58.0,35.0,15.0,15.0,15.0,30.0,20.0,30.0,0.0,,,,,,,,,,,,,155.53933,100.0,0.5,stalzone-database/ru/items/armor/combined/_variants/0r429/9.json
0r429,0r429,10,True,Бандитский костюм,armor/combined,Отмычка,Комбинированные,DEFAULT,PERSONAL_ON_USE,3.5,100.0,100.0,61.137253,,,,,,,,,5.0,,35.0,,,58.0,35.0,15.0,15.0,15.0,30.0,20.0,30.0,0.0,,,,,,,,,,,,,161.137253,100.0,0.5,stalzone-database/ru/items/armor/combined/_variants/0r429/10.json
0r429,0r429,11,True,Бандитский костюм,armor/combined,Отмычка,Комбинированные,DEFAULT,PERSONAL_ON_USE,3.5,100.0,100.0,63.93622,,,,,,,,,5.0,,35.0,,,58.0,35.0,15.0,15.0,15.0,30.0,20.0,30.0,0.0,,,,,,,,,,,,,163.93622,100.0,0.5,stalzone-database/ru/items/armor/combined/_variants/0r429/11.json
0r429,0r429,12,True,Бандитский костюм,armor/combined,Отмычка,Комбинированные,DEFAULT,PERSONAL_ON_USE,3.5,100.0,100.0,66.73518,,,,,,,,,5.0,,35.0,,,58.0,35.0,15.0,15.0,15.0,30.0,20.0,30.0,0.0,,,,,,,,,,,,,166.73518,100.0,0.5,stalzone-database/ru/items/armor/combined/_variants/0r429/12.json
0r429,0r429,13,True,Бандитский костюм,armor/combined,Отмычка,Комбинированные,DEFAULT,PERSONAL_ON_USE,3.5,100.0,100.0,69.53414,,,,,,,,,5.0,,35.0,,,58.0,35.0,15.0,15.0,15.0,30.0,20.0,30.0,0.0,,,,,,,,,,,,,169.53413999999998,100.0,0.5,stalzone-database/ru/items/armor/combined/_variants/0r429/13.json
0r429,0r429,14,True,Бандитский костюм,armor/combined,Отмычка,Комбинированные,DEFAULT,PERSONAL_ON_USE,3.5,100.0,100.0,72.33311,,,,,,,,,5.0,,35.0,,,58.0,35.0,15.0,15.0,15.0,30.0,20.0,30.0,0.0,,,,,,,,,,,,,172.33311,100.0,0.5,stalzone-database/ru/items/armor/combined/_variants/0r429/14.json
0r429,0r429,15,True,Бандитский костюм,armor/combined,Отмычка,Комбинированные,DEFAULT,PERSONAL_ON_USE,3.5,100.0,100.0,78.0,,,,,,,,,5.0,,35.0,,,58.0,35.0,15.0,15.0,15.0,30.0,20.0,30.0,0.0,,,,,,,,,,,,,178.0,100.0,0.5,stalzone-database/ru/items/armor/combined/_variants/0r429/15.json
0r439,0r439,0,False,Старый ОЗК,armor/scientist,Отмычка,Научные,DEFAULT,PERSONAL_ON_USE,1.5,100.0,100.0,1.0,,,,,,,,,,,0.0,,,0.0,0.0,30.0,30.0,30.0,100.0,100.0,50.0,0.0,,,,,,,,,,,,,101.0,100.0,0.5,stalzone-database/ru/items/armor/scientist/0r439.json
0r439,0r439,1,True,Старый ОЗК,armor/scientist,Отмычка,Научные,DEFAULT,PERSONAL_ON_USE,1.5,100.0,100.0,1.9237804,,,,,,,,,,,0.0,,,0.0,0.0,30.0,30.0,30.0,100.0,100.0,50.0,0.0,,,,,,,,,,,,,101.9237804,100.0,0.5,stalzone-database/ru/items/armor/scientist/_variants/0r439/1.json
0r439,0r439,2,True,Старый ОЗК,armor/scientist,Отмычка,Научные,DEFAULT,PERSONAL_ON_USE,1.5,100.0,100.0,2.0,,,,,,,,,,,0.0,,,0.0,0.0,30.0,30.0,30.0,100.0,100.0,50.0,0.0,,,,,,,,,,,,,102.0,100.0,0.5,stalzone-database/ru/items/armor/scientist/_variants/0r439/2.json
0r439,0r439,3,True,Старый ОЗК,armor/scientist,Отмычка,Научные,DEFAULT,PERSONAL_ON_USE,1.5,100.0,100.0,2.0,,,,,,,,,,,0.0,,,0.0,0.0,30.0,30.0,30.0,100.0,100.0,50.0,0.0,,,,,,,,,,,,,102.0,100.0,0.5,stalzone-database/ru/items/armor/scientist/_variants/0r439/3.json
0r439,0r439,4,True,Старый ОЗК,armor/scientist,Отмычка,Научные,DEFAULT,PERSONAL_ON_USE,1.5,100.0,100.0,2.0,,,,,,,,,,,0.0,,,0.0,0.0,30.0,30.0,30.0,100.0,100.0,50.0,0.0,,,,,,,,,,,,,102.0,100.0,0.5,stalzone-database/ru/items/armor/scientist/_variants/0r439/4.json
0r439,0r439,5,True,Старый ОЗК,armor/scientist,Отмычка,Научные,DEFAULT,PERSONAL_ON_USE,1.5,100.0,100.0,2.0,,,,,,,,,,,0.0,,,0.0,0.0,30.0,30.0,30.0,100.0,100.0,50.0,0.0,,,,,,,,,,,,,102.0,100.0,0.5,stalzone-database/ru/items/armor/scientist/_variants/0r439/5.json
0r439,0r439,6,True,Старый ОЗК,armor/scientist,Отмычка,Научные,DEFAULT,PERSONAL_ON_USE,1.5,100.0,100.0,2.0,,,,,,,,,,,0.0,,,0.0,0.0,30.0,30.0,30.0,100.0,100.0,50.0,0.0,,,,,,,,,,,,,102.0,100.0,0.5,stalzone-database/ru/items/armor/scientist/_variants/0r439/6.json
0r439,0r439,7,True,Старый ОЗК,armor/scientist,Отмычка,Научные,DEFAULT,PERSONAL_ON_USE,1.5,100.0,100.0,2.0,,,,,,,,,,,0.0,,,0.0,0.0,30.0,30.0,30.0,100.0,100.0,50.0,0.0,,,,,,,,,,,,,102.0,100.0,0.5,stalzone-database/ru/items/armor/scientist/_variants/0r439/7.json
0r439,0r439,8,True,Старый ОЗК,armor/scientist,Отмычка,Научные,DEFAULT,PERSONAL_ON_USE,1.5,100.0,100.0,2.0,,,,,,,,,,,0.0,,,0.0,0.0,30.0,30.0,30.0,100.0,100.0,50.0,0.0,,,,,,,,,,,,,102.0,100.0,0.5,stalzone-database/ru/items/armor/scientist/_variants/0r439/8.json
0r439,0r439,9,True,Старый ОЗК,armor/scientist,Отмычка,Научные,DEFAULT,PERSONAL_ON_USE,1.5,100.0,100.0,2.0,,,,,,,,,,,0.0,,,0.0,0.0,30.0,30.0,30.0,100.0,100.0,50.0,0.0,,,,,,,,,,,,,102.0,100.0,0.5,stalzone-database/ru/items/armor/scientist/_variants/0r439/9.json
0r439,0r439,10,True,Старый ОЗК,armor/scientist,Отмычка,Научные,DEFAULT,PERSONAL_ON_USE,1.5,100.0,100.0,2.0,,,,,,,,,,,0.0,,,0.0,0.0,30.0,30.0,30.0,100.0,100.0,50.0,0.0,,,,,,,,,,,,,102.0,100.0,0.5,stalzone-database/ru/items/armor/scientist/_variants/0r439/10.json
0r439,0r439,11,True,Старый ОЗК,armor/scientist,Отмычка,Научные,DEFAULT,PERSONAL_ON_USE,1.5,100.0,100.0,2.0,,,,,,,,,,,0.0,,,0.0,0.0,30.0,30.0,30.0,100.0,100.0,50.0,0.0,,,,,,,,,,,,,102.0,100.0,0.5,stalzone-database/ru/items/armor/scientist/_variants/0r439/11.json
0r439,0r439,12,True,Старый ОЗК,armor/scientist,Отмычка,Научные,DEFAULT,PERSONAL_ON_USE,1.5,100.0,100.0,2.0,,,,,,,,,,,0.0,,,0.0,0.0,30.0,30.0,30.0,100.0,100.0,50.0,0.0,,,,,,,,,,,,,102.0,100.0,0.5,stalzone-database/ru/items/armor/scientist/_variants/0r439/12.json
0r439,0r439,13,True,Старый ОЗК,armor/scientist,Отмычка,Научные,DEFAULT,PERSONAL_ON_USE,1.5,100.0,100.0,2.0,,,,,,,,,,,0.0,,,0.0,0.0,30.0,30.0,30.0,100.0,100.0,50.0,0.0,,,,,,,,,,,,,102.0,100.0,0.5,stalzone-database/ru/items/armor/scientist/_variants/0r439/13.json
0r439,0r439,14,True,Старый ОЗК,armor/scientist,Отмычка,Научные,DEFAULT,PERSONAL_ON_USE,1.5,100.0,100.0,2.0,,,,,,,,,,,0.0,,,0.0,0.0,30.0,30.0,30.0,100.0,100.0,50.0,0.0,,,,,,,,,,,,,102.0,100.0,0.5,stalzone-database/ru/items/armor/scientist/_variants/0r439/14.json
0r439,0r439,15,True,Старый ОЗК,armor/scientist,Отмычка,Научные,DEFAULT,PERSONAL_ON_USE,1.5,100.0,100.0,2.0,,,,,,,,,,,0.0,,,0.0,0.0,30.0,30.0,30.0,100.0,100.0,50.0,0.0,,,,,,,,,,,,,102.0,100.0,0.5,stalzone-database/ru/items/armor/scientist/_variants/0r439/15.json
0r4gy,0r4gy,0,False,Костюм «Экспедиция»,armor/combined,Ветеран,Комбинированные,RANK_VETERAN,PERSONAL_ON_USE,8.0,100.0,100.0,120.0,,-1.0,,,3.0,,2.0,,12.0,-0.5,40.0,,,88.0,82.0,225.0,225.0,225.0,260.0,180.0,250.0,200.0,50.0,,,,,,,,,,,,220.0,99.0,2.5,stalzone-database/ru/items/armor/combined/0r4gy.json
0r4gy,0r4gy,1,True,Костюм «Экспедиция»,armor/combined,Ветеран,Комбинированные,RANK_VETERAN,PERSONAL_ON_USE,8.0,100.0,100.0,122.0122,,-1.0,,,3.0,,2.0,,12.0,-0.5,40.0,,,88.0,82.0,225.0,225.0,225.0,260.0,180.0,250.0,200.0,50.0,,,,,,,,,,,,222.0122,99.0,2.5,stalzone-database/ru/items/armor/combined/_variants/0r4gy/1.json
0r4gy,0r4gy,2,True,Костюм «Экспедиция»,armor/combined,Ветеран,Комбинированные,RANK_VETERAN,PERSONAL_ON_USE,8.0,100.0,100.0,124.02438,,-1.0,,,3.0,,2.0,,12.0,-0.5,40.0,,,88.0,82.0,225.0,225.0,225.0,260.0,180.0,250.0,200.0,50.0,,,,,,,,,,,,224.02438,99.0,2.5,stalzone-database/ru/items/armor/combined/_variants/0r4gy/2.json
0r4gy,0r4gy,3,True,Костюм «Экспедиция»,armor/combined,Ветеран,Комбинированные,RANK_VETERAN,PERSONAL_ON_USE,8.0,100.0,100.0,126.03659,,-1.0,,,3.0,,2.0,,12.0,-0.5,40.0,,,88.0,82.0,225.0,225.0,225.0,260.0,180.0,250.0,200.0,50.0,,,,,,,,,,,,226.03659,99.0,2.5,stalzone-database/ru/items/armor/combined/_variants/0r4gy/3.json
0r4gy,0r4gy,4,True,Костюм «Экспедиция»,armor/combined,Ветеран,Комбинированные,RANK_VETERAN,PERSONAL_ON_USE,8.0,100.0,100.0,128.04877,,-1.0,,,3.0,,2.0,,12.0,-0.5,40.0,,,88.0,82.0,225.0,225.0,225.0,260.0,180.0,250.0,200.0,50.0,,,,,,,,,,,,228.04877,99.0,2.5,stalzone-database/ru/items/armor/combined/_variants/0r4gy/4.json
0r4gy,0r4gy,5,True,Костюм «Экспедиция»,armor/combined,Ветеран,Комбинированные,RANK_VETERAN,PERSONAL_ON_USE,8.0,100.0,100.0,134.08536,,-1.0,,,3.0,,2.0,,12.0,-0.5,40.0,,,88.0,82.0,225.0,225.0,225.0,260.0,180.0,250.0,200.0,50.0,,,,,,,,,,,,234.08536,99.0,2.5,stalzone-database/ru/items/armor/combined/_variants/0r4gy/5.json
0r4gy,0r4gy,6,True,Костюм «Экспедиция»,armor/combined,Ветеран,Комбинированные,RANK_VETERAN,PERSONAL_ON_USE,8.0,100.0,100.0,137.10365,,-1.0,,,3.0,,2.0,,12.0,-0.5,40.0,,,88.0,82.0,225.0,225.0,225.0,260.0,180.0,250.0,200.0,50.0,,,,,,,,,,,,237.10365,99.0,2.5,stalzone-database/ru/items/armor/combined/_variants/0r4gy/6.json
0r4gy,0r4gy,7,True,Костюм «Экспедиция»,armor/combined,Ветеран,Комбинированные,RANK_VETERAN,PERSONAL_ON_USE,8.0,100.0,100.0,140.12195,,-1.0,,,3.0,,2.0,,12.0,-0.5,40.0,,,88.0,82.0,225.0,225.0,225.0,260.0,180.0,250.0,200.0,50.0,,,,,,,,,,,,240.12195,99.0,2.5,stalzone-database/ru/items/armor/combined/_variants/0r4gy/7.json
0r4gy,0r4gy,8,True,Костюм «Экспедиция»,armor/combined,Ветеран,Комбинированные,RANK_VETERAN,PERSONAL_ON_USE,8.0,100.0,100.0,143.14024,,-1.0,,,3.0,,2.0,,12.0,-0.5,40.0,,,88.0,82.0,225.0,225.0,225.0,260.0,180.0,250.0,200.0,50.0,,,,,,,,,,,,243.14024,99.0,2.5,stalzone-database/ru/items/armor/combined/_variants/0r4gy/8.json
0r4gy,0r4gy,9,True,Костюм «Экспедиция»,armor/combined,Ветеран,Комбинированные,RANK_VETERAN,PERSONAL_ON_USE,8.0,100.0,100.0,146.15854,,-1.0,,,3.0,,2.0,,12.0,-0.5,40.0,,,88.0,82.0,225.0,225.0,225.0,260.0,180.0,250.0,200.0,50.0,,,,,,,,,,,,246.15854,99.0,2.5,stalzone-database/ru/items/armor/combined/_variants/0r4gy/9.json
0r4gy,0r4gy,10,True,Костюм «Экспедиция»,armor/combined,Ветеран,Комбинированные,RANK_VETERAN,PERSONAL_ON_USE,8.0,100.0,100.0,155.01219,,-1.0,,,3.0,,2.0,,12.0,-0.5,40.0,,,88.0,82.0,225.0,225.0,225.0,260.0,180.0,250.0,200.0,50.0,,,,,,,,,,,,255.01219,99.0,2.5,stalzone-database/ru/items/armor/combined/_variants/0r4gy/10.json
0r4gy,0r4gy,11,True,Костюм «Экспедиция»,armor/combined,Ветеран,Комбинированные,RANK_VETERAN,PERSONAL_ON_USE,8.0,100.0,100.0,159.43903,,-1.0,,,3.0,,2.0,,12.0,-0.5,40.0,,,88.0,82.0,225.0,225.0,225.0,260.0,180.0,250.0,200.0,50.0,,,,,,,,,,,,259.43903,99.0,2.5,stalzone-database/ru/items/armor/combined/_variants/0r4gy/11.json
0r4gy,0r4gy,12,True,Костюм «Экспедиция»,armor/combined,Ветеран,Комбинированные,RANK_VETERAN,PERSONAL_ON_USE,8.0,100.0,100.0,163.86584,,-1.0,,,3.0,,2.0,,12.0,-0.5,40.0,,,88.0,82.0,225.0,225.0,225.0,260.0,180.0,250.0,200.0,50.0,,,,,,,,,,,,263.86584,99.0,2.5,stalzone-database/ru/items/armor/combined/_variants/0r4gy/12.json
0r4gy,0r4gy,13,True,Костюм «Экспедиция»,armor/combined,Ветеран,Комбинированные,RANK_VETERAN,PERSONAL_ON_USE,8.0,100.0,100.0,168.29268,,-1.0,,,3.0,,2.0,,12.0,-0.5,40.0,,,88.0,82.0,225.0,225.0,225.0,260.0,180.0,250.0,200.0,50.0,,,,,,,,,,,,268.29268,99.0,2.5,stalzone-database/ru/items/armor/combined/_variants/0r4gy/13.json
0r4gy,0r4gy,14,True,Костюм «Экспедиция»,armor/combined,Ветеран,Комбинированные,RANK_VETERAN,PERSONAL_ON_USE,8.0,100.0,100.0,172.71951,,-1.0,,,3.0,,2.0,,12.0,-0.5,40.0,,,88.0,82.0,225.0,225.0,225.0,260.0,180.0,250.0,200.0,50.0,,,,,,,,,,,,272.71951,99.0,2.5,stalzone-database/ru/items/armor/combined/_variants/0r4gy/14.json
0r4gy,0r4gy,15,True,Костюм «Экспедиция»,armor/combined,Ветеран,Комбинированные,RANK_VETERAN,PERSONAL_ON_USE,8.0,100.0,100.0,186.0,,-1.0,,,3.0,,2.0,,12.0,-0.5,40.0,,,88.0,82.0,225.0,225.0,225.0,260.0,180.0,250.0,200.0,50.0,,,,,,,,,,,,286.0,99.0,2.5,stalzone-database/ru/items/armor/combined/_variants/0r4gy/15.json
0r4q9,0r4q9,0,False,КИМ-113 «Иолит»,armor/scientist,Сталкер,Научные,RANK_STALKER,PERSONAL_ON_USE,7.3,100.0,100.0,88.0,,,,,,,,,9.0,,30.0,,,51.0,60.0,1000.0,650.0,650.0,400.0,300.0,320.0,250.0,,,,,,,,,,,,,188.0,100.0,0.5,stalzone-database/ru/items/armor/scientist/0r4q9.json
0r4q9,0r4q9,1,True,КИМ-113 «Иолит»,armor/scientist,Сталкер,Научные,RANK_STALKER,PERSONAL_ON_USE,7.3,100.0,100.0,89.71976,,,,,,,,,9.0,,30.0,,,51.0,60.0,1000.0,650.0,650.0,400.0,300.0,320.0,250.0,,,,,,,,,,,,,189.71976000000004,100.0,0.5,stalzone-database/ru/items/armor/scientist/_variants/0r4q9/1.json
0r4q9,0r4q9,2,True,КИМ-113 «Иолит»,armor/scientist,Сталкер,Научные,RANK_STALKER,PERSONAL_ON_USE,7.3,100.0,100.0,91.439514,,,,,,,,,9.0,,30.0,,,51.0,60.0,1000.0,650.0,650.0,400.0,300.0,320.0,250.0,,,,,,,,,,,,,191.43951400000003,100.0,0.5,stalzone-database/ru/items/armor/scientist/_variants/0r4q9/2.json
0r4q9,0r4q9,3,True,КИМ-113 «Иолит»,armor/scientist,Сталкер,Научные,RANK_STALKER,PERSONAL_ON_USE,7.3,100.0,100.0,93.15927,,,,,,,,,9.0,,30.0,,,51.0,60.0,1000.0,650.0,650.0,400.0,300.0,320.0,250.0,,,,,,,,,,,,,193.15927,100.0,0.5,stalzone-database/ru/items/armor/scientist/_variants/0r4q9/3.json
0r4q9,0r4q9,4,True,КИМ-113 «Иолит»,armor/scientist,Сталкер,Научные,RANK_STALKER,PERSONAL_ON_USE,7.3,100.0,100.0,94.87903,,,,,,,,,9.0,,30.0,,,51.0,60.0,1000.0,650.0,650.0,400.0,300.0,320.0,250.0,,,,,,,,,,,,,194.87902999999997,100.0,0.5,stalzone-database/ru/items/armor/scientist/_variants/0r4q9/4.json
0r4q9,0r4q9,5,True,КИМ-113 «Иолит»,armor/scientist,Сталкер,Научные,RANK_STALKER,PERSONAL_ON_USE,7.3,100.0,100.0,100.03829,,,,,,,,,9.0,,30.0,,,51.0,60.0,1000.0,650.0,650.0,400.0,300.0,320.0,250.0,,,,,,,,,,,,,200.03829000000002,100.0,0.5,stalzone-database/ru/items/armor/scientist/_variants/0r4q9/5.json
0r4q9,0r4q9,6,True,КИМ-113 «Иолит»,armor/scientist,Сталкер,Научные,RANK_STALKER,PERSONAL_ON_USE,7.3,100.0,100.0,102.61793,,,,,,,,,9.0,,30.0,,,51.0,60.0,1000.0,650.0,650.0,400.0,300.0,320.0,250.0,,,,,,,,,,,,,202.61793,100.0,0.5,stalzone-database/ru/items/armor/scientist/_variants/0r4q9/6.json
0r4q9,0r4q9,7,True,КИМ-113 «Иолит»,armor/scientist,Сталкер,Научные,RANK_STALKER,PERSONAL_ON_USE,7.3,100.0,100.0,105.19756,,,,,,,,,9.0,,30.0,,,51.0,60.0,1000.0,650.0,650.0,400.0,300.0,320.0,250.0,,,,,,,,,,,,,205.19756,100.0,0.5,stalzone-database/ru/items/armor/scientist/_variants/0r4q9/7.json
0r4q9,0r4q9,8,True,КИМ-113 «Иолит»,armor/scientist,Сталкер,Научные,RANK_STALKER,PERSONAL_ON_USE,7.3,100.0,100.0,107.7772,,,,,,,,,9.0,,30.0,,,51.0,60.0,1000.0,650.0,650.0,400.0,300.0,320.0,250.0,,,,,,,,,,,,,207.77720000000002,100.0,0.5,stalzone-database/ru/items/armor/scientist/_variants/0r4q9/8.json
0r4q9,0r4q9,9,True,КИМ-113 «Иолит»,armor/scientist,Сталкер,Научные,RANK_STALKER,PERSONAL_ON_USE,7.3,100.0,100.0,110.35682,,,,,,,,,9.0,,30.0,,,51.0,60.0,1000.0,650.0,650.0,400.0,300.0,320.0,250.0,,,,,,,,,,,,,210.35682,100.0,0.5,stalzone-database/ru/items/armor/scientist/_variants/0r4q9/9.json
0r4q9,0r4q9,10,True,КИМ-113 «Иолит»,armor/scientist,Сталкер,Научные,RANK_STALKER,PERSONAL_ON_USE,7.3,100.0,100.0,117.92375,,,,,,,,,9.0,,30.0,,,51.0,60.0,1000.0,650.0,650.0,400.0,300.0,320.0,250.0,,,,,,,,,,,,,217.92375,100.0,0.5,stalzone-database/ru/items/armor/scientist/_variants/0r4q9/10.json
0r4q9,0r4q9,11,True,КИМ-113 «Иолит»,armor/scientist,Сталкер,Научные,RANK_STALKER,PERSONAL_ON_USE,7.3,100.0,100.0,121.707214,,,,,,,,,9.0,,30.0,,,51.0,60.0,1000.0,650.0,650.0,400.0,300.0,320.0,250.0,,,,,,,,,,,,,221.707214,100.0,0.5,stalzone-database/ru/items/armor/scientist/_variants/0r4q9/11.json
0r4q9,0r4q9,12,True,КИМ-113 «Иолит»,armor/scientist,Сталкер,Научные,RANK_STALKER,PERSONAL_ON_USE,7.3,100.0,100.0,125.49068,,,,,,,,,9.0,,30.0,,,51.0,60.0,1000.0,650.0,650.0,400.0,300.0,320.0,250.0,,,,,,,,,,,,,225.49068,100.0,0.5,stalzone-database/ru/items/armor/scientist/_variants/0r4q9/12.json
0r4q9,0r4q9,13,True,КИМ-113 «Иолит»,armor/scientist,Сталкер,Научные,RANK_STALKER,PERSONAL_ON_USE,7.3,100.0,100.0,129.27415,,,,,,,,,9.0,,30.0,,,51.0,60.0,1000.0,650.0,650.0,400.0,300.0,320.0,250.0,,,,,,,,,,,,,229.27415000000002,100.0,0.5,stalzone-database/ru/items/armor/scientist/_variants/0r4q9/13.json
0r4q9,0r4q9,14,True,КИМ-113 «Иолит»,armor/scientist,Сталкер,Научные,RANK_STALKER,PERSONAL_ON_USE,7.3,100.0,100.0,133.0576,,,,,,,,,9.0,,30.0,,,51.0,60.0,1000.0,650.0,650.0,400.0,300.0,320.0,250.0,,,,,,,,,,,,,233.0576,100.0,0.5,stalzone-database/ru/items/armor/scientist/_variants/0r4q9/14.json
0r4q9,0r4q9,15,True,КИМ-113 «Иолит»,armor/scientist,Сталкер,Научные,RANK_STALKER,PERSONAL_ON_USE,7.3,100.0,100.0,144.408,,,,,,,,,9.0,,30.0,,,51.0,60.0,1000.0,650.0,650.0,400.0,300.0,320.0,250.0,,,,,,,,,,,,,244.408,100.0,0.5,stalzone-database/ru/items/armor/scientist/_variants/0r4q9/15.json
0rn6r,0rn6r,0,False,Штурмовой ПНВ,armor/device,Сталкер,Устройства,RANK_STALKER,PERSONAL_ON_USE,1.25,,,,,,,,,,,,,,,,,,,,,,,,,,,,,,,,,,,,,,100.0,100.0,0.5,stalzone-database/ru/items/armor/device/0rn6r.json
0rn7d,0rn7d,0,False,Бронекостюм «Авангард»,armor/combat,Мастер,Боевые,RANK_MASTER,PERSONAL_ON_USE,30.0,100.0,100.0,236.0,,-2.0,,20.0,,,,,35.0,,65.0,,,281.0,175.0,50.0,50.0,50.0,200.0,100.0,200.0,200.0,,10.0,,,,,,,,,,,336.0,98.0,0.5,stalzone-database/ru/items/armor/combat/0rn7d.json
0rn7d,0rn7d,1,True,Бронекостюм «Авангард»,armor/combat,Мастер,Боевые,RANK_MASTER,PERSONAL_ON_USE,30.0,100.0,100.0,239.07951,,-2.0,,20.0,,,,,35.0,,65.0,,,281.0,175.0,50.0,50.0,50.0,200.0,100.0,200.0,200.0,,10.0,,,,,,,,,,,339.07951,98.0,0.5,stalzone-database/ru/items/armor/combat/_variants/0rn7d/1.json
0rn7d,0rn7d,2,True,Бронекостюм «Авангард»,armor/combat,Мастер,Боевые,RANK_MASTER,PERSONAL_ON_USE,30.0,100.0,100.0,242.15901,,-2.0,,20.0,,,,,35.0,,65.0,,,281.0,175.0,50.0,50.0,50.0,200.0,100.0,200.0,200.0,,10.0,,,,,,,,,,,342.15900999999997,98.0,0.5,stalzone-database/ru/items/armor/combat/_variants/0rn7d/2.json
0rn7d,0rn7d,3,True,Бронекостюм «Авангард»,armor/combat,Мастер,Боевые,RANK_MASTER,PERSONAL_ON_USE,30.0,100.0,100.0,245.23853,,-2.0,,20.0,,,,,35.0,,65.0,,,281.0,175.0,50.0,50.0,50.0,200.0,100.0,200.0,200.0,,10.0,,,,,,,,,,,345.23852999999997,98.0,0.5,stalzone-database/ru/items/armor/combat/_variants/0rn7d/3.json
0rn7d,0rn7d,4,True,Бронекостюм «Авангард»,armor/combat,Мастер,Боевые,RANK_MASTER,PERSONAL_ON_USE,30.0,100.0,100.0,248.31804,,-2.0,,20.0,,,,,35.0,,65.0,,,281.0,175.0,50.0,50.0,50.0,200.0,100.0,200.0,200.0,,10.0,,,,,,,,,,,348.31803999999994,98.0,0.5,stalzone-database/ru/items/armor/combat/_variants/0rn7d/4.json
0rn7d,0rn7d,5,True,Бронекостюм «Авангард»,armor/combat,Мастер,Боевые,RANK_MASTER,PERSONAL_ON_USE,30.0,100.0,100.0,257.55658,,-2.0,,20.0,,,,,35.0,,65.0,,,281.0,175.0,50.0,50.0,50.0,200.0,100.0,200.0,200.0,,10.0,,,,,,,,,,,357.55658000000005,98.0,0.5,stalzone-database/ru/items/armor/combat/_variants/0rn7d/5.json
0rn7d,0rn7d,6,True,Бронекостюм «Авангард»,armor/combat,Мастер,Боевые,RANK_MASTER,PERSONAL_ON_USE,30.0,100.0,100.0,262.17584,,-2.0,,20.0,,,,,35.0,,65.0,,,281.0,175.0,50.0,50.0,50.0,200.0,100.0,200.0,200.0,,10.0,,,,,,,,,,,362.17584000000005,98.0,0.5,stalzone-database/ru/items/armor/combat/_variants/0rn7d/6.json
0rn7d,0rn7d,7,True,Бронекостюм «Авангард»,armor/combat,Мастер,Боевые,RANK_MASTER,PERSONAL_ON_USE,30.0,100.0,100.0,266.79514,,-2.0,,20.0,,,,,35.0,,65.0,,,281.0,175.0,50.0,50.0,50.0,200.0,100.0,200.0,200.0,,10.0,,,,,,,,,,,366.79514,98.0,0.5,stalzone-database/ru/items/armor/combat/_variants/0rn7d/7.json
0rn7d,0rn7d,8,True,Бронекостюм «Авангард»,armor/combat,Мастер,Боевые,RANK_MASTER,PERSONAL_ON_USE,30.0,100.0,100.0,271.41437,,-2.0,,20.0,,,,,35.0,,65.0,,,281.0,175.0,50.0,50.0,50.0,200.0,100.0,200.0,200.0,,10.0,,,,,,,,,,,371.4143700000001,98.0,0.5,stalzone-database/ru/items/armor/combat/_variants/0rn7d/8.json
0rn7d,0rn7d,9,True,Бронекостюм «Авангард»,armor/combat,Мастер,Боевые,RANK_MASTER,PERSONAL_ON_USE,30.0,100.0,100.0,276.03366,,-2.0,,20.0,,,,,35.0,,65.0,,,281.0,175.0,50.0,50.0,50.0,200.0,100.0,200.0,200.0,,10.0,,,,,,,,,,,376.03366,98.0,0.5,stalzone-database/ru/items/armor/combat/_variants/0rn7d/9.json
0rn7d,0rn7d,10,True,Бронекостюм «Авангард»,armor/combat,Мастер,Боевые,RANK_MASTER,PERSONAL_ON_USE,30.0,100.0,100.0,289.5835,,-2.0,,20.0,,,,,35.0,,65.0,,,281.0,175.0,50.0,50.0,50.0,200.0,100.0,200.0,200.0,,10.0,,,,,,,,,,,389.58349999999996,98.0,0.5,stalzone-database/ru/items/armor/combat/_variants/0rn7d/10.json
0rn7d,0rn7d,11,True,Бронекостюм «Авангард»,armor/combat,Мастер,Боевые,RANK_MASTER,PERSONAL_ON_USE,30.0,100.0,100.0,296.35846,,-2.0,,20.0,,,,,35.0,,65.0,,,281.0,175.0,50.0,50.0,50.0,200.0,100.0,200.0,200.0,,10.0,,,,,,,,,,,396.35846,98.0,0.5,stalzone-database/ru/items/armor/combat/_variants/0rn7d/11.json
0rn7d,0rn7d,12,True,Бронекостюм «Авангард»,armor/combat,Мастер,Боевые,RANK_MASTER,PERSONAL_ON_USE,30.0,100.0,100.0,303.13336,,-2.0,,20.0,,,,,35.0,,65.0,,,281.0,175.0,50.0,50.0,50.0,200.0,100.0,200.0,200.0,,10.0,,,,,,,,,,,403.13336,98.0,0.5,stalzone-database/ru/items/armor/combat/_variants/0rn7d/12.json
0rn7d,0rn7d,13,True,Бронекостюм «Авангард»,armor/combat,Мастер,Боевые,RANK_MASTER,PERSONAL_ON_USE,30.0,100.0,100.0,309.90826,,-2.0,,20.0,,,,,35.0,,65.0,,,281.0,175.0,50.0,50.0,50.0,200.0,100.0,200.0,200.0,,10.0,,,,,,,,,,,409.90826,98.0,0.5,stalzone-database/ru/items/armor/combat/_variants/0rn7d/13.json
0rn7d,0rn7d,14,True,Бронекостюм «Авангард»,armor/combat,Мастер,Боевые,RANK_MASTER,PERSONAL_ON_USE,30.0,100.0,100.0,316.68323,,-2.0,,20.0,,,,,35.0,,65.0,,,281.0,175.0,50.0,50.0,50.0,200.0,100.0,200.0,200.0,,10.0,,,,,,,,,,,416.68323,98.0,0.5,stalzone-database/ru/items/armor/combat/_variants/0rn7d/14.json
0rn7d,0rn7d,15,True,Бронекостюм «Авангард»,armor/combat,Мастер,Боевые,RANK_MASTER,PERSONAL_ON_USE,30.0,100.0,100.0,337.008,,-2.0,,20.0,,,,,35.0,,65.0,,,281.0,175.0,50.0,50.0,50.0,200.0,100.0,200.0,200.0,,10.0,,,,,,,,,,,437.008,98.0,0.5,stalzone-database/ru/items/armor/combat/_variants/0rn7d/15.json
0rnw1,0rnw1,0,False,КИМ-102 «Циркон»,armor/scientist,Сталкер,Научные,RANK_STALKER,PERSONAL_ON_USE,6.0,100.0,100.0,75.0,,,,,,,3.0,,6.0,-0.5,30.0,,,40.0,49.0,650.0,650.0,650.0,320.0,300.0,320.0,250.0,,,,,,,,,,,,,175.0,100.0,3.5,stalzone-database/ru/items/armor/scientist/0rnw1.json
0rnw1,0rnw1,1,True,КИМ-102 «Циркон»,armor/scientist,Сталкер,Научные,RANK_STALKER,PERSONAL_ON_USE,6.0,100.0,100.0,76.55488,,,,,,,3.0,,6.0,-0.5,30.0,,,40.0,49.0,650.0,650.0,650.0,320.0,300.0,320.0,250.0,,,,,,,,,,,,,176.55488000000003,100.0,3.5,stalzone-database/ru/items/armor/scientist/_variants/0rnw1/1.json
0rnw1,0rnw1,2,True,КИМ-102 «Циркон»,armor/scientist,Сталкер,Научные,RANK_STALKER,PERSONAL_ON_USE,6.0,100.0,100.0,78.10976,,,,,,,3.0,,6.0,-0.5,30.0,,,40.0,49.0,650.0,650.0,650.0,320.0,300.0,320.0,250.0,,,,,,,,,,,,,178.10976,100.0,3.5,stalzone-database/ru/items/armor/scientist/_variants/0rnw1/2.json
0rnw1,0rnw1,3,True,КИМ-102 «Циркон»,armor/scientist,Сталкер,Научные,RANK_STALKER,PERSONAL_ON_USE,6.0,100.0,100.0,79.66463,,,,,,,3.0,,6.0,-0.5,30.0,,,40.0,49.0,650.0,650.0,650.0,320.0,300.0,320.0,250.0,,,,,,,,,,,,,179.66463,100.0,3.5,stalzone-database/ru/items/armor/scientist/_variants/0rnw1/3.json
0rnw1,0rnw1,4,True,КИМ-102 «Циркон»,armor/scientist,Сталкер,Научные,RANK_STALKER,PERSONAL_ON_USE,6.0,100.0,100.0,81.21951,,,,,,,3.0,,6.0,-0.5,30.0,,,40.0,49.0,650.0,650.0,650.0,320.0,300.0,320.0,250.0,,,,,,,,,,,,,181.21951,100.0,3.5,stalzone-database/ru/items/armor/scientist/_variants/0rnw1/4.json
0rnw1,0rnw1,5,True,КИМ-102 «Циркон»,armor/scientist,Сталкер,Научные,RANK_STALKER,PERSONAL_ON_USE,6.0,100.0,100.0,85.88415,,,,,,,3.0,,6.0,-0.5,30.0,,,40.0,49.0,650.0,650.0,650.0,320.0,300.0,320.0,250.0,,,,,,,,,,,,,185.88415,100.0,3.5,stalzone-database/ru/items/armor/scientist/_variants/0rnw1/5.json
0rnw1,0rnw1,6,True,КИМ-102 «Циркон»,armor/scientist,Сталкер,Научные,RANK_STALKER,PERSONAL_ON_USE,6.0,100.0,100.0,88.21646,,,,,,,3.0,,6.0,-0.5,30.0,,,40.0,49.0,650.0,650.0,650.0,320.0,300.0,320.0,250.0,,,,,,,,,,,,,188.21645999999998,100.0,3.5,stalzone-database/ru/items/armor/scientist/_variants/0rnw1/6.json
0rnw1,0rnw1,7,True,КИМ-102 «Циркон»,armor/scientist,Сталкер,Научные,RANK_STALKER,PERSONAL_ON_USE,6.0,100.0,100.0,90.54878,,,,,,,3.0,,6.0,-0.5,30.0,,,40.0,49.0,650.0,650.0,650.0,320.0,300.0,320.0,250.0,,,,,,,,,,,,,190.54878,100.0,3.5,stalzone-database/ru/items/armor/scientist/_variants/0rnw1/7.json
0rnw1,0rnw1,8,True,КИМ-102 «Циркон»,armor/scientist,Сталкер,Научные,RANK_STALKER,PERSONAL_ON_USE,6.0,100.0,100.0,92.881096,,,,,,,3.0,,6.0,-0.5,30.0,,,40.0,49.0,650.0,650.0,650.0,320.0,300.0,320.0,250.0,,,,,,,,,,,,,192.88109599999999,100.0,3.5,stalzone-database/ru/items/armor/scientist/_variants/0rnw1/8.json
0rnw1,0rnw1,9,True,КИМ-102 «Циркон»,armor/scientist,Сталкер,Научные,RANK_STALKER,PERSONAL_ON_USE,6.0,100.0,100.0,95.21341,,,,,,,3.0,,6.0,-0.5,30.0,,,40.0,49.0,650.0,650.0,650.0,320.0,300.0,320.0,250.0,,,,,,,,,,,,,195.21341,100.0,3.5,stalzone-database/ru/items/armor/scientist/_variants/0rnw1/9.json
0rnw1,0rnw1,10,True,КИМ-102 «Циркон»,armor/scientist,Сталкер,Научные,RANK_STALKER,PERSONAL_ON_USE,6.0,100.0,100.0,102.05487,,,,,,,3.0,,6.0,-0.5,30.0,,,40.0,49.0,650.0,650.0,650.0,320.0,300.0,320.0,250.0,,,,,,,,,,,,,202.05487000000002,100.0,3.5,stalzone-database/ru/items/armor/scientist/_variants/0rnw1/10.json
0rnw1,0rnw1,11,True,КИМ-102 «Циркон»,armor/scientist,Сталкер,Научные,RANK_STALKER,PERSONAL_ON_USE,6.0,100.0,100.0,105.47561,,,,,,,3.0,,6.0,-0.5,30.0,,,40.0,49.0,650.0,650.0,650.0,320.0,300.0,320.0,250.0,,,,,,,,,,,,,205.47561000000002,100.0,3.5,stalzone-database/ru/items/armor/scientist/_variants/0rnw1/11.json
0rnw1,0rnw1,12,True,КИМ-102 «Циркон»,armor/scientist,Сталкер,Научные,RANK_STALKER,PERSONAL_ON_USE,6.0,100.0,100.0,108.89634,,,,,,,3.0,,6.0,-0.5,30.0,,,40.0,49.0,650.0,650.0,650.0,320.0,300.0,320.0,250.0,,,,,,,,,,,,,208.89634,100.0,3.5,stalzone-database/ru/items/armor/scientist/_variants/0rnw1/12.json
0rnw1,0rnw1,13,True,КИМ-102 «Циркон»,armor/scientist,Сталкер,Научные,RANK_STALKER,PERSONAL_ON_USE,6.0,100.0,100.0,112.31707,,,,,,,3.0,,6.0,-0.5,30.0,,,40.0,49.0,650.0,650.0,650.0,320.0,300.0,320.0,250.0,,,,,,,,,,,,,212.31706999999997,100.0,3.5,stalzone-database/ru/items/armor/scientist/_variants/0rnw1/13.json
0rnw1,0rnw1,14,True,КИМ-102 «Циркон»,armor/scientist,Сталкер,Научные,RANK_STALKER,PERSONAL_ON_USE,6.0,100.0,100.0,115.7378,,,,,,,3.0,,6.0,-0.5,30.0,,,40.0,49.0,650.0,650.0,650.0,320.0,300.0,320.0,250.0,,,,,,,,,,,,,215.7378,100.0,3.5,stalzone-database/ru/items/armor/scientist/_variants/0rnw1/14.json
0rnw1,0rnw1,15,True,КИМ-102 «Циркон»,armor/scientist,Сталкер,Научные,RANK_STALKER,PERSONAL_ON_USE,6.0,100.0,100.0,126.00001,,,,,,,3.0,,6.0,-0.5,30.0,,,40.0,49.0,650.0,650.0,650.0,320.0,300.0,320.0,250.0,,,,,,,,,,,,,226.00001,100.0,3.5,stalzone-database/ru/items/armor/scientist/_variants/0rnw1/15.json
1rk32,1rk32,0,False,Бронекостюм «Кварц»,armor/combat,Сталкер,Боевые,RANK_STALKER,PERSONAL_ON_USE,9.0,100.0,100.0,109.0,,,,,,,,,9.0,,50.0,,,99.0,110.0,20.0,20.0,20.0,100.0,0.0,100.0,0.0,50.0,,,,,,,,,,,,209.0,100.0,0.5,stalzone-database/ru/items/armor/combat/1rk32.json
1rk32,1rk32,1,True,Бронекостюм «Кварц»,armor/combat,Сталкер,Боевые,RANK_STALKER,PERSONAL_ON_USE,9.0,100.0,100.0,110.91415,,,,,,,,,9.0,,50.0,,,99.0,110.0,20.0,20.0,20.0,100.0,0.0,100.0,0.0,50.0,,,,,,,,,,,,210.91415,100.0,0.5,stalzone-database/ru/items/armor/combat/_variants/1rk32/1.json
1rk32,1rk32,2,True,Бронекостюм «Кварц»,armor/combat,Сталкер,Боевые,RANK_STALKER,PERSONAL_ON_USE,9.0,100.0,100.0,112.82829,,,,,,,,,9.0,,50.0,,,99.0,110.0,20.0,20.0,20.0,100.0,0.0,100.0,0.0,50.0,,,,,,,,,,,,212.82828999999998,100.0,0.5,stalzone-database/ru/items/armor/combat/_variants/1rk32/2.json
1rk32,1rk32,3,True,Бронекостюм «Кварц»,armor/combat,Сталкер,Боевые,RANK_STALKER,PERSONAL_ON_USE,9.0,100.0,100.0,114.74243,,,,,,,,,9.0,,50.0,,,99.0,110.0,20.0,20.0,20.0,100.0,0.0,100.0,0.0,50.0,,,,,,,,,,,,214.74243,100.0,0.5,stalzone-database/ru/items/armor/combat/_variants/1rk32/3.json
1rk32,1rk32,4,True,Бронекостюм «Кварц»,armor/combat,Сталкер,Боевые,RANK_STALKER,PERSONAL_ON_USE,9.0,100.0,100.0,116.65658,,,,,,,,,9.0,,50.0,,,99.0,110.0,20.0,20.0,20.0,100.0,0.0,100.0,0.0,50.0,,,,,,,,,,,,216.65658000000002,100.0,0.5,stalzone-database/ru/items/armor/combat/_variants/1rk32/4.json
1rk32,1rk32,5,True,Бронекостюм «Кварц»,armor/combat,Сталкер,Боевые,RANK_STALKER,PERSONAL_ON_USE,9.0,100.0,100.0,122.399025,,,,,,,,,9.0,,50.0,,,99.0,110.0,20.0,20.0,20.0,100.0,0.0,100.0,0.0,50.0,,,,,,,,,,,,222.399025,100.0,0.5,stalzone-database/ru/items/armor/combat/_variants/1rk32/5.json
1rk32,1rk32,6,True,Бронекостюм «Кварц»,armor/combat,Сталкер,Боевые,RANK_STALKER,PERSONAL_ON_USE,9.0,100.0,100.0,125.27024,,,,,,,,,9.0,,50.0,,,99.0,110.0,20.0,20.0,20.0,100.0,0.0,100.0,0.0,50.0,,,,,,,,,,,,225.27024,100.0,0.5,stalzone-database/ru/items/armor/combat/_variants/1rk32/6.json
1rk32,1rk32,7,True,Бронекостюм «Кварц»,armor/combat,Сталкер,Боевые,RANK_STALKER,PERSONAL_ON_USE,9.0,100.0,100.0,128.14146,,,,,,,,,9.0,,50.0,,,99.0,110.0,20.0,20.0,20.0,100.0,0.0,100.0,0.0,50.0,,,,,,,,,,,,228.14146,100.0,0.5,stalzone-database/ru/items/armor/combat/_variants/1rk32/7.json
1rk32,1rk32,8,True,Бронекостюм «Кварц»,armor/combat,Сталкер,Боевые,RANK_STALKER,PERSONAL_ON_USE,9.0,100.0,100.0,131.0127,,,,,,,,,9.0,,50.0,,,99.0,110.0,20.0,20.0,20.0,100.0,0.0,100.0,0.0,50.0,,,,,,,,,,,,231.0127,100.0,0.5,stalzone-database/ru/items/armor/combat/_variants/1rk32/8.json
1rk32,1rk32,9,True,Бронекостюм «Кварц»,armor/combat,Сталкер,Боевые,RANK_STALKER,PERSONAL_ON_USE,9.0,100.0,100.0,133.88391,,,,,,,,,9.0,,50.0,,,99.0,110.0,20.0,20.0,20.0,100.0,0.0,100.0,0.0,50.0,,,,,,,,,,,,233.88391,100.0,0.5,stalzone-database/ru/items/armor/combat/_variants/1rk32/9.json
1rk32,1rk32,10,True,Бронекостюм «Кварц»,armor/combat,Сталкер,Боевые,RANK_STALKER,PERSONAL_ON_USE,9.0,100.0,100.0,142.30614,,,,,,,,,9.0,,50.0,,,99.0,110.0,20.0,20.0,20.0,100.0,0.0,100.0,0.0,50.0,,,,,,,,,,,,242.30614000000003,100.0,0.5,stalzone-database/ru/items/armor/combat/_variants/1rk32/10.json
1rk32,1rk32,11,True,Бронекостюм «Кварц»,armor/combat,Сталкер,Боевые,RANK_STALKER,PERSONAL_ON_USE,9.0,100.0,100.0,146.51727,,,,,,,,,9.0,,50.0,,,99.0,110.0,20.0,20.0,20.0,100.0,0.0,100.0,0.0,50.0,,,,,,,,,,,,246.51727,100.0,0.5,stalzone-database/ru/items/armor/combat/_variants/1rk32/11.json
1rk32,1rk32,12,True,Бронекостюм «Кварц»,armor/combat,Сталкер,Боевые,RANK_STALKER,PERSONAL_ON_USE,9.0,100.0,100.0,150.72838,,,,,,,,,9.0,,50.0,,,99.0,110.0,20.0,20.0,20.0,100.0,0.0,100.0,0.0,50.0,,,,,,,,,,,,250.72838,100.0,0.5,stalzone-database/ru/items/armor/combat/_variants/1rk32/12.json
1rk32,1rk32,13,True,Бронекостюм «Кварц»,armor/combat,Сталкер,Боевые,RANK_STALKER,PERSONAL_ON_USE,9.0,100.0,100.0,154.93951,,,,,,,,,9.0,,50.0,,,99.0,110.0,20.0,20.0,20.0,100.0,0.0,100.0,0.0,50.0,,,,,,,,,,,,254.93951,100.0,0.5,stalzone-database/ru/items/armor/combat/_variants/1rk32/13.json
1rk32,1rk32,14,True,Бронекостюм «Кварц»,armor/combat,Сталкер,Боевые,RANK_STALKER,PERSONAL_ON_USE,9.0,100.0,100.0,159.15063,,,,,,,,,9.0,,50.0,,,99.0,110.0,20.0,20.0,20.0,100.0,0.0,100.0,0.0,50.0,,,,,,,,,,,,259.15063,100.0,0.5,stalzone-database/ru/items/armor/combat/_variants/1rk32/14.json
1rk32,1rk32,15,True,Бронекостюм «Кварц»,armor/combat,Сталкер,Боевые,RANK_STALKER,PERSONAL_ON_USE,9.0,100.0,100.0,171.784,,,,,,,,,9.0,,50.0,,,99.0,110.0,20.0,20.0,20.0,100.0,0.0,100.0,0.0,50.0,,,,,,,,,,,,271.784,100.0,0.5,stalzone-database/ru/items/armor/combat/_variants/1rk32/15.json
1rk7g,1rk7g,0,False,ЗК-1 «Отмычка»,armor/combined,Отмычка,Комбинированные,DEFAULT,PERSONAL_ON_USE,4.0,100.0,100.0,29.0,,,,,,,,,4.0,,30.0,,,37.0,20.0,25.0,25.0,25.0,50.0,30.0,50.0,0.0,,,,,,,,,,,,,129.0,100.0,0.5,stalzone-database/ru/items/armor/combined/1rk7g.json
1rk7g,1rk7g,1,True,ЗК-1 «Отмычка»,armor/combined,Отмычка,Комбинированные,DEFAULT,PERSONAL_ON_USE,4.0,100.0,100.0,30.180336,,,,,,,,,4.0,,30.0,,,37.0,20.0,25.0,25.0,25.0,50.0,30.0,50.0,0.0,,,,,,,,,,,,,130.180336,100.0,0.5,stalzone-database/ru/items/armor/combined/_variants/1rk7g/1.json
1rk7g,1rk7g,2,True,ЗК-1 «Отмычка»,armor/combined,Отмычка,Комбинированные,DEFAULT,PERSONAL_ON_USE,4.0,100.0,100.0,31.36067,,,,,,,,,4.0,,30.0,,,37.0,20.0,25.0,25.0,25.0,50.0,30.0,50.0,0.0,,,,,,,,,,,,,131.36067,100.0,0.5,stalzone-database/ru/items/armor/combined/_variants/1rk7g/2.json
1rk7g,1rk7g,3,True,ЗК-1 «Отмычка»,armor/combined,Отмычка,Комбинированные,DEFAULT,PERSONAL_ON_USE,4.0,100.0,100.0,32.541008,,,,,,,,,4.0,,30.0,,,37.0,20.0,25.0,25.0,25.0,50.0,30.0,50.0,0.0,,,,,,,,,,,,,132.541008,100.0,0.5,stalzone-database/ru/items/armor/combined/_variants/1rk7g/3.json
1rk7g,1rk7g,4,True,ЗК-1 «Отмычка»,armor/combined,Отмычка,Комбинированные,DEFAULT,PERSONAL_ON_USE,4.0,100.0,100.0,33.72134,,,,,,,,,4.0,,30.0,,,37.0,20.0,25.0,25.0,25.0,50.0,30.0,50.0,0.0,,,,,,,,,,,,,133.72134,100.0,0.5,stalzone-database/ru/items/armor/combined/_variants/1rk7g/4.json
1rk7g,1rk7g,5,True,ЗК-1 «Отмычка»,armor/combined,Отмычка,Комбинированные,DEFAULT,PERSONAL_ON_USE,4.0,100.0,100.0,37.26235,,,,,,,,,4.0,,30.0,,,37.0,20.0,25.0,25.0,25.0,50.0,30.0,50.0,0.0,,,,,,,,,,,,,137.26235,100.0,0.5,stalzone-database/ru/items/armor/combined/_variants/1rk7g/5.json
1rk7g,1rk7g,6,True,ЗК-1 «Отмычка»,armor/combined,Отмычка,Комбинированные,DEFAULT,PERSONAL_ON_USE,4.0,100.0,100.0,39.032852,,,,,,,,,4.0,,30.0,,,37.0,20.0,25.0,25.0,25.0,50.0,30.0,50.0,0.0,,,,,,,,,,,,,139.032852,100.0,0.5,stalzone-database/ru/items/armor/combined/_variants/1rk7g/6.json
1rk7g,1rk7g,7,True,ЗК-1 «Отмычка»,armor/combined,Отмычка,Комбинированные,DEFAULT,PERSONAL_ON_USE,4.0,100.0,100.0,40.803356,,,,,,,,,4.0,,30.0,,,37.0,20.0,25.0,25.0,25.0,50.0,30.0,50.0,0.0,,,,,,,,,,,,,140.803356,100.0,0.5,stalzone-database/ru/items/armor/combined/_variants/1rk7g/7.json
1rk7g,1rk7g,8,True,ЗК-1 «Отмычка»,armor/combined,Отмычка,Комбинированные,DEFAULT,PERSONAL_ON_USE,4.0,100.0,100.0,42.573856,,,,,,,,,4.0,,30.0,,,37.0,20.0,25.0,25.0,25.0,50.0,30.0,50.0,0.0,,,,,,,,,,,,,142.573856,100.0,0.5,stalzone-database/ru/items/armor/combined/_variants/1rk7g/8.json
1rk7g,1rk7g,9,True,ЗК-1 «Отмычка»,armor/combined,Отмычка,Комбинированные,DEFAULT,PERSONAL_ON_USE,4.0,100.0,100.0,44.344357,,,,,,,,,4.0,,30.0,,,37.0,20.0,25.0,25.0,25.0,50.0,30.0,50.0,0.0,,,,,,,,,,,,,144.344357,100.0,0.5,stalzone-database/ru/items/armor/combined/_variants/1rk7g/9.json
1rk7g,1rk7g,10,True,ЗК-1 «Отмычка»,armor/combined,Отмычка,Комбинированные,DEFAULT,PERSONAL_ON_USE,4.0,100.0,100.0,49.53783,,,,,,,,,4.0,,30.0,,,37.0,20.0,25.0,25.0,25.0,50.0,30.0,50.0,0.0,,,,,,,,,,,,,149.53782999999999,100.0,0.5,stalzone-database/ru/items/armor/combined/_variants/1rk7g/10.json
1rk7g,1rk7g,11,True,ЗК-1 «Отмычка»,armor/combined,Отмычка,Комбинированные,DEFAULT,PERSONAL_ON_USE,4.0,100.0,100.0,52.13457,,,,,,,,,4.0,,30.0,,,37.0,20.0,25.0,25.0,25.0,50.0,30.0,50.0,0.0,,,,,,,,,,,,,152.13457,100.0,0.5,stalzone-database/ru/items/armor/combined/_variants/1rk7g/11.json
1rk7g,1rk7g,12,True,ЗК-1 «Отмычка»,armor/combined,Отмычка,Комбинированные,DEFAULT,PERSONAL_ON_USE,4.0,100.0,100.0,54.731308,,,,,,,,,4.0,,30.0,,,37.0,20.0,25.0,25.0,25.0,50.0,30.0,50.0,0.0,,,,,,,,,,,,,154.731308,100.0,0.5,stalzone-database/ru/items/armor/combined/_variants/1rk7g/12.json
1rk7g,1rk7g,13,True,ЗК-1 «Отмычка»,armor/combined,Отмычка,Комбинированные,DEFAULT,PERSONAL_ON_USE,4.0,100.0,100.0,57.32805,,,,,,,,,4.0,,30.0,,,37.0,20.0,25.0,25.0,25.0,50.0,30.0,50.0,0.0,,,,,,,,,,,,,157.32805,100.0,0.5,stalzone-database/ru/items/armor/combined/_variants/1rk7g/13.json
1rk7g,1rk7g,14,True,ЗК-1 «Отмычка»,armor/combined,Отмычка,Комбинированные,DEFAULT,PERSONAL_ON_USE,4.0,100.0,100.0,58.0,,,,,,,,,4.0,,30.0,,,37.0,20.0,25.0,25.0,25.0,50.0,30.0,50.0,0.0,,,,,,,,,,,,,158.0,100.0,0.5,stalzone-database/ru/items/armor/combined/_variants/1rk7g/14.json
1rk7g,1rk7g,15,True,ЗК-1 «Отмычка»,armor/combined,Отмычка,Комбинированные,DEFAULT,PERSONAL_ON_USE,4.0,100.0,100.0,58.0,,,,,,,,,4.0,,30.0,,,37.0,20.0,25.0,25.0,25.0,50.0,30.0,50.0,0.0,,,,,,,,,,,,,158.0,100.0,0.5,stalzone-database/ru/items/armor/combined/_variants/1rk7g/15.json
1rkn1,1rkn1,0,False,Комбинезон «Магнит»,armor/scientist,Ветеран,Научные,RANK_VETERAN,PERSONAL_ON_USE,15.0,100.0,100.0,103.0,,,,-10.0,,,2.0,,20.0,,35.0,,,60.0,60.0,375.0,375.0,375.0,320.0,300.0,320.0,280.0,,,,,,,,,,,,,203.0,100.0,2.5,stalzone-database/ru/items/armor/scientist/1rkn1.json
1rkn1,1rkn1,1,True,Комбинезон «Магнит»,armor/scientist,Ветеран,Научные,RANK_VETERAN,PERSONAL_ON_USE,15.0,100.0,100.0,104.859024,,,,-10.0,,,2.0,,20.0,,35.0,,,60.0,60.0,375.0,375.0,375.0,320.0,300.0,320.0,280.0,,,,,,,,,,,,,204.85902399999998,100.0,2.5,stalzone-database/ru/items/armor/scientist/_variants/1rkn1/1.json
1rkn1,1rkn1,2,True,Комбинезон «Магнит»,armor/scientist,Ветеран,Научные,RANK_VETERAN,PERSONAL_ON_USE,15.0,100.0,100.0,106.71805,,,,-10.0,,,2.0,,20.0,,35.0,,,60.0,60.0,375.0,375.0,375.0,320.0,300.0,320.0,280.0,,,,,,,,,,,,,206.71805,100.0,2.5,stalzone-database/ru/items/armor/scientist/_variants/1rkn1/2.json
1rkn1,1rkn1,3,True,Комбинезон «Магнит»,armor/scientist,Ветеран,Научные,RANK_VETERAN,PERSONAL_ON_USE,15.0,100.0,100.0,108.577065,,,,-10.0,,,2.0,,20.0,,35.0,,,60.0,60.0,375.0,375.0,375.0,320.0,300.0,320.0,280.0,,,,,,,,,,,,,208.577065,100.0,2.5,stalzone-database/ru/items/armor/scientist/_variants/1rkn1/3.json
1rkn1,1rkn1,4,True,Комбинезон «Магнит»,armor/scientist,Ветеран,Научные,RANK_VETERAN,PERSONAL_ON_USE,15.0,100.0,100.0,110.43609,,,,-10.0,,,2.0,,20.0,,35.0,,,60.0,60.0,375.0,375.0,375.0,320.0,300.0,320.0,280.0,,,,,,,,,,,,,210.43608999999998,100.0,2.5,stalzone-database/ru/items/armor/scientist/_variants/1rkn1/4.json
1rkn1,1rkn1,5,True,Комбинезон «Магнит»,armor/scientist,Ветеран,Научные,RANK_VETERAN,PERSONAL_ON_USE,15.0,100.0,100.0,116.01317,,,,-10.0,,,2.0,,20.0,,35.0,,,60.0,60.0,375.0,375.0,375.0,320.0,300.0,320.0,280.0,,,,,,,,,,,,,216.01317,100.0,2.5,stalzone-database/ru/items/armor/scientist/_variants/1rkn1/5.json
1rkn1,1rkn1,6,True,Комбинезон «Магнит»,armor/scientist,Ветеран,Научные,RANK_VETERAN,PERSONAL_ON_USE,15.0,100.0,100.0,118.801704,,,,-10.0,,,2.0,,20.0,,35.0,,,60.0,60.0,375.0,375.0,375.0,320.0,300.0,320.0,280.0,,,,,,,,,,,,,218.801704,100.0,2.5,stalzone-database/ru/items/armor/scientist/_variants/1rkn1/6.json
1rkn1,1rkn1,7,True,Комбинезон «Магнит»,armor/scientist,Ветеран,Научные,RANK_VETERAN,PERSONAL_ON_USE,15.0,100.0,100.0,121.59024,,,,-10.0,,,2.0,,20.0,,35.0,,,60.0,60.0,375.0,375.0,375.0,320.0,300.0,320.0,280.0,,,,,,,,,,,,,221.59023999999997,100.0,2.5,stalzone-database/ru/items/armor/scientist/_variants/1rkn1/7.json
1rkn1,1rkn1,8,True,Комбинезон «Магнит»,armor/scientist,Ветеран,Научные,RANK_VETERAN,PERSONAL_ON_USE,15.0,100.0,100.0,124.378784,,,,-10.0,,,2.0,,20.0,,35.0,,,60.0,60.0,375.0,375.0,375.0,320.0,300.0,320.0,280.0,,,,,,,,,,,,,224.37878400000002,100.0,2.5,stalzone-database/ru/items/armor/scientist/_variants/1rkn1/8.json
1rkn1,1rkn1,9,True,Комбинезон «Магнит»,armor/scientist,Ветеран,Научные,RANK_VETERAN,PERSONAL_ON_USE,15.0,100.0,100.0,127.16732,,,,-10.0,,,2.0,,20.0,,35.0,,,60.0,60.0,375.0,375.0,375.0,320.0,300.0,320.0,280.0,,,,,,,,,,,,,227.16732000000005,100.0,2.5,stalzone-database/ru/items/armor/scientist/_variants/1rkn1/9.json
1rkn1,1rkn1,10,True,Комбинезон «Магнит»,armor/scientist,Ветеран,Научные,RANK_VETERAN,PERSONAL_ON_USE,15.0,100.0,100.0,135.34702,,,,-10.0,,,2.0,,20.0,,35.0,,,60.0,60.0,375.0,375.0,375.0,320.0,300.0,320.0,280.0,,,,,,,,,,,,,235.34702,100.0,2.5,stalzone-database/ru/items/armor/scientist/_variants/1rkn1/10.json
1rkn1,1rkn1,11,True,Комбинезон «Магнит»,armor/scientist,Ветеран,Научные,RANK_VETERAN,PERSONAL_ON_USE,15.0,100.0,100.0,139.43687,,,,-10.0,,,2.0,,20.0,,35.0,,,60.0,60.0,375.0,375.0,375.0,320.0,300.0,320.0,280.0,,,,,,,,,,,,,239.43686999999997,100.0,2.5,stalzone-database/ru/items/armor/scientist/_variants/1rkn1/11.json
1rkn1,1rkn1,12,True,Комбинезон «Магнит»,armor/scientist,Ветеран,Научные,RANK_VETERAN,PERSONAL_ON_USE,15.0,100.0,100.0,143.52673,,,,-10.0,,,2.0,,20.0,,35.0,,,60.0,60.0,375.0,375.0,375.0,320.0,300.0,320.0,280.0,,,,,,,,,,,,,243.52673,100.0,2.5,stalzone-database/ru/items/armor/scientist/_variants/1rkn1/12.json
1rkn1,1rkn1,13,True,Комбинезон «Магнит»,armor/scientist,Ветеран,Научные,RANK_VETERAN,PERSONAL_ON_USE,15.0,100.0,100.0,147.6166,,,,-10.0,,,2.0,,20.0,,35.0,,,60.0,60.0,375.0,375.0,375.0,320.0,300.0,320.0,280.0,,,,,,,,,,,,,247.6166,100.0,2.5,stalzone-database/ru/items/armor/scientist/_variants/1rkn1/13.json
1rkn1,1rkn1,14,True,Комбинезон «Магнит»,armor/scientist,Ветеран,Научные,RANK_VETERAN,PERSONAL_ON_USE,15.0,100.0,100.0,151.70645,,,,-10.0,,,2.0,,20.0,,35.0,,,60.0,60.0,375.0,375.0,375.0,320.0,300.0,320.0,280.0,,,,,,,,,,,,,251.70645000000002,100.0,2.5,stalzone-database/ru/items/armor/scientist/_variants/1rkn1/14.json
1rkn1,1rkn1,15,True,Комбинезон «Магнит»,armor/scientist,Ветеран,Научные,RANK_VETERAN,PERSONAL_ON_USE,15.0,100.0,100.0,163.976,,,,-10.0,,,2.0,,20.0,,35.0,,,60.0,60.0,375.0,375.0,375.0,320.0,300.0,320.0,280.0,,,,,,,,,,,,,263.976,100.0,2.5,stalzone-database/ru/items/armor/scientist/_variants/1rkn1/15.json
1rkz2,1rkz2,0,False,Бронекостюм «Армай»,armor/combined,Ветеран,Комбинированные,RANK_VETERAN,PERSONAL_ON_USE,9.0,100.0,100.0,175.0,,1.0,,,,,1.0,,15.0,,40.0,,,144.0,136.0,120.0,120.0,120.0,270.0,180.0,270.0,220.0,,,,,,,,,,,,,275.0,101.0,1.5,stalzone-database/ru/items/armor/combined/1rkz2.json
1rkz2,1rkz2,1,True,Бронекостюм «Армай»,armor/combined,Ветеран,Комбинированные,RANK_VETERAN,PERSONAL_ON_USE,9.0,100.0,100.0,177.57698,,1.0,,,,,1.0,,15.0,,40.0,,,144.0,136.0,120.0,120.0,120.0,270.0,180.0,270.0,220.0,,,,,,,,,,,,,277.57698,101.0,1.5,stalzone-database/ru/items/armor/combined/_variants/1rkz2/1.json
1rkz2,1rkz2,2,True,Бронекостюм «Армай»,armor/combined,Ветеран,Комбинированные,RANK_VETERAN,PERSONAL_ON_USE,9.0,100.0,100.0,180.15398,,1.0,,,,,1.0,,15.0,,40.0,,,144.0,136.0,120.0,120.0,120.0,270.0,180.0,270.0,220.0,,,,,,,,,,,,,280.15398,101.0,1.5,stalzone-database/ru/items/armor/combined/_variants/1rkz2/2.json
1rkz2,1rkz2,3,True,Бронекостюм «Армай»,armor/combined,Ветеран,Комбинированные,RANK_VETERAN,PERSONAL_ON_USE,9.0,100.0,100.0,182.73094,,1.0,,,,,1.0,,15.0,,40.0,,,144.0,136.0,120.0,120.0,120.0,270.0,180.0,270.0,220.0,,,,,,,,,,,,,282.73094000000003,101.0,1.5,stalzone-database/ru/items/armor/combined/_variants/1rkz2/3.json
1rkz2,1rkz2,4,True,Бронекостюм «Армай»,armor/combined,Ветеран,Комбинированные,RANK_VETERAN,PERSONAL_ON_USE,9.0,100.0,100.0,185.30792,,1.0,,,,,1.0,,15.0,,40.0,,,144.0,136.0,120.0,120.0,120.0,270.0,180.0,270.0,220.0,,,,,,,,,,,,,285.30791999999997,101.0,1.5,stalzone-database/ru/items/armor/combined/_variants/1rkz2/4.json
1rkz2,1rkz2,5,True,Бронекостюм «Армай»,armor/combined,Ветеран,Комбинированные,RANK_VETERAN,PERSONAL_ON_USE,9.0,100.0,100.0,193.03886,,1.0,,,,,1.0,,15.0,,40.0,,,144.0,136.0,120.0,120.0,120.0,270.0,180.0,270.0,220.0,,,,,,,,,,,,,293.03886,101.0,1.5,stalzone-database/ru/items/armor/combined/_variants/1rkz2/5.json
1rkz2,1rkz2,6,True,Бронекостюм «Армай»,armor/combined,Ветеран,Комбинированные,RANK_VETERAN,PERSONAL_ON_USE,9.0,100.0,100.0,196.90433,,1.0,,,,,1.0,,15.0,,40.0,,,144.0,136.0,120.0,120.0,120.0,270.0,180.0,270.0,220.0,,,,,,,,,,,,,296.90432999999996,101.0,1.5,stalzone-database/ru/items/armor/combined/_variants/1rkz2/6.json
1rkz2,1rkz2,7,True,Бронекостюм «Армай»,armor/combined,Ветеран,Комбинированные,RANK_VETERAN,PERSONAL_ON_USE,9.0,100.0,100.0,200.76982,,1.0,,,,,1.0,,15.0,,40.0,,,144.0,136.0,120.0,120.0,120.0,270.0,180.0,270.0,220.0,,,,,,,,,,,,,300.76982,101.0,1.5,stalzone-database/ru/items/armor/combined/_variants/1rkz2/7.json
1rkz2,1rkz2,8,True,Бронекостюм «Армай»,armor/combined,Ветеран,Комбинированные,RANK_VETERAN,PERSONAL_ON_USE,9.0,100.0,100.0,204.6353,,1.0,,,,,1.0,,15.0,,40.0,,,144.0,136.0,120.0,120.0,120.0,270.0,180.0,270.0,220.0,,,,,,,,,,,,,304.63530000000003,101.0,1.5,stalzone-database/ru/items/armor/combined/_variants/1rkz2/8.json
1rkz2,1rkz2,9,True,Бронекостюм «Армай»,armor/combined,Ветеран,Комбинированные,RANK_VETERAN,PERSONAL_ON_USE,9.0,100.0,100.0,208.50076,,1.0,,,,,1.0,,15.0,,40.0,,,144.0,136.0,120.0,120.0,120.0,270.0,180.0,270.0,220.0,,,,,,,,,,,,,308.50076,101.0,1.5,stalzone-database/ru/items/armor/combined/_variants/1rkz2/9.json
1rkz2,1rkz2,10,True,Бронекостюм «Армай»,armor/combined,Ветеран,Комбинированные,RANK_VETERAN,PERSONAL_ON_USE,9.0,100.0,100.0,219.83948,,1.0,,,,,1.0,,15.0,,40.0,,,144.0,136.0,120.0,120.0,120.0,270.0,180.0,270.0,220.0,,,,,,,,,,,,,319.83948,101.0,1.5,stalzone-database/ru/items/armor/combined/_variants/1rkz2/10.json
1rkz2,1rkz2,11,True,Бронекостюм «Армай»,armor/combined,Ветеран,Комбинированные,RANK_VETERAN,PERSONAL_ON_USE,9.0,100.0,100.0,225.50883,,1.0,,,,,1.0,,15.0,,40.0,,,144.0,136.0,120.0,120.0,120.0,270.0,180.0,270.0,220.0,,,,,,,,,,,,,325.50883,101.0,1.5,stalzone-database/ru/items/armor/combined/_variants/1rkz2/11.json
1rkz2,1rkz2,12,True,Бронекостюм «Армай»,armor/combined,Ветеран,Комбинированные,RANK_VETERAN,PERSONAL_ON_USE,9.0,100.0,100.0,231.17819,,1.0,,,,,1.0,,15.0,,40.0,,,144.0,136.0,120.0,120.0,120.0,270.0,180.0,270.0,220.0,,,,,,,,,,,,,331.17819,101.0,1.5,stalzone-database/ru/items/armor/combined/_variants/1rkz2/12.json
1rkz2,1rkz2,13,True,Бронекостюм «Армай»,armor/combined,Ветеран,Комбинированные,RANK_VETERAN,PERSONAL_ON_USE,9.0,100.0,100.0,236.84756,,1.0,,,,,1.0,,15.0,,40.0,,,144.0,136.0,120.0,120.0,120.0,270.0,180.0,270.0,220.0,,,,,,,,,,,,,336.84756,101.0,1.5,stalzone-database/ru/items/armor/combined/_variants/1rkz2/13.json
1rkz2,1rkz2,14,True,Бронекостюм «Армай»,armor/combined,Ветеран,Комбинированные,RANK_VETERAN,PERSONAL_ON_USE,9.0,100.0,100.0,242.51692,,1.0,,,,,1.0,,15.0,,40.0,,,144.0,136.0,120.0,120.0,120.0,270.0,180.0,270.0,220.0,,,,,,,,,,,,,342.51692,101.0,1.5,stalzone-database/ru/items/armor/combined/_variants/1rkz2/14.json
1rkz2,1rkz2,15,True,Бронекостюм «Армай»,armor/combined,Ветеран,Комбинированные,RANK_VETERAN,PERSONAL_ON_USE,9.0,100.0,100.0,259.525,,1.0,,,,,1.0,,15.0,,40.0,,,144.0,136.0,120.0,120.0,120.0,270.0,180.0,270.0,220.0,,,,,,,,,,,,,359.525,101.0,1.5,stalzone-database/ru/items/armor/combined/_variants/1rkz2/15.json
1rpl6,1rpl6,0,False,Сверхтяжелый бронекостюм «Гранит»,armor/combat,Мастер,Боевые,RANK_MASTER,PERSONAL_ON_USE,65.0,100.0,100.0,282.0,,-10.0,,-30.0,,,,,15.0,,60.0,,,232.0,420.0,50.0,50.0,50.0,200.0,100.0,200.0,200.0,,50.0,,,,,,,,,,,382.0,90.0,0.5,stalzone-database/ru/items/armor/combat/1rpl6.json
1rpl6,1rpl6,1,True,Сверхтяжелый бронекостюм «Гранит»,armor/combat,Мастер,Боевые,RANK_MASTER,PERSONAL_ON_USE,65.0,100.0,100.0,285.4992,,-10.0,,-30.0,,,,,15.0,,60.0,,,232.0,420.0,50.0,50.0,50.0,200.0,100.0,200.0,200.0,,50.0,,,,,,,,,,,385.4992,90.0,0.5,stalzone-database/ru/items/armor/combat/_variants/1rpl6/1.json
1rpl6,1rpl6,2,True,Сверхтяжелый бронекостюм «Гранит»,armor/combat,Мастер,Боевые,RANK_MASTER,PERSONAL_ON_USE,65.0,100.0,100.0,288.9984,,-10.0,,-30.0,,,,,15.0,,60.0,,,232.0,420.0,50.0,50.0,50.0,200.0,100.0,200.0,200.0,,50.0,,,,,,,,,,,388.99840000000006,90.0,0.5,stalzone-database/ru/items/armor/combat/_variants/1rpl6/2.json
1rpl6,1rpl6,3,True,Сверхтяжелый бронекостюм «Гранит»,armor/combat,Мастер,Боевые,RANK_MASTER,PERSONAL_ON_USE,65.0,100.0,100.0,292.49762,,-10.0,,-30.0,,,,,15.0,,60.0,,,232.0,420.0,50.0,50.0,50.0,200.0,100.0,200.0,200.0,,50.0,,,,,,,,,,,392.4976199999999,90.0,0.5,stalzone-database/ru/items/armor/combat/_variants/1rpl6/3.json
1rpl6,1rpl6,4,True,Сверхтяжелый бронекостюм «Гранит»,armor/combat,Мастер,Боевые,RANK_MASTER,PERSONAL_ON_USE,65.0,100.0,100.0,295.99683,,-10.0,,-30.0,,,,,15.0,,60.0,,,232.0,420.0,50.0,50.0,50.0,200.0,100.0,200.0,200.0,,50.0,,,,,,,,,,,395.99683,90.0,0.5,stalzone-database/ru/items/armor/combat/_variants/1rpl6/4.json
1rpl6,1rpl6,5,True,Сверхтяжелый бронекостюм «Гранит»,armor/combat,Мастер,Боевые,RANK_MASTER,PERSONAL_ON_USE,65.0,100.0,100.0,306.49445,,-10.0,,-30.0,,,,,15.0,,60.0,,,232.0,420.0,50.0,50.0,50.0,200.0,100.0,200.0,200.0,,50.0,,,,,,,,,,,406.49445,90.0,0.5,stalzone-database/ru/items/armor/combat/_variants/1rpl6/5.json
1rpl6,1rpl6,6,True,Сверхтяжелый бронекостюм «Гранит»,armor/combat,Мастер,Боевые,RANK_MASTER,PERSONAL_ON_USE,65.0,100.0,100.0,311.74326,,-10.0,,-30.0,,,,,15.0,,60.0,,,232.0,420.0,50.0,50.0,50.0,200.0,100.0,200.0,200.0,,50.0,,,,,,,,,,,411.74326,90.0,0.5,stalzone-database/ru/items/armor/combat/_variants/1rpl6/6.json
1rpl6,1rpl6,7,True,Сверхтяжелый бронекостюм «Гранит»,armor/combat,Мастер,Боевые,RANK_MASTER,PERSONAL_ON_USE,65.0,100.0,100.0,316.99207,,-10.0,,-30.0,,,,,15.0,,60.0,,,232.0,420.0,50.0,50.0,50.0,200.0,100.0,200.0,200.0,,50.0,,,,,,,,,,,416.99207,90.0,0.5,stalzone-database/ru/items/armor/combat/_variants/1rpl6/7.json
1rpl6,1rpl6,8,True,Сверхтяжелый бронекостюм «Гранит»,armor/combat,Мастер,Боевые,RANK_MASTER,PERSONAL_ON_USE,65.0,100.0,100.0,322.24088,,-10.0,,-30.0,,,,,15.0,,60.0,,,232.0,420.0,50.0,50.0,50.0,200.0,100.0,200.0,200.0,,50.0,,,,,,,,,,,422.24088000000006,90.0,0.5,stalzone-database/ru/items/armor/combat/_variants/1rpl6/8.json
1rpl6,1rpl6,9,True,Сверхтяжелый бронекостюм «Гранит»,armor/combat,Мастер,Боевые,RANK_MASTER,PERSONAL_ON_USE,65.0,100.0,100.0,327.4897,,-10.0,,-30.0,,,,,15.0,,60.0,,,232.0,420.0,50.0,50.0,50.0,200.0,100.0,200.0,200.0,,50.0,,,,,,,,,,,427.4897,90.0,0.5,stalzone-database/ru/items/armor/combat/_variants/1rpl6/9.json
1rpl6,1rpl6,10,True,Сверхтяжелый бронекостюм «Гранит»,armor/combat,Мастер,Боевые,RANK_MASTER,PERSONAL_ON_USE,65.0,100.0,100.0,342.8862,,-10.0,,-30.0,,,,,15.0,,60.0,,,232.0,420.0,50.0,50.0,50.0,200.0,100.0,200.0,200.0,,50.0,,,,,,,,,,,442.8862,90.0,0.5,stalzone-database/ru/items/armor/combat/_variants/1rpl6/10.json
1rpl6,1rpl6,11,True,Сверхтяжелый бронекостюм «Гранит»,armor/combat,Мастер,Боевые,RANK_MASTER,PERSONAL_ON_USE,65.0,100.0,100.0,350.58447,,-10.0,,-30.0,,,,,15.0,,60.0,,,232.0,420.0,50.0,50.0,50.0,200.0,100.0,200.0,200.0,,50.0,,,,,,,,,,,450.58447,90.0,0.5,stalzone-database/ru/items/armor/combat/_variants/1rpl6/11.json
1rpl6,1rpl6,12,True,Сверхтяжелый бронекостюм «Гранит»,armor/combat,Мастер,Боевые,RANK_MASTER,PERSONAL_ON_USE,65.0,100.0,100.0,358.28275,,-10.0,,-30.0,,,,,15.0,,60.0,,,232.0,420.0,50.0,50.0,50.0,200.0,100.0,200.0,200.0,,50.0,,,,,,,,,,,458.28275,90.0,0.5,stalzone-database/ru/items/armor/combat/_variants/1rpl6/12.json
1rpl6,1rpl6,13,True,Сверхтяжелый бронекостюм «Гранит»,armor/combat,Мастер,Боевые,RANK_MASTER,PERSONAL_ON_USE,65.0,100.0,100.0,365.98096,,-10.0,,-30.0,,,,,15.0,,60.0,,,232.0,420.0,50.0,50.0,50.0,200.0,100.0,200.0,200.0,,50.0,,,,,,,,,,,465.98096,90.0,0.5,stalzone-database/ru/items/armor/combat/_variants/1rpl6/13.json
1rpl6,1rpl6,14,True,Сверхтяжелый бронекостюм «Гранит»,armor/combat,Мастер,Боевые,RANK_MASTER,PERSONAL_ON_USE,65.0,100.0,100.0,373.67923,,-10.0,,-30.0,,,,,15.0,,60.0,,,232.0,420.0,50.0,50.0,50.0,200.0,100.0,200.0,200.0,,50.0,,,,,,,,,,,473.67923,90.0,0.5,stalzone-database/ru/items/armor/combat/_variants/1rpl6/14.json
1rpl6,1rpl6,15,True,Сверхтяжелый бронекостюм «Гранит»,armor/combat,Мастер,Боевые,RANK_MASTER,PERSONAL_ON_USE,65.0,100.0,100.0,396.77402,,-10.0,,-30.0,,,,,15.0,,60.0,,,232.0,420.0,50.0,50.0,50.0,200.0,100.0,200.0,200.0,,50.0,,,,,,,,,,,496.77402,90.0,0.5,stalzone-database/ru/items/armor/combat/_variants/1rpl6/15.json
1rpr1,1rpr1,0,False,Бронекостюм «Храмовник»,armor/combat,Мастер,Боевые,RANK_MASTER,PERSONAL_ON_USE,30.0,100.0,100.0,243.0,,-3.0,,20.0,,,,,35.0,,60.0,,,252.0,175.0,50.0,50.0,50.0,200.0,100.0,200.0,200.0,,10.0,,,,,,,,,,,343.0,97.0,0.5,stalzone-database/ru/items/armor/combat/1rpr1.json
1rpr1,1rpr1,1,True,Бронекостюм «Храмовник»,armor/combat,Мастер,Боевые,RANK_MASTER,PERSONAL_ON_USE,30.0,100.0,100.0,246.14122,,-3.0,,20.0,,,,,35.0,,60.0,,,252.0,175.0,50.0,50.0,50.0,200.0,100.0,200.0,200.0,,10.0,,,,,,,,,,,346.14122,97.0,0.5,stalzone-database/ru/items/armor/combat/_variants/1rpr1/1.json
1rpr1,1rpr1,2,True,Бронекостюм «Храмовник»,armor/combat,Мастер,Боевые,RANK_MASTER,PERSONAL_ON_USE,30.0,100.0,100.0,249.28244,,-3.0,,20.0,,,,,35.0,,60.0,,,252.0,175.0,50.0,50.0,50.0,200.0,100.0,200.0,200.0,,10.0,,,,,,,,,,,349.28244,97.0,0.5,stalzone-database/ru/items/armor/combat/_variants/1rpr1/2.json
1rpr1,1rpr1,3,True,Бронекостюм «Храмовник»,armor/combat,Мастер,Боевые,RANK_MASTER,PERSONAL_ON_USE,30.0,100.0,100.0,252.42365,,-3.0,,20.0,,,,,35.0,,60.0,,,252.0,175.0,50.0,50.0,50.0,200.0,100.0,200.0,200.0,,10.0,,,,,,,,,,,352.42364999999995,97.0,0.5,stalzone-database/ru/items/armor/combat/_variants/1rpr1/3.json
1rpr1,1rpr1,4,True,Бронекостюм «Храмовник»,armor/combat,Мастер,Боевые,RANK_MASTER,PERSONAL_ON_USE,30.0,100.0,100.0,255.56487,,-3.0,,20.0,,,,,35.0,,60.0,,,252.0,175.0,50.0,50.0,50.0,200.0,100.0,200.0,200.0,,10.0,,,,,,,,,,,355.56487,97.0,0.5,stalzone-database/ru/items/armor/combat/_variants/1rpr1/4.json
1rpr1,1rpr1,5,True,Бронекостюм «Храмовник»,armor/combat,Мастер,Боевые,RANK_MASTER,PERSONAL_ON_USE,30.0,100.0,100.0,264.98856,,-3.0,,20.0,,,,,35.0,,60.0,,,252.0,175.0,50.0,50.0,50.0,200.0,100.0,200.0,200.0,,10.0,,,,,,,,,,,364.98856,97.0,0.5,stalzone-database/ru/items/armor/combat/_variants/1rpr1/5.json
1rpr1,1rpr1,6,True,Бронекостюм «Храмовник»,armor/combat,Мастер,Боевые,RANK_MASTER,PERSONAL_ON_USE,30.0,100.0,100.0,269.70038,,-3.0,,20.0,,,,,35.0,,60.0,,,252.0,175.0,50.0,50.0,50.0,200.0,100.0,200.0,200.0,,10.0,,,,,,,,,,,369.70038,97.0,0.5,stalzone-database/ru/items/armor/combat/_variants/1rpr1/6.json
1rpr1,1rpr1,7,True,Бронекостюм «Храмовник»,armor/combat,Мастер,Боевые,RANK_MASTER,PERSONAL_ON_USE,30.0,100.0,100.0,274.4122,,-3.0,,20.0,,,,,35.0,,60.0,,,252.0,175.0,50.0,50.0,50.0,200.0,100.0,200.0,200.0,,10.0,,,,,,,,,,,374.4122,97.0,0.5,stalzone-database/ru/items/armor/combat/_variants/1rpr1/7.json
1rpr1,1rpr1,8,True,Бронекостюм «Храмовник»,armor/combat,Мастер,Боевые,RANK_MASTER,PERSONAL_ON_USE,30.0,100.0,100.0,279.12402,,-3.0,,20.0,,,,,35.0,,60.0,,,252.0,175.0,50.0,50.0,50.0,200.0,100.0,200.0,200.0,,10.0,,,,,,,,,,,379.12402,97.0,0.5,stalzone-database/ru/items/armor/combat/_variants/1rpr1/8.json
1rpr1,1rpr1,9,True,Бронекостюм «Храмовник»,armor/combat,Мастер,Боевые,RANK_MASTER,PERSONAL_ON_USE,30.0,100.0,100.0,283.83585,,-3.0,,20.0,,,,,35.0,,60.0,,,252.0,175.0,50.0,50.0,50.0,200.0,100.0,200.0,200.0,,10.0,,,,,,,,,,,383.83585,97.0,0.5,stalzone-database/ru/items/armor/combat/_variants/1rpr1/9.json
1rpr1,1rpr1,10,True,Бронекостюм «Храмовник»,armor/combat,Мастер,Боевые,RANK_MASTER,PERSONAL_ON_USE,30.0,100.0,100.0,297.65723,,-3.0,,20.0,,,,,35.0,,60.0,,,252.0,175.0,50.0,50.0,50.0,200.0,100.0,200.0,200.0,,10.0,,,,,,,,,,,397.65723,97.0,0.5,stalzone-database/ru/items/armor/combat/_variants/1rpr1/10.json
1rpr1,1rpr1,11,True,Бронекостюм «Храмовник»,armor/combat,Мастер,Боевые,RANK_MASTER,PERSONAL_ON_USE,30.0,100.0,100.0,304.5679,,-3.0,,20.0,,,,,35.0,,60.0,,,252.0,175.0,50.0,50.0,50.0,200.0,100.0,200.0,200.0,,10.0,,,,,,,,,,,404.5679,97.0,0.5,stalzone-database/ru/items/armor/combat/_variants/1rpr1/11.json
1rpr1,1rpr1,12,True,Бронекостюм «Храмовник»,armor/combat,Мастер,Боевые,RANK_MASTER,PERSONAL_ON_USE,30.0,100.0,100.0,311.47858,,-3.0,,20.0,,,,,35.0,,60.0,,,252.0,175.0,50.0,50.0,50.0,200.0,100.0,200.0,200.0,,10.0,,,,,,,,,,,411.47858,97.0,0.5,stalzone-database/ru/items/armor/combat/_variants/1rpr1/12.json
1rpr1,1rpr1,13,True,Бронекостюм «Храмовник»,armor/combat,Мастер,Боевые,RANK_MASTER,PERSONAL_ON_USE,30.0,100.0,100.0,318.38925,,-3.0,,20.0,,,,,35.0,,60.0,,,252.0,175.0,50.0,50.0,50.0,200.0,100.0,200.0,200.0,,10.0,,,,,,,,,,,418.38925,97.0,0.5,stalzone-database/ru/items/armor/combat/_variants/1rpr1/13.json
1rpr1,1rpr1,14,True,Бронекостюм «Храмовник»,armor/combat,Мастер,Боевые,RANK_MASTER,PERSONAL_ON_USE,30.0,100.0,100.0,325.29996,,-3.0,,20.0,,,,,35.0,,60.0,,,252.0,175.0,50.0,50.0,50.0,200.0,100.0,200.0,200.0,,10.0,,,,,,,,,,,425.29996,97.0,0.5,stalzone-database/ru/items/armor/combat/_variants/1rpr1/14.json
1rpr1,1rpr1,15,True,Бронекостюм «Храмовник»,armor/combat,Мастер,Боевые,RANK_MASTER,PERSONAL_ON_USE,30.0,100.0,100.0,346.032,,-3.0,,20.0,,,,,35.0,,60.0,,,252.0,175.0,50.0,50.0,50.0,200.0,100.0,200.0,200.0,,10.0,,,,,,,,,,,446.032,97.0,0.5,stalzone-database/ru/items/armor/combat/_variants/1rpr1/15.json
2oq75,2oq75,0,False,«Незнакомец»,armor/combat,Сталкер,Боевые,RANK_STALKER,PERSONAL_ON_USE,6.0,100.0,100.0,64.0,,8.0,,25.0,5.0,2.5,,,9.0,-1.0,50.0,,,114.0,62.0,20.0,20.0,20.0,120.0,20.0,90.0,20.0,,5.0,,,,,,,,,,,164.0,108.0,1.0,stalzone-database/ru/items/armor/combat/2oq75.json
2oq75,2oq75,1,True,«Незнакомец»,armor/combat,Сталкер,Боевые,RANK_STALKER,PERSONAL_ON_USE,6.0,100.0,100.0,65.50049,,8.0,,25.0,5.0,2.5,,,9.0,-1.0,50.0,,,114.0,62.0,20.0,20.0,20.0,120.0,20.0,90.0,20.0,,5.0,,,,,,,,,,,165.50049,108.0,1.0,stalzone-database/ru/items/armor/combat/_variants/2oq75/1.json
2oq75,2oq75,2,True,«Незнакомец»,armor/combat,Сталкер,Боевые,RANK_STALKER,PERSONAL_ON_USE,6.0,100.0,100.0,67.00098,,8.0,,25.0,5.0,2.5,,,9.0,-1.0,50.0,,,114.0,62.0,20.0,20.0,20.0,120.0,20.0,90.0,20.0,,5.0,,,,,,,,,,,167.00097999999997,108.0,1.0,stalzone-database/ru/items/armor/combat/_variants/2oq75/2.json
2oq75,2oq75,3,True,«Незнакомец»,armor/combat,Сталкер,Боевые,RANK_STALKER,PERSONAL_ON_USE,6.0,100.0,100.0,68.501465,,8.0,,25.0,5.0,2.5,,,9.0,-1.0,50.0,,,114.0,62.0,20.0,20.0,20.0,120.0,20.0,90.0,20.0,,5.0,,,,,,,,,,,168.501465,108.0,1.0,stalzone-database/ru/items/armor/combat/_variants/2oq75/3.json
2oq75,2oq75,4,True,«Незнакомец»,armor/combat,Сталкер,Боевые,RANK_STALKER,PERSONAL_ON_USE,6.0,100.0,100.0,70.00195,,8.0,,25.0,5.0,2.5,,,9.0,-1.0,50.0,,,114.0,62.0,20.0,20.0,20.0,120.0,20.0,90.0,20.0,,5.0,,,,,,,,,,,170.00195,108.0,1.0,stalzone-database/ru/items/armor/combat/_variants/2oq75/4.json
2oq75,2oq75,5,True,«Незнакомец»,armor/combat,Сталкер,Боевые,RANK_STALKER,PERSONAL_ON_USE,6.0,100.0,100.0,74.50341,,8.0,,25.0,5.0,2.5,,,9.0,-1.0,50.0,,,114.0,62.0,20.0,20.0,20.0,120.0,20.0,90.0,20.0,,5.0,,,,,,,,,,,174.50341,108.0,1.0,stalzone-database/ru/items/armor/combat/_variants/2oq75/5.json
2oq75,2oq75,6,True,«Незнакомец»,armor/combat,Сталкер,Боевые,RANK_STALKER,PERSONAL_ON_USE,6.0,100.0,100.0,76.75414,,8.0,,25.0,5.0,2.5,,,9.0,-1.0,50.0,,,114.0,62.0,20.0,20.0,20.0,120.0,20.0,90.0,20.0,,5.0,,,,,,,,,,,176.75414,108.0,1.0,stalzone-database/ru/items/armor/combat/_variants/2oq75/6.json
2oq75,2oq75,7,True,«Незнакомец»,armor/combat,Сталкер,Боевые,RANK_STALKER,PERSONAL_ON_USE,6.0,100.0,100.0,79.004875,,8.0,,25.0,5.0,2.5,,,9.0,-1.0,50.0,,,114.0,62.0,20.0,20.0,20.0,120.0,20.0,90.0,20.0,,5.0,,,,,,,,,,,179.004875,108.0,1.0,stalzone-database/ru/items/armor/combat/_variants/2oq75/7.json
2oq75,2oq75,8,True,«Незнакомец»,armor/combat,Сталкер,Боевые,RANK_STALKER,PERSONAL_ON_USE,6.0,100.0,100.0,81.25561,,8.0,,25.0,5.0,2.5,,,9.0,-1.0,50.0,,,114.0,62.0,20.0,20.0,20.0,120.0,20.0,90.0,20.0,,5.0,,,,,,,,,,,181.25561,108.0,1.0,stalzone-database/ru/items/armor/combat/_variants/2oq75/8.json
2oq75,2oq75,9,True,«Незнакомец»,armor/combat,Сталкер,Боевые,RANK_STALKER,PERSONAL_ON_USE,6.0,100.0,100.0,83.50634,,8.0,,25.0,5.0,2.5,,,9.0,-1.0,50.0,,,114.0,62.0,20.0,20.0,20.0,120.0,20.0,90.0,20.0,,5.0,,,,,,,,,,,183.50634,108.0,1.0,stalzone-database/ru/items/armor/combat/_variants/2oq75/9.json
2oq75,2oq75,10,True,«Незнакомец»,armor/combat,Сталкер,Боевые,RANK_STALKER,PERSONAL_ON_USE,6.0,100.0,100.0,90.10848,,8.0,,25.0,5.0,2.5,,,9.0,-1.0,50.0,,,114.0,62.0,20.0,20.0,20.0,120.0,20.0,90.0,20.0,,5.0,,,,,,,,,,,190.10848,108.0,1.0,stalzone-database/ru/items/armor/combat/_variants/2oq75/10.json
2oq75,2oq75,11,True,«Незнакомец»,armor/combat,Сталкер,Боевые,RANK_STALKER,PERSONAL_ON_USE,6.0,100.0,100.0,93.40956,,8.0,,25.0,5.0,2.5,,,9.0,-1.0,50.0,,,114.0,62.0,20.0,20.0,20.0,120.0,20.0,90.0,20.0,,5.0,,,,,,,,,,,193.40955999999997,108.0,1.0,stalzone-database/ru/items/armor/combat/_variants/2oq75/11.json
2oq75,2oq75,12,True,«Незнакомец»,armor/combat,Сталкер,Боевые,RANK_STALKER,PERSONAL_ON_USE,6.0,100.0,100.0,96.71063,,8.0,,25.0,5.0,2.5,,,9.0,-1.0,50.0,,,114.0,62.0,20.0,20.0,20.0,120.0,20.0,90.0,20.0,,5.0,,,,,,,,,,,196.71062999999998,108.0,1.0,stalzone-database/ru/items/armor/combat/_variants/2oq75/12.json
2oq75,2oq75,13,True,«Незнакомец»,armor/combat,Сталкер,Боевые,RANK_STALKER,PERSONAL_ON_USE,6.0,100.0,100.0,100.0117,,8.0,,25.0,5.0,2.5,,,9.0,-1.0,50.0,,,114.0,62.0,20.0,20.0,20.0,120.0,20.0,90.0,20.0,,5.0,,,,,,,,,,,200.01170000000002,108.0,1.0,stalzone-database/ru/items/armor/combat/_variants/2oq75/13.json
2oq75,2oq75,14,True,«Незнакомец»,armor/combat,Сталкер,Боевые,RANK_STALKER,PERSONAL_ON_USE,6.0,100.0,100.0,103.31278,,8.0,,25.0,5.0,2.5,,,9.0,-1.0,50.0,,,114.0,62.0,20.0,20.0,20.0,120.0,20.0,90.0,20.0,,5.0,,,,,,,,,,,203.31278000000003,108.0,1.0,stalzone-database/ru/items/armor/combat/_variants/2oq75/14.json
2oq75,2oq75,15,True,«Незнакомец»,armor/combat,Сталкер,Боевые,RANK_STALKER,PERSONAL_ON_USE,6.0,100.0,100.0,113.216,,8.0,,25.0,5.0,2.5,,,9.0,-1.0,50.0,,,114.0,62.0,20.0,20.0,20.0,120.0,20.0,90.0,20.0,,5.0,,,,,,,,,,,213.216,108.0,1.0,stalzone-database/ru/items/armor/combat/_variants/2oq75/15.json
2oqdl,2oqdl,0,False,Бронекостюм «Ворса»,armor/combat,Сталкер,Боевые,RANK_STALKER,PERSONAL_ON_USE,8.0,100.0,100.0,96.0,,,,25.0,,,,,15.0,,70.0,,,184.0,75.0,20.0,20.0,20.0,130.0,40.0,120.0,20.0,,15.0,,,,,,,,,,,196.0,100.0,0.5,stalzone-database/ru/items/armor/combat/2oqdl.json
2oqdl,2oqdl,1,True,Бронекостюм «Ворса»,armor/combat,Сталкер,Боевые,RANK_STALKER,PERSONAL_ON_USE,8.0,100.0,100.0,97.79414,,,,25.0,,,,,15.0,,70.0,,,184.0,75.0,20.0,20.0,20.0,130.0,40.0,120.0,20.0,,15.0,,,,,,,,,,,197.79414,100.0,0.5,stalzone-database/ru/items/armor/combat/_variants/2oqdl/1.json
2oqdl,2oqdl,2,True,Бронекостюм «Ворса»,armor/combat,Сталкер,Боевые,RANK_STALKER,PERSONAL_ON_USE,8.0,100.0,100.0,99.588295,,,,25.0,,,,,15.0,,70.0,,,184.0,75.0,20.0,20.0,20.0,130.0,40.0,120.0,20.0,,15.0,,,,,,,,,,,199.588295,100.0,0.5,stalzone-database/ru/items/armor/combat/_variants/2oqdl/2.json
2oqdl,2oqdl,3,True,Бронекостюм «Ворса»,armor/combat,Сталкер,Боевые,RANK_STALKER,PERSONAL_ON_USE,8.0,100.0,100.0,101.38245,,,,25.0,,,,,15.0,,70.0,,,184.0,75.0,20.0,20.0,20.0,130.0,40.0,120.0,20.0,,15.0,,,,,,,,,,,201.38244999999998,100.0,0.5,stalzone-database/ru/items/armor/combat/_variants/2oqdl/3.json
2oqdl,2oqdl,4,True,Бронекостюм «Ворса»,armor/combat,Сталкер,Боевые,RANK_STALKER,PERSONAL_ON_USE,8.0,100.0,100.0,103.17659,,,,25.0,,,,,15.0,,70.0,,,184.0,75.0,20.0,20.0,20.0,130.0,40.0,120.0,20.0,,15.0,,,,,,,,,,,203.17659,100.0,0.5,stalzone-database/ru/items/armor/combat/_variants/2oqdl/4.json
2oqdl,2oqdl,5,True,Бронекостюм «Ворса»,armor/combat,Сталкер,Боевые,RANK_STALKER,PERSONAL_ON_USE,8.0,100.0,100.0,108.55902,,,,25.0,,,,,15.0,,70.0,,,184.0,75.0,20.0,20.0,20.0,130.0,40.0,120.0,20.0,,15.0,,,,,,,,,,,208.55902000000003,100.0,0.5,stalzone-database/ru/items/armor/combat/_variants/2oqdl/5.json
2oqdl,2oqdl,6,True,Бронекостюм «Ворса»,armor/combat,Сталкер,Боевые,RANK_STALKER,PERSONAL_ON_USE,8.0,100.0,100.0,111.25024,,,,25.0,,,,,15.0,,70.0,,,184.0,75.0,20.0,20.0,20.0,130.0,40.0,120.0,20.0,,15.0,,,,,,,,,,,211.25024000000002,100.0,0.5,stalzone-database/ru/items/armor/combat/_variants/2oqdl/6.json
2oqdl,2oqdl,7,True,Бронекостюм «Ворса»,armor/combat,Сталкер,Боевые,RANK_STALKER,PERSONAL_ON_USE,8.0,100.0,100.0,113.94147,,,,25.0,,,,,15.0,,70.0,,,184.0,75.0,20.0,20.0,20.0,130.0,40.0,120.0,20.0,,15.0,,,,,,,,,,,213.94146999999998,100.0,0.5,stalzone-database/ru/items/armor/combat/_variants/2oqdl/7.json
2oqdl,2oqdl,8,True,Бронекостюм «Ворса»,armor/combat,Сталкер,Боевые,RANK_STALKER,PERSONAL_ON_USE,8.0,100.0,100.0,116.632675,,,,25.0,,,,,15.0,,70.0,,,184.0,75.0,20.0,20.0,20.0,130.0,40.0,120.0,20.0,,15.0,,,,,,,,,,,216.632675,100.0,0.5,stalzone-database/ru/items/armor/combat/_variants/2oqdl/8.json
2oqdl,2oqdl,9,True,Бронекостюм «Ворса»,armor/combat,Сталкер,Боевые,RANK_STALKER,PERSONAL_ON_USE,8.0,100.0,100.0,119.323906,,,,25.0,,,,,15.0,,70.0,,,184.0,75.0,20.0,20.0,20.0,130.0,40.0,120.0,20.0,,15.0,,,,,,,,,,,219.323906,100.0,0.5,stalzone-database/ru/items/armor/combat/_variants/2oqdl/9.json
2oqdl,2oqdl,10,True,Бронекостюм «Ворса»,armor/combat,Сталкер,Боевые,RANK_STALKER,PERSONAL_ON_USE,8.0,100.0,100.0,127.21814,,,,25.0,,,,,15.0,,70.0,,,184.0,75.0,20.0,20.0,20.0,130.0,40.0,120.0,20.0,,15.0,,,,,,,,,,,227.21814000000003,100.0,0.5,stalzone-database/ru/items/armor/combat/_variants/2oqdl/10.json
2oqdl,2oqdl,11,True,Бронекостюм «Ворса»,armor/combat,Сталкер,Боевые,RANK_STALKER,PERSONAL_ON_USE,8.0,100.0,100.0,131.16527,,,,25.0,,,,,15.0,,70.0,,,184.0,75.0,20.0,20.0,20.0,130.0,40.0,120.0,20.0,,15.0,,,,,,,,,,,231.16527,100.0,0.5,stalzone-database/ru/items/armor/combat/_variants/2oqdl/11.json
2oqdl,2oqdl,12,True,Бронекостюм «Ворса»,armor/combat,Сталкер,Боевые,RANK_STALKER,PERSONAL_ON_USE,8.0,100.0,100.0,135.11238,,,,25.0,,,,,15.0,,70.0,,,184.0,75.0,20.0,20.0,20.0,130.0,40.0,120.0,20.0,,15.0,,,,,,,,,,,235.11238,100.0,0.5,stalzone-database/ru/items/armor/combat/_variants/2oqdl/12.json
2oqdl,2oqdl,13,True,Бронекостюм «Ворса»,armor/combat,Сталкер,Боевые,RANK_STALKER,PERSONAL_ON_USE,8.0,100.0,100.0,139.05951,,,,25.0,,,,,15.0,,70.0,,,184.0,75.0,20.0,20.0,20.0,130.0,40.0,120.0,20.0,,15.0,,,,,,,,,,,239.05950999999996,100.0,0.5,stalzone-database/ru/items/armor/combat/_variants/2oqdl/13.json
2oqdl,2oqdl,14,True,Бронекостюм «Ворса»,armor/combat,Сталкер,Боевые,RANK_STALKER,PERSONAL_ON_USE,8.0,100.0,100.0,143.00662,,,,25.0,,,,,15.0,,70.0,,,184.0,75.0,20.0,20.0,20.0,130.0,40.0,120.0,20.0,,15.0,,,,,,,,,,,243.00662,100.0,0.5,stalzone-database/ru/items/armor/combat/_variants/2oqdl/14.json
2oqdl,2oqdl,15,True,Бронекостюм «Ворса»,armor/combat,Сталкер,Боевые,RANK_STALKER,PERSONAL_ON_USE,8.0,100.0,100.0,154.84799,,,,25.0,,,,,15.0,,70.0,,,184.0,75.0,20.0,20.0,20.0,130.0,40.0,120.0,20.0,,15.0,,,,,,,,,,,254.84799000000004,100.0,0.5,stalzone-database/ru/items/armor/combat/_variants/2oqdl/15.json
2oqll,2oqll,0,False,Экзоброня «Егерь»,armor/combat,Ветеран,Боевые,RANK_VETERAN,PERSONAL_ON_USE,32.0,100.0,100.0,178.0,,,,25.0,,,,,35.0,,70.0,,,258.0,125.0,40.0,40.0,40.0,230.0,120.0,230.0,210.0,,25.0,,,,,,,,,,,278.0,100.0,0.5,stalzone-database/ru/items/armor/combat/2oqll.json
2oqll,2oqll,1,True,Экзоброня «Егерь»,armor/combat,Ветеран,Боевые,RANK_VETERAN,PERSONAL_ON_USE,32.0,100.0,100.0,180.54518,,,,25.0,,,,,35.0,,70.0,,,258.0,125.0,40.0,40.0,40.0,230.0,120.0,230.0,210.0,,25.0,,,,,,,,,,,280.54517999999996,100.0,0.5,stalzone-database/ru/items/armor/combat/_variants/2oqll/1.json
2oqll,2oqll,2,True,Экзоброня «Егерь»,armor/combat,Ветеран,Боевые,RANK_VETERAN,PERSONAL_ON_USE,32.0,100.0,100.0,183.09038,,,,25.0,,,,,35.0,,70.0,,,258.0,125.0,40.0,40.0,40.0,230.0,120.0,230.0,210.0,,25.0,,,,,,,,,,,283.09038,100.0,0.5,stalzone-database/ru/items/armor/combat/_variants/2oqll/2.json
2oqll,2oqll,3,True,Экзоброня «Егерь»,armor/combat,Ветеран,Боевые,RANK_VETERAN,PERSONAL_ON_USE,32.0,100.0,100.0,185.63556,,,,25.0,,,,,35.0,,70.0,,,258.0,125.0,40.0,40.0,40.0,230.0,120.0,230.0,210.0,,25.0,,,,,,,,,,,285.63556,100.0,0.5,stalzone-database/ru/items/armor/combat/_variants/2oqll/3.json
2oqll,2oqll,4,True,Экзоброня «Егерь»,armor/combat,Ветеран,Боевые,RANK_VETERAN,PERSONAL_ON_USE,32.0,100.0,100.0,188.18073,,,,25.0,,,,,35.0,,70.0,,,258.0,125.0,40.0,40.0,40.0,230.0,120.0,230.0,210.0,,25.0,,,,,,,,,,,288.18073000000004,100.0,0.5,stalzone-database/ru/items/armor/combat/_variants/2oqll/4.json
2oqll,2oqll,5,True,Экзоброня «Егерь»,armor/combat,Ветеран,Боевые,RANK_VETERAN,PERSONAL_ON_USE,32.0,100.0,100.0,195.81628,,,,25.0,,,,,35.0,,70.0,,,258.0,125.0,40.0,40.0,40.0,230.0,120.0,230.0,210.0,,25.0,,,,,,,,,,,295.81628,100.0,0.5,stalzone-database/ru/items/armor/combat/_variants/2oqll/5.json
2oqll,2oqll,6,True,Экзоброня «Егерь»,armor/combat,Ветеран,Боевые,RANK_VETERAN,PERSONAL_ON_USE,32.0,100.0,100.0,199.63405,,,,25.0,,,,,35.0,,70.0,,,258.0,125.0,40.0,40.0,40.0,230.0,120.0,230.0,210.0,,25.0,,,,,,,,,,,299.63405,100.0,0.5,stalzone-database/ru/items/armor/combat/_variants/2oqll/6.json
2oqll,2oqll,7,True,Экзоброня «Егерь»,armor/combat,Ветеран,Боевые,RANK_VETERAN,PERSONAL_ON_USE,32.0,100.0,100.0,203.45181,,,,25.0,,,,,35.0,,70.0,,,258.0,125.0,40.0,40.0,40.0,230.0,120.0,230.0,210.0,,25.0,,,,,,,,,,,303.45181,100.0,0.5,stalzone-database/ru/items/armor/combat/_variants/2oqll/7.json
2oqll,2oqll,8,True,Экзоброня «Егерь»,armor/combat,Ветеран,Боевые,RANK_VETERAN,PERSONAL_ON_USE,32.0,100.0,100.0,207.2696,,,,25.0,,,,,35.0,,70.0,,,258.0,125.0,40.0,40.0,40.0,230.0,120.0,230.0,210.0,,25.0,,,,,,,,,,,307.26959999999997,100.0,0.5,stalzone-database/ru/items/armor/combat/_variants/2oqll/8.json
2oqll,2oqll,9,True,Экзоброня «Егерь»,armor/combat,Ветеран,Боевые,RANK_VETERAN,PERSONAL_ON_USE,32.0,100.0,100.0,211.08737,,,,25.0,,,,,35.0,,70.0,,,258.0,125.0,40.0,40.0,40.0,230.0,120.0,230.0,210.0,,25.0,,,,,,,,,,,311.08736999999996,100.0,0.5,stalzone-database/ru/items/armor/combat/_variants/2oqll/9.json
2oqll,2oqll,10,True,Экзоброня «Егерь»,armor/combat,Ветеран,Боевые,RANK_VETERAN,PERSONAL_ON_USE,32.0,100.0,100.0,222.28618,,,,25.0,,,,,35.0,,70.0,,,258.0,125.0,40.0,40.0,40.0,230.0,120.0,230.0,210.0,,25.0,,,,,,,,,,,322.28618,100.0,0.5,stalzone-database/ru/items/armor/combat/_variants/2oqll/10.json
2oqll,2oqll,11,True,Экзоброня «Егерь»,armor/combat,Ветеран,Боевые,RANK_VETERAN,PERSONAL_ON_USE,32.0,100.0,100.0,227.88557,,,,25.0,,,,,35.0,,70.0,,,258.0,125.0,40.0,40.0,40.0,230.0,120.0,230.0,210.0,,25.0,,,,,,,,,,,327.88557000000003,100.0,0.5,stalzone-database/ru/items/armor/combat/_variants/2oqll/11.json
2oqll,2oqll,12,True,Экзоброня «Егерь»,armor/combat,Ветеран,Боевые,RANK_VETERAN,PERSONAL_ON_USE,32.0,100.0,100.0,233.485,,,,25.0,,,,,35.0,,70.0,,,258.0,125.0,40.0,40.0,40.0,230.0,120.0,230.0,210.0,,25.0,,,,,,,,,,,333.485,100.0,0.5,stalzone-database/ru/items/armor/combat/_variants/2oqll/12.json
2oqll,2oqll,13,True,Экзоброня «Егерь»,armor/combat,Ветеран,Боевые,RANK_VETERAN,PERSONAL_ON_USE,32.0,100.0,100.0,239.0844,,,,25.0,,,,,35.0,,70.0,,,258.0,125.0,40.0,40.0,40.0,230.0,120.0,230.0,210.0,,25.0,,,,,,,,,,,339.08439999999996,100.0,0.5,stalzone-database/ru/items/armor/combat/_variants/2oqll/13.json
2oqll,2oqll,14,True,Экзоброня «Егерь»,armor/combat,Ветеран,Боевые,RANK_VETERAN,PERSONAL_ON_USE,32.0,100.0,100.0,244.68379,,,,25.0,,,,,35.0,,70.0,,,258.0,125.0,40.0,40.0,40.0,230.0,120.0,230.0,210.0,,25.0,,,,,,,,,,,344.68379,100.0,0.5,stalzone-database/ru/items/armor/combat/_variants/2oqll/14.json
2oqll,2oqll,15,True,Экзоброня «Егерь»,armor/combat,Ветеран,Боевые,RANK_VETERAN,PERSONAL_ON_USE,32.0,100.0,100.0,261.482,,,,25.0,,,,,35.0,,70.0,,,258.0,125.0,40.0,40.0,40.0,230.0,120.0,230.0,210.0,,25.0,,,,,,,,,,,361.482,100.0,0.5,stalzone-database/ru/items/armor/combat/_variants/2oqll/15.json
2oqnl,2oqnl,0,False,Костюм АО-1 «Бродяга»,armor/combined,Новичок,Комбинированные,RANK_NEWBIE,PERSONAL_ON_USE,4.0,100.0,100.0,36.0,,-1.0,,,,,2.0,,6.0,,40.0,,,37.0,37.0,50.0,50.0,50.0,100.0,30.0,70.0,30.0,,,,,,,,,,,,,136.0,99.0,2.5,stalzone-database/ru/items/armor/combined/2oqnl.json
2oqnl,2oqnl,1,True,Костюм АО-1 «Бродяга»,armor/combined,Новичок,Комбинированные,RANK_NEWBIE,PERSONAL_ON_USE,4.0,100.0,100.0,37.244637,,-1.0,,,,,2.0,,6.0,,40.0,,,37.0,37.0,50.0,50.0,50.0,100.0,30.0,70.0,30.0,,,,,,,,,,,,,137.244637,99.0,2.5,stalzone-database/ru/items/armor/combined/_variants/2oqnl/1.json
2oqnl,2oqnl,2,True,Костюм АО-1 «Бродяга»,armor/combined,Новичок,Комбинированные,RANK_NEWBIE,PERSONAL_ON_USE,4.0,100.0,100.0,38.48927,,-1.0,,,,,2.0,,6.0,,40.0,,,37.0,37.0,50.0,50.0,50.0,100.0,30.0,70.0,30.0,,,,,,,,,,,,,138.48927,99.0,2.5,stalzone-database/ru/items/armor/combined/_variants/2oqnl/2.json
2oqnl,2oqnl,3,True,Костюм АО-1 «Бродяга»,armor/combined,Новичок,Комбинированные,RANK_NEWBIE,PERSONAL_ON_USE,4.0,100.0,100.0,39.733902,,-1.0,,,,,2.0,,6.0,,40.0,,,37.0,37.0,50.0,50.0,50.0,100.0,30.0,70.0,30.0,,,,,,,,,,,,,139.733902,99.0,2.5,stalzone-database/ru/items/armor/combined/_variants/2oqnl/3.json
2oqnl,2oqnl,4,True,Костюм АО-1 «Бродяга»,armor/combined,Новичок,Комбинированные,RANK_NEWBIE,PERSONAL_ON_USE,4.0,100.0,100.0,40.978535,,-1.0,,,,,2.0,,6.0,,40.0,,,37.0,37.0,50.0,50.0,50.0,100.0,30.0,70.0,30.0,,,,,,,,,,,,,140.978535,99.0,2.5,stalzone-database/ru/items/armor/combined/_variants/2oqnl/4.json
2oqnl,2oqnl,5,True,Костюм АО-1 «Бродяга»,armor/combined,Новичок,Комбинированные,RANK_NEWBIE,PERSONAL_ON_USE,4.0,100.0,100.0,44.712437,,-1.0,,,,,2.0,,6.0,,40.0,,,37.0,37.0,50.0,50.0,50.0,100.0,30.0,70.0,30.0,,,,,,,,,,,,,144.712437,99.0,2.5,stalzone-database/ru/items/armor/combined/_variants/2oqnl/5.json
2oqnl,2oqnl,6,True,Костюм АО-1 «Бродяга»,armor/combined,Новичок,Комбинированные,RANK_NEWBIE,PERSONAL_ON_USE,4.0,100.0,100.0,46.579388,,-1.0,,,,,2.0,,6.0,,40.0,,,37.0,37.0,50.0,50.0,50.0,100.0,30.0,70.0,30.0,,,,,,,,,,,,,146.579388,99.0,2.5,stalzone-database/ru/items/armor/combined/_variants/2oqnl/6.json
2oqnl,2oqnl,7,True,Костюм АО-1 «Бродяга»,armor/combined,Новичок,Комбинированные,RANK_NEWBIE,PERSONAL_ON_USE,4.0,100.0,100.0,48.446342,,-1.0,,,,,2.0,,6.0,,40.0,,,37.0,37.0,50.0,50.0,50.0,100.0,30.0,70.0,30.0,,,,,,,,,,,,,148.44634200000002,99.0,2.5,stalzone-database/ru/items/armor/combined/_variants/2oqnl/7.json
2oqnl,2oqnl,8,True,Костюм АО-1 «Бродяга»,armor/combined,Новичок,Комбинированные,RANK_NEWBIE,PERSONAL_ON_USE,4.0,100.0,100.0,50.313293,,-1.0,,,,,2.0,,6.0,,40.0,,,37.0,37.0,50.0,50.0,50.0,100.0,30.0,70.0,30.0,,,,,,,,,,,,,150.313293,99.0,2.5,stalzone-database/ru/items/armor/combined/_variants/2oqnl/8.json
2oqnl,2oqnl,9,True,Костюм АО-1 «Бродяга»,armor/combined,Новичок,Комбинированные,RANK_NEWBIE,PERSONAL_ON_USE,4.0,100.0,100.0,52.180244,,-1.0,,,,,2.0,,6.0,,40.0,,,37.0,37.0,50.0,50.0,50.0,100.0,30.0,70.0,30.0,,,,,,,,,,,,,152.18024400000002,99.0,2.5,stalzone-database/ru/items/armor/combined/_variants/2oqnl/9.json
2oqnl,2oqnl,10,True,Костюм АО-1 «Бродяга»,armor/combined,Новичок,Комбинированные,RANK_NEWBIE,PERSONAL_ON_USE,4.0,100.0,100.0,57.656628,,-1.0,,,,,2.0,,6.0,,40.0,,,37.0,37.0,50.0,50.0,50.0,100.0,30.0,70.0,30.0,,,,,,,,,,,,,157.656628,99.0,2.5,stalzone-database/ru/items/armor/combined/_variants/2oqnl/10.json
2oqnl,2oqnl,11,True,Костюм АО-1 «Бродяга»,armor/combined,Новичок,Комбинированные,RANK_NEWBIE,PERSONAL_ON_USE,4.0,100.0,100.0,60.39483,,-1.0,,,,,2.0,,6.0,,40.0,,,37.0,37.0,50.0,50.0,50.0,100.0,30.0,70.0,30.0,,,,,,,,,,,,,160.39483,99.0,2.5,stalzone-database/ru/items/armor/combined/_variants/2oqnl/11.json
2oqnl,2oqnl,12,True,Костюм АО-1 «Бродяга»,armor/combined,Новичок,Комбинированные,RANK_NEWBIE,PERSONAL_ON_USE,4.0,100.0,100.0,63.13302,,-1.0,,,,,2.0,,6.0,,40.0,,,37.0,37.0,50.0,50.0,50.0,100.0,30.0,70.0,30.0,,,,,,,,,,,,,163.13302,99.0,2.5,stalzone-database/ru/items/armor/combined/_variants/2oqnl/12.json
2oqnl,2oqnl,13,True,Костюм АО-1 «Бродяга»,armor/combined,Новичок,Комбинированные,RANK_NEWBIE,PERSONAL_ON_USE,4.0,100.0,100.0,65.87122,,-1.0,,,,,2.0,,6.0,,40.0,,,37.0,37.0,50.0,50.0,50.0,100.0,30.0,70.0,30.0,,,,,,,,,,,,,165.87122,99.0,2.5,stalzone-database/ru/items/armor/combined/_variants/2oqnl/13.json
2oqnl,2oqnl,14,True,Костюм АО-1 «Бродяга»,armor/combined,Новичок,Комбинированные,RANK_NEWBIE,PERSONAL_ON_USE,4.0,100.0,100.0,68.60941,,-1.0,,,,,2.0,,6.0,,40.0,,,37.0,37.0,50.0,50.0,50.0,100.0,30.0,70.0,30.0,,,,,,,,,,,,,168.60941,99.0,2.5,stalzone-database/ru/items/armor/combined/_variants/2oqnl/14.json
2oqnl,2oqnl,15,True,Костюм АО-1 «Бродяга»,armor/combined,Новичок,Комбинированные,RANK_NEWBIE,PERSONAL_ON_USE,4.0,100.0,100.0,72.0,,-1.0,,,,,2.0,,6.0,,40.0,,,37.0,37.0,50.0,50.0,50.0,100.0,30.0,70.0,30.0,,,,,,,,,,,,,172.0,99.0,2.5,stalzone-database/ru/items/armor/combined/_variants/2oqnl/15.json
2ovr0,2ovr0,0,False,Комбинезон «Сатурн»,armor/scientist,Мастер,Научные,RANK_MASTER,PERSONAL_ON_USE,13.0,100.0,100.0,178.0,,,,,,,,,12.0,,30.0,,,96.0,100.0,1000.0,1000.0,1000.0,415.0,415.0,415.0,415.0,,,,,,,,,,,,,278.0,100.0,0.5,stalzone-database/ru/items/armor/scientist/2ovr0.json
2ovr0,2ovr0,1,True,Комбинезон «Сатурн»,armor/scientist,Мастер,Научные,RANK_MASTER,PERSONAL_ON_USE,13.0,100.0,100.0,180.54518,,,,,,,,,12.0,,30.0,,,96.0,100.0,1000.0,1000.0,1000.0,415.0,415.0,415.0,415.0,,,,,,,,,,,,,280.54517999999996,100.0,0.5,stalzone-database/ru/items/armor/scientist/_variants/2ovr0/1.json
2ovr0,2ovr0,2,True,Комбинезон «Сатурн»,armor/scientist,Мастер,Научные,RANK_MASTER,PERSONAL_ON_USE,13.0,100.0,100.0,183.09038,,,,,,,,,12.0,,30.0,,,96.0,100.0,1000.0,1000.0,1000.0,415.0,415.0,415.0,415.0,,,,,,,,,,,,,283.09038,100.0,0.5,stalzone-database/ru/items/armor/scientist/_variants/2ovr0/2.json
2ovr0,2ovr0,3,True,Комбинезон «Сатурн»,armor/scientist,Мастер,Научные,RANK_MASTER,PERSONAL_ON_USE,13.0,100.0,100.0,185.63556,,,,,,,,,12.0,,30.0,,,96.0,100.0,1000.0,1000.0,1000.0,415.0,415.0,415.0,415.0,,,,,,,,,,,,,285.63556,100.0,0.5,stalzone-database/ru/items/armor/scientist/_variants/2ovr0/3.json
2ovr0,2ovr0,4,True,Комбинезон «Сатурн»,armor/scientist,Мастер,Научные,RANK_MASTER,PERSONAL_ON_USE,13.0,100.0,100.0,188.18073,,,,,,,,,12.0,,30.0,,,96.0,100.0,1000.0,1000.0,1000.0,415.0,415.0,415.0,415.0,,,,,,,,,,,,,288.18073000000004,100.0,0.5,stalzone-database/ru/items/armor/scientist/_variants/2ovr0/4.json
2ovr0,2ovr0,5,True,Комбинезон «Сатурн»,armor/scientist,Мастер,Научные,RANK_MASTER,PERSONAL_ON_USE,13.0,100.0,100.0,195.81628,,,,,,,,,12.0,,30.0,,,96.0,100.0,1000.0,1000.0,1000.0,415.0,415.0,415.0,415.0,,,,,,,,,,,,,295.81628,100.0,0.5,stalzone-database/ru/items/armor/scientist/_variants/2ovr0/5.json
2ovr0,2ovr0,6,True,Комбинезон «Сатурн»,armor/scientist,Мастер,Научные,RANK_MASTER,PERSONAL_ON_USE,13.0,100.0,100.0,199.63405,,,,,,,,,12.0,,30.0,,,96.0,100.0,1000.0,1000.0,1000.0,415.0,415.0,415.0,415.0,,,,,,,,,,,,,299.63405,100.0,0.5,stalzone-database/ru/items/armor/scientist/_variants/2ovr0/6.json
2ovr0,2ovr0,7,True,Комбинезон «Сатурн»,armor/scientist,Мастер,Научные,RANK_MASTER,PERSONAL_ON_USE,13.0,100.0,100.0,203.45181,,,,,,,,,12.0,,30.0,,,96.0,100.0,1000.0,1000.0,1000.0,415.0,415.0,415.0,415.0,,,,,,,,,,,,,303.45181,100.0,0.5,stalzone-database/ru/items/armor/scientist/_variants/2ovr0/7.json
2ovr0,2ovr0,8,True,Комбинезон «Сатурн»,armor/scientist,Мастер,Научные,RANK_MASTER,PERSONAL_ON_USE,13.0,100.0,100.0,207.2696,,,,,,,,,12.0,,30.0,,,96.0,100.0,1000.0,1000.0,1000.0,415.0,415.0,415.0,415.0,,,,,,,,,,,,,307.26959999999997,100.0,0.5,stalzone-database/ru/items/armor/scientist/_variants/2ovr0/8.json
2ovr0,2ovr0,9,True,Комбинезон «Сатурн»,armor/scientist,Мастер,Научные,RANK_MASTER,PERSONAL_ON_USE,13.0,100.0,100.0,211.08737,,,,,,,,,12.0,,30.0,,,96.0,100.0,1000.0,1000.0,1000.0,415.0,415.0,415.0,415.0,,,,,,,,,,,,,311.08736999999996,100.0,0.5,stalzone-database/ru/items/armor/scientist/_variants/2ovr0/9.json
2ovr0,2ovr0,10,True,Комбинезон «Сатурн»,armor/scientist,Мастер,Научные,RANK_MASTER,PERSONAL_ON_USE,13.0,100.0,100.0,222.28618,,,,,,,,,12.0,,30.0,,,96.0,100.0,1000.0,1000.0,1000.0,415.0,415.0,415.0,415.0,,,,,,,,,,,,,322.28618,100.0,0.5,stalzone-database/ru/items/armor/scientist/_variants/2ovr0/10.json
2ovr0,2ovr0,11,True,Комбинезон «Сатурн»,armor/scientist,Мастер,Научные,RANK_MASTER,PERSONAL_ON_USE,13.0,100.0,100.0,227.88557,,,,,,,,,12.0,,30.0,,,96.0,100.0,1000.0,1000.0,1000.0,415.0,415.0,415.0,415.0,,,,,,,,,,,,,327.88557000000003,100.0,0.5,stalzone-database/ru/items/armor/scientist/_variants/2ovr0/11.json
2ovr0,2ovr0,12,True,Комбинезон «Сатурн»,armor/scientist,Мастер,Научные,RANK_MASTER,PERSONAL_ON_USE,13.0,100.0,100.0,233.485,,,,,,,,,12.0,,30.0,,,96.0,100.0,1000.0,1000.0,1000.0,415.0,415.0,415.0,415.0,,,,,,,,,,,,,333.485,100.0,0.5,stalzone-database/ru/items/armor/scientist/_variants/2ovr0/12.json
2ovr0,2ovr0,13,True,Комбинезон «Сатурн»,armor/scientist,Мастер,Научные,RANK_MASTER,PERSONAL_ON_USE,13.0,100.0,100.0,239.0844,,,,,,,,,12.0,,30.0,,,96.0,100.0,1000.0,1000.0,1000.0,415.0,415.0,415.0,415.0,,,,,,,,,,,,,339.08439999999996,100.0,0.5,stalzone-database/ru/items/armor/scientist/_variants/2ovr0/13.json
2ovr0,2ovr0,14,True,Комбинезон «Сатурн»,armor/scientist,Мастер,Научные,RANK_MASTER,PERSONAL_ON_USE,13.0,100.0,100.0,244.68379,,,,,,,,,12.0,,30.0,,,96.0,100.0,1000.0,1000.0,1000.0,415.0,415.0,415.0,415.0,,,,,,,,,,,,,344.68379,100.0,0.5,stalzone-database/ru/items/armor/scientist/_variants/2ovr0/14.json
2ovr0,2ovr0,15,True,Комбинезон «Сатурн»,armor/scientist,Мастер,Научные,RANK_MASTER,PERSONAL_ON_USE,13.0,100.0,100.0,261.482,,,,,,,,,12.0,,30.0,,,96.0,100.0,1000.0,1000.0,1000.0,415.0,415.0,415.0,415.0,,,,,,,,,,,,,361.482,100.0,0.5,stalzone-database/ru/items/armor/scientist/_variants/2ovr0/15.json
2ovwm,2ovwm,0,False,Штурмовой ПНВ (белый),armor/device,Мастер,Устройства,RANK_MASTER,PERSONAL_ON_USE,2.5,,,,,,,,,,,,,,,,,,,,,,,,,,,,,,,,,,,,,,100.0,100.0,0.5,stalzone-database/ru/items/armor/device/2ovwm.json
3g6p5,3g6p5,0,False,Костюм «Штрих»,armor/clothes,Отмычка,Одежда,DEFAULT,PERSONAL_ON_USE,1.5,100.0,100.0,20.0,,1.0,,,,,,,5.0,,50.0,,,106.0,25.0,11.0,11.0,11.0,5.0,0.0,5.0,0.0,20.0,,,,,,,,,,,,120.0,101.0,0.5,stalzone-database/ru/items/armor/clothes/3g6p5.json
3g6p5,3g6p5,1,True,Костюм «Штрих»,armor/clothes,Отмычка,Одежда,DEFAULT,PERSONAL_ON_USE,1.5,100.0,100.0,21.09756,,1.0,,,,,,,5.0,,50.0,,,106.0,25.0,11.0,11.0,11.0,5.0,0.0,5.0,0.0,20.0,,,,,,,,,,,,121.09755999999999,101.0,0.5,stalzone-database/ru/items/armor/clothes/_variants/3g6p5/1.json
3g6p5,3g6p5,2,True,Костюм «Штрих»,armor/clothes,Отмычка,Одежда,DEFAULT,PERSONAL_ON_USE,1.5,100.0,100.0,22.195122,,1.0,,,,,,,5.0,,50.0,,,106.0,25.0,11.0,11.0,11.0,5.0,0.0,5.0,0.0,20.0,,,,,,,,,,,,122.195122,101.0,0.5,stalzone-database/ru/items/armor/clothes/_variants/3g6p5/2.json
3g6p5,3g6p5,3,True,Костюм «Штрих»,armor/clothes,Отмычка,Одежда,DEFAULT,PERSONAL_ON_USE,1.5,100.0,100.0,23.292683,,1.0,,,,,,,5.0,,50.0,,,106.0,25.0,11.0,11.0,11.0,5.0,0.0,5.0,0.0,20.0,,,,,,,,,,,,123.292683,101.0,0.5,stalzone-database/ru/items/armor/clothes/_variants/3g6p5/3.json
3g6p5,3g6p5,4,True,Костюм «Штрих»,armor/clothes,Отмычка,Одежда,DEFAULT,PERSONAL_ON_USE,1.5,100.0,100.0,24.390244,,1.0,,,,,,,5.0,,50.0,,,106.0,25.0,11.0,11.0,11.0,5.0,0.0,5.0,0.0,20.0,,,,,,,,,,,,124.390244,101.0,0.5,stalzone-database/ru/items/armor/clothes/_variants/3g6p5/4.json
3g6p5,3g6p5,5,True,Костюм «Штрих»,armor/clothes,Отмычка,Одежда,DEFAULT,PERSONAL_ON_USE,1.5,100.0,100.0,27.682926,,1.0,,,,,,,5.0,,50.0,,,106.0,25.0,11.0,11.0,11.0,5.0,0.0,5.0,0.0,20.0,,,,,,,,,,,,127.682926,101.0,0.5,stalzone-database/ru/items/armor/clothes/_variants/3g6p5/5.json
3g6p5,3g6p5,6,True,Костюм «Штрих»,armor/clothes,Отмычка,Одежда,DEFAULT,PERSONAL_ON_USE,1.5,100.0,100.0,29.329266,,1.0,,,,,,,5.0,,50.0,,,106.0,25.0,11.0,11.0,11.0,5.0,0.0,5.0,0.0,20.0,,,,,,,,,,,,129.329266,101.0,0.5,stalzone-database/ru/items/armor/clothes/_variants/3g6p5/6.json
3g6p5,3g6p5,7,True,Костюм «Штрих»,armor/clothes,Отмычка,Одежда,DEFAULT,PERSONAL_ON_USE,1.5,100.0,100.0,30.975609,,1.0,,,,,,,5.0,,50.0,,,106.0,25.0,11.0,11.0,11.0,5.0,0.0,5.0,0.0,20.0,,,,,,,,,,,,130.975609,101.0,0.5,stalzone-database/ru/items/armor/clothes/_variants/3g6p5/7.json
3g6p5,3g6p5,8,True,Костюм «Штрих»,armor/clothes,Отмычка,Одежда,DEFAULT,PERSONAL_ON_USE,1.5,100.0,100.0,32.621952,,1.0,,,,,,,5.0,,50.0,,,106.0,25.0,11.0,11.0,11.0,5.0,0.0,5.0,0.0,20.0,,,,,,,,,,,,132.621952,101.0,0.5,stalzone-database/ru/items/armor/clothes/_variants/3g6p5/8.json
3g6p5,3g6p5,9,True,Костюм «Штрих»,armor/clothes,Отмычка,Одежда,DEFAULT,PERSONAL_ON_USE,1.5,100.0,100.0,34.26829,,1.0,,,,,,,5.0,,50.0,,,106.0,25.0,11.0,11.0,11.0,5.0,0.0,5.0,0.0,20.0,,,,,,,,,,,,134.26829,101.0,0.5,stalzone-database/ru/items/armor/clothes/_variants/3g6p5/9.json
3g6p5,3g6p5,10,True,Костюм «Штрих»,armor/clothes,Отмычка,Одежда,DEFAULT,PERSONAL_ON_USE,1.5,100.0,100.0,39.097557,,1.0,,,,,,,5.0,,50.0,,,106.0,25.0,11.0,11.0,11.0,5.0,0.0,5.0,0.0,20.0,,,,,,,,,,,,139.097557,101.0,0.5,stalzone-database/ru/items/armor/clothes/_variants/3g6p5/10.json
3g6p5,3g6p5,11,True,Костюм «Штрих»,armor/clothes,Отмычка,Одежда,DEFAULT,PERSONAL_ON_USE,1.5,100.0,100.0,40.0,,1.0,,,,,,,5.0,,50.0,,,106.0,25.0,11.0,11.0,11.0,5.0,0.0,5.0,0.0,20.0,,,,,,,,,,,,140.0,101.0,0.5,stalzone-database/ru/items/armor/clothes/_variants/3g6p5/11.json
3g6p5,3g6p5,12,True,Костюм «Штрих»,armor/clothes,Отмычка,Одежда,DEFAULT,PERSONAL_ON_USE,1.5,100.0,100.0,40.0,,1.0,,,,,,,5.0,,50.0,,,106.0,25.0,11.0,11.0,11.0,5.0,0.0,5.0,0.0,20.0,,,,,,,,,,,,140.0,101.0,0.5,stalzone-database/ru/items/armor/clothes/_variants/3g6p5/12.json
3g6p5,3g6p5,13,True,Костюм «Штрих»,armor/clothes,Отмычка,Одежда,DEFAULT,PERSONAL_ON_USE,1.5,100.0,100.0,40.0,,1.0,,,,,,,5.0,,50.0,,,106.0,25.0,11.0,11.0,11.0,5.0,0.0,5.0,0.0,20.0,,,,,,,,,,,,140.0,101.0,0.5,stalzone-database/ru/items/armor/clothes/_variants/3g6p5/13.json
3g6p5,3g6p5,14,True,Костюм «Штрих»,armor/clothes,Отмычка,Одежда,DEFAULT,PERSONAL_ON_USE,1.5,100.0,100.0,40.0,,1.0,,,,,,,5.0,,50.0,,,106.0,25.0,11.0,11.0,11.0,5.0,0.0,5.0,0.0,20.0,,,,,,,,,,,,140.0,101.0,0.5,stalzone-database/ru/items/armor/clothes/_variants/3g6p5/14.json
3g6p5,3g6p5,15,True,Костюм «Штрих»,armor/clothes,Отмычка,Одежда,DEFAULT,PERSONAL_ON_USE,1.5,100.0,100.0,40.0,,1.0,,,,,,,5.0,,50.0,,,106.0,25.0,11.0,11.0,11.0,5.0,0.0,5.0,0.0,20.0,,,,,,,,,,,,140.0,101.0,0.5,stalzone-database/ru/items/armor/clothes/_variants/3g6p5/15.json
3g6rl,3g6rl,0,False,Бронекостюм «Гоплит»,armor/combat,Ветеран,Боевые,RANK_VETERAN,PERSONAL_ON_USE,10.0,100.0,100.0,153.0,,-2.0,,-5.0,,,,,12.0,,50.0,,,131.0,188.0,30.0,30.0,30.0,170.0,40.0,150.0,100.0,,,,,,,,,,,,,253.0,98.0,0.5,stalzone-database/ru/items/armor/combat/3g6rl.json
3g6rl,3g6rl,1,True,Бронекостюм «Гоплит»,armor/combat,Ветеран,Боевые,RANK_VETERAN,PERSONAL_ON_USE,10.0,100.0,100.0,155.31833,,-2.0,,-5.0,,,,,12.0,,50.0,,,131.0,188.0,30.0,30.0,30.0,170.0,40.0,150.0,100.0,,,,,,,,,,,,,255.31832999999997,98.0,0.5,stalzone-database/ru/items/armor/combat/_variants/3g6rl/1.json
3g6rl,3g6rl,2,True,Бронекостюм «Гоплит»,armor/combat,Ветеран,Боевые,RANK_VETERAN,PERSONAL_ON_USE,10.0,100.0,100.0,157.63666,,-2.0,,-5.0,,,,,12.0,,50.0,,,131.0,188.0,30.0,30.0,30.0,170.0,40.0,150.0,100.0,,,,,,,,,,,,,257.63666,98.0,0.5,stalzone-database/ru/items/armor/combat/_variants/3g6rl/2.json
3g6rl,3g6rl,3,True,Бронекостюм «Гоплит»,armor/combat,Ветеран,Боевые,RANK_VETERAN,PERSONAL_ON_USE,10.0,100.0,100.0,159.95497,,-2.0,,-5.0,,,,,12.0,,50.0,,,131.0,188.0,30.0,30.0,30.0,170.0,40.0,150.0,100.0,,,,,,,,,,,,,259.95497,98.0,0.5,stalzone-database/ru/items/armor/combat/_variants/3g6rl/3.json
3g6rl,3g6rl,4,True,Бронекостюм «Гоплит»,armor/combat,Ветеран,Боевые,RANK_VETERAN,PERSONAL_ON_USE,10.0,100.0,100.0,162.27328,,-2.0,,-5.0,,,,,12.0,,50.0,,,131.0,188.0,30.0,30.0,30.0,170.0,40.0,150.0,100.0,,,,,,,,,,,,,262.27328,98.0,0.5,stalzone-database/ru/items/armor/combat/_variants/3g6rl/4.json
3g6rl,3g6rl,5,True,Бронекостюм «Гоплит»,armor/combat,Ветеран,Боевые,RANK_VETERAN,PERSONAL_ON_USE,10.0,100.0,100.0,169.22826,,-2.0,,-5.0,,,,,12.0,,50.0,,,131.0,188.0,30.0,30.0,30.0,170.0,40.0,150.0,100.0,,,,,,,,,,,,,269.22826,98.0,0.5,stalzone-database/ru/items/armor/combat/_variants/3g6rl/5.json
3g6rl,3g6rl,6,True,Бронекостюм «Гоплит»,armor/combat,Ветеран,Боевые,RANK_VETERAN,PERSONAL_ON_USE,10.0,100.0,100.0,172.70575,,-2.0,,-5.0,,,,,12.0,,50.0,,,131.0,188.0,30.0,30.0,30.0,170.0,40.0,150.0,100.0,,,,,,,,,,,,,272.70574999999997,98.0,0.5,stalzone-database/ru/items/armor/combat/_variants/3g6rl/6.json
3g6rl,3g6rl,7,True,Бронекостюм «Гоплит»,armor/combat,Ветеран,Боевые,RANK_VETERAN,PERSONAL_ON_USE,10.0,100.0,100.0,176.18324,,-2.0,,-5.0,,,,,12.0,,50.0,,,131.0,188.0,30.0,30.0,30.0,170.0,40.0,150.0,100.0,,,,,,,,,,,,,276.18324,98.0,0.5,stalzone-database/ru/items/armor/combat/_variants/3g6rl/7.json
3g6rl,3g6rl,8,True,Бронекостюм «Гоплит»,armor/combat,Ветеран,Боевые,RANK_VETERAN,PERSONAL_ON_USE,10.0,100.0,100.0,179.6607,,-2.0,,-5.0,,,,,12.0,,50.0,,,131.0,188.0,30.0,30.0,30.0,170.0,40.0,150.0,100.0,,,,,,,,,,,,,279.6607,98.0,0.5,stalzone-database/ru/items/armor/combat/_variants/3g6rl/8.json
3g6rl,3g6rl,9,True,Бронекостюм «Гоплит»,armor/combat,Ветеран,Боевые,RANK_VETERAN,PERSONAL_ON_USE,10.0,100.0,100.0,183.1382,,-2.0,,-5.0,,,,,12.0,,50.0,,,131.0,188.0,30.0,30.0,30.0,170.0,40.0,150.0,100.0,,,,,,,,,,,,,283.1382,98.0,0.5,stalzone-database/ru/items/armor/combat/_variants/3g6rl/9.json
3g6rl,3g6rl,10,True,Бронекостюм «Гоплит»,armor/combat,Ветеран,Боевые,RANK_VETERAN,PERSONAL_ON_USE,10.0,100.0,100.0,193.33882,,-2.0,,-5.0,,,,,12.0,,50.0,,,131.0,188.0,30.0,30.0,30.0,170.0,40.0,150.0,100.0,,,,,,,,,,,,,293.33882,98.0,0.5,stalzone-database/ru/items/armor/combat/_variants/3g6rl/10.json
3g6rl,3g6rl,11,True,Бронекостюм «Гоплит»,armor/combat,Ветеран,Боевые,RANK_VETERAN,PERSONAL_ON_USE,10.0,100.0,100.0,198.43913,,-2.0,,-5.0,,,,,12.0,,50.0,,,131.0,188.0,30.0,30.0,30.0,170.0,40.0,150.0,100.0,,,,,,,,,,,,,298.43913,98.0,0.5,stalzone-database/ru/items/armor/combat/_variants/3g6rl/11.json
3g6rl,3g6rl,12,True,Бронекостюм «Гоплит»,armor/combat,Ветеран,Боевые,RANK_VETERAN,PERSONAL_ON_USE,10.0,100.0,100.0,203.53943,,-2.0,,-5.0,,,,,12.0,,50.0,,,131.0,188.0,30.0,30.0,30.0,170.0,40.0,150.0,100.0,,,,,,,,,,,,,303.53943000000004,98.0,0.5,stalzone-database/ru/items/armor/combat/_variants/3g6rl/12.json
3g6rl,3g6rl,13,True,Бронекостюм «Гоплит»,armor/combat,Ветеран,Боевые,RANK_VETERAN,PERSONAL_ON_USE,10.0,100.0,100.0,208.63976,,-2.0,,-5.0,,,,,12.0,,50.0,,,131.0,188.0,30.0,30.0,30.0,170.0,40.0,150.0,100.0,,,,,,,,,,,,,308.63976,98.0,0.5,stalzone-database/ru/items/armor/combat/_variants/3g6rl/13.json
3g6rl,3g6rl,14,True,Бронекостюм «Гоплит»,armor/combat,Ветеран,Боевые,RANK_VETERAN,PERSONAL_ON_USE,10.0,100.0,100.0,213.74007,,-2.0,,-5.0,,,,,12.0,,50.0,,,131.0,188.0,30.0,30.0,30.0,170.0,40.0,150.0,100.0,,,,,,,,,,,,,313.74007,98.0,0.5,stalzone-database/ru/items/armor/combat/_variants/3g6rl/14.json
3g6rl,3g6rl,15,True,Бронекостюм «Гоплит»,armor/combat,Ветеран,Боевые,RANK_VETERAN,PERSONAL_ON_USE,10.0,100.0,100.0,229.041,,-2.0,,-5.0,,,,,12.0,,50.0,,,131.0,188.0,30.0,30.0,30.0,170.0,40.0,150.0,100.0,,,,,,,,,,,,,329.041,98.0,0.5,stalzone-database/ru/items/armor/combat/_variants/3g6rl/15.json
3gd2k,3gd2k,0,False,Штурмовой ПНВ (синий),armor/device,Мастер,Устройства,RANK_MASTER,PERSONAL_ON_USE,2.5,,,,,,,,,,,,,,,,,,,,,,,,,,,,,,,,,,,,,,100.0,100.0,0.5,stalzone-database/ru/items/armor/device/3gd2k.json
4ql0r,4ql0r,0,False,Плащ,armor/combat,Отмычка,Боевые,DEFAULT,PERSONAL_ON_USE,2.0,100.0,100.0,26.0,,,,,,,,,5.0,,45.0,,,112.0,25.0,0.0,0.0,0.0,10.0,0.0,10.0,0.0,,,,,,,,,,,,,126.0,100.0,0.5,stalzone-database/ru/items/armor/combat/4ql0r.json
4ql0r,4ql0r,1,True,Плащ,armor/combat,Отмычка,Боевые,DEFAULT,PERSONAL_ON_USE,2.0,100.0,100.0,27.152561,,,,,,,,,5.0,,45.0,,,112.0,25.0,0.0,0.0,0.0,10.0,0.0,10.0,0.0,,,,,,,,,,,,,127.15256099999999,100.0,0.5,stalzone-database/ru/items/armor/combat/_variants/4ql0r/1.json
4ql0r,4ql0r,2,True,Плащ,armor/combat,Отмычка,Боевые,DEFAULT,PERSONAL_ON_USE,2.0,100.0,100.0,28.305122,,,,,,,,,5.0,,45.0,,,112.0,25.0,0.0,0.0,0.0,10.0,0.0,10.0,0.0,,,,,,,,,,,,,128.305122,100.0,0.5,stalzone-database/ru/items/armor/combat/_variants/4ql0r/2.json
4ql0r,4ql0r,3,True,Плащ,armor/combat,Отмычка,Боевые,DEFAULT,PERSONAL_ON_USE,2.0,100.0,100.0,29.457682,,,,,,,,,5.0,,45.0,,,112.0,25.0,0.0,0.0,0.0,10.0,0.0,10.0,0.0,,,,,,,,,,,,,129.457682,100.0,0.5,stalzone-database/ru/items/armor/combat/_variants/4ql0r/3.json
4ql0r,4ql0r,4,True,Плащ,armor/combat,Отмычка,Боевые,DEFAULT,PERSONAL_ON_USE,2.0,100.0,100.0,30.610243,,,,,,,,,5.0,,45.0,,,112.0,25.0,0.0,0.0,0.0,10.0,0.0,10.0,0.0,,,,,,,,,,,,,130.610243,100.0,0.5,stalzone-database/ru/items/armor/combat/_variants/4ql0r/4.json
4ql0r,4ql0r,5,True,Плащ,armor/combat,Отмычка,Боевые,DEFAULT,PERSONAL_ON_USE,2.0,100.0,100.0,34.06793,,,,,,,,,5.0,,45.0,,,112.0,25.0,0.0,0.0,0.0,10.0,0.0,10.0,0.0,,,,,,,,,,,,,134.06793,100.0,0.5,stalzone-database/ru/items/armor/combat/_variants/4ql0r/5.json
4ql0r,4ql0r,6,True,Плащ,armor/combat,Отмычка,Боевые,DEFAULT,PERSONAL_ON_USE,2.0,100.0,100.0,35.79677,,,,,,,,,5.0,,45.0,,,112.0,25.0,0.0,0.0,0.0,10.0,0.0,10.0,0.0,,,,,,,,,,,,,135.79677,100.0,0.5,stalzone-database/ru/items/armor/combat/_variants/4ql0r/6.json
4ql0r,4ql0r,7,True,Плащ,armor/combat,Отмычка,Боевые,DEFAULT,PERSONAL_ON_USE,2.0,100.0,100.0,37.525608,,,,,,,,,5.0,,45.0,,,112.0,25.0,0.0,0.0,0.0,10.0,0.0,10.0,0.0,,,,,,,,,,,,,137.525608,100.0,0.5,stalzone-database/ru/items/armor/combat/_variants/4ql0r/7.json
4ql0r,4ql0r,8,True,Плащ,armor/combat,Отмычка,Боевые,DEFAULT,PERSONAL_ON_USE,2.0,100.0,100.0,39.25445,,,,,,,,,5.0,,45.0,,,112.0,25.0,0.0,0.0,0.0,10.0,0.0,10.0,0.0,,,,,,,,,,,,,139.25445,100.0,0.5,stalzone-database/ru/items/armor/combat/_variants/4ql0r/8.json
4ql0r,4ql0r,9,True,Плащ,armor/combat,Отмычка,Боевые,DEFAULT,PERSONAL_ON_USE,2.0,100.0,100.0,40.983288,,,,,,,,,5.0,,45.0,,,112.0,25.0,0.0,0.0,0.0,10.0,0.0,10.0,0.0,,,,,,,,,,,,,140.98328800000002,100.0,0.5,stalzone-database/ru/items/armor/combat/_variants/4ql0r/9.json
4ql0r,4ql0r,10,True,Плащ,armor/combat,Отмычка,Боевые,DEFAULT,PERSONAL_ON_USE,2.0,100.0,100.0,46.054558,,,,,,,,,5.0,,45.0,,,112.0,25.0,0.0,0.0,0.0,10.0,0.0,10.0,0.0,,,,,,,,,,,,,146.054558,100.0,0.5,stalzone-database/ru/items/armor/combat/_variants/4ql0r/10.json
4ql0r,4ql0r,11,True,Плащ,armor/combat,Отмычка,Боевые,DEFAULT,PERSONAL_ON_USE,2.0,100.0,100.0,48.590195,,,,,,,,,5.0,,45.0,,,112.0,25.0,0.0,0.0,0.0,10.0,0.0,10.0,0.0,,,,,,,,,,,,,148.590195,100.0,0.5,stalzone-database/ru/items/armor/combat/_variants/4ql0r/11.json
4ql0r,4ql0r,12,True,Плащ,armor/combat,Отмычка,Боевые,DEFAULT,PERSONAL_ON_USE,2.0,100.0,100.0,51.125828,,,,,,,,,5.0,,45.0,,,112.0,25.0,0.0,0.0,0.0,10.0,0.0,10.0,0.0,,,,,,,,,,,,,151.125828,100.0,0.5,stalzone-database/ru/items/armor/combat/_variants/4ql0r/12.json
4ql0r,4ql0r,13,True,Плащ,armor/combat,Отмычка,Боевые,DEFAULT,PERSONAL_ON_USE,2.0,100.0,100.0,52.0,,,,,,,,,5.0,,45.0,,,112.0,25.0,0.0,0.0,0.0,10.0,0.0,10.0,0.0,,,,,,,,,,,,,152.0,100.0,0.5,stalzone-database/ru/items/armor/combat/_variants/4ql0r/13.json
4ql0r,4ql0r,14,True,Плащ,armor/combat,Отмычка,Боевые,DEFAULT,PERSONAL_ON_USE,2.0,100.0,100.0,52.0,,,,,,,,,5.0,,45.0,,,112.0,25.0,0.0,0.0,0.0,10.0,0.0,10.0,0.0,,,,,,,,,,,,,152.0,100.0,0.5,stalzone-database/ru/items/armor/combat/_variants/4ql0r/14.json
4ql0r,4ql0r,15,True,Плащ,armor/combat,Отмычка,Боевые,DEFAULT,PERSONAL_ON_USE,2.0,100.0,100.0,52.0,,,,,,,,,5.0,,45.0,,,112.0,25.0,0.0,0.0,0.0,10.0,0.0,10.0,0.0,,,,,,,,,,,,,152.0,100.0,0.5,stalzone-database/ru/items/armor/combat/_variants/4ql0r/15.json
4ql1r,4ql1r,0,False,Бронекостюм «Центурион»,armor/combat,Мастер,Боевые,RANK_MASTER,PERSONAL_ON_USE,40.0,100.0,100.0,250.0,,-5.0,,-10.0,,,,,25.0,,50.0,,,193.0,300.0,50.0,50.0,50.0,200.0,100.0,200.0,200.0,,20.0,,,,,,,,,,,350.0,95.0,0.5,stalzone-database/ru/items/armor/combat/4ql1r.json
4ql1r,4ql1r,1,True,Бронекостюм «Центурион»,armor/combat,Мастер,Боевые,RANK_MASTER,PERSONAL_ON_USE,40.0,100.0,100.0,253.20122,,-5.0,,-10.0,,,,,25.0,,50.0,,,193.0,300.0,50.0,50.0,50.0,200.0,100.0,200.0,200.0,,20.0,,,,,,,,,,,353.20122000000003,95.0,0.5,stalzone-database/ru/items/armor/combat/_variants/4ql1r/1.json
4ql1r,4ql1r,2,True,Бронекостюм «Центурион»,armor/combat,Мастер,Боевые,RANK_MASTER,PERSONAL_ON_USE,40.0,100.0,100.0,256.40244,,-5.0,,-10.0,,,,,25.0,,50.0,,,193.0,300.0,50.0,50.0,50.0,200.0,100.0,200.0,200.0,,20.0,,,,,,,,,,,356.40244,95.0,0.5,stalzone-database/ru/items/armor/combat/_variants/4ql1r/2.json
4ql1r,4ql1r,3,True,Бронекостюм «Центурион»,armor/combat,Мастер,Боевые,RANK_MASTER,PERSONAL_ON_USE,40.0,100.0,100.0,259.60364,,-5.0,,-10.0,,,,,25.0,,50.0,,,193.0,300.0,50.0,50.0,50.0,200.0,100.0,200.0,200.0,,20.0,,,,,,,,,,,359.60364000000004,95.0,0.5,stalzone-database/ru/items/armor/combat/_variants/4ql1r/3.json
4ql1r,4ql1r,4,True,Бронекостюм «Центурион»,armor/combat,Мастер,Боевые,RANK_MASTER,PERSONAL_ON_USE,40.0,100.0,100.0,262.80487,,-5.0,,-10.0,,,,,25.0,,50.0,,,193.0,300.0,50.0,50.0,50.0,200.0,100.0,200.0,200.0,,20.0,,,,,,,,,,,362.80487,95.0,0.5,stalzone-database/ru/items/armor/combat/_variants/4ql1r/4.json
4ql1r,4ql1r,5,True,Бронекостюм «Центурион»,armor/combat,Мастер,Боевые,RANK_MASTER,PERSONAL_ON_USE,40.0,100.0,100.0,272.40854,,-5.0,,-10.0,,,,,25.0,,50.0,,,193.0,300.0,50.0,50.0,50.0,200.0,100.0,200.0,200.0,,20.0,,,,,,,,,,,372.40854,95.0,0.5,stalzone-database/ru/items/armor/combat/_variants/4ql1r/5.json
4ql1r,4ql1r,6,True,Бронекостюм «Центурион»,armor/combat,Мастер,Боевые,RANK_MASTER,PERSONAL_ON_USE,40.0,100.0,100.0,277.21036,,-5.0,,-10.0,,,,,25.0,,50.0,,,193.0,300.0,50.0,50.0,50.0,200.0,100.0,200.0,200.0,,20.0,,,,,,,,,,,377.21036,95.0,0.5,stalzone-database/ru/items/armor/combat/_variants/4ql1r/6.json
4ql1r,4ql1r,7,True,Бронекостюм «Центурион»,armor/combat,Мастер,Боевые,RANK_MASTER,PERSONAL_ON_USE,40.0,100.0,100.0,282.0122,,-5.0,,-10.0,,,,,25.0,,50.0,,,193.0,300.0,50.0,50.0,50.0,200.0,100.0,200.0,200.0,,20.0,,,,,,,,,,,382.0122,95.0,0.5,stalzone-database/ru/items/armor/combat/_variants/4ql1r/7.json
4ql1r,4ql1r,8,True,Бронекостюм «Центурион»,armor/combat,Мастер,Боевые,RANK_MASTER,PERSONAL_ON_USE,40.0,100.0,100.0,286.81403,,-5.0,,-10.0,,,,,25.0,,50.0,,,193.0,300.0,50.0,50.0,50.0,200.0,100.0,200.0,200.0,,20.0,,,,,,,,,,,386.81403,95.0,0.5,stalzone-database/ru/items/armor/combat/_variants/4ql1r/8.json
4ql1r,4ql1r,9,True,Бронекостюм «Центурион»,armor/combat,Мастер,Боевые,RANK_MASTER,PERSONAL_ON_USE,40.0,100.0,100.0,291.61584,,-5.0,,-10.0,,,,,25.0,,50.0,,,193.0,300.0,50.0,50.0,50.0,200.0,100.0,200.0,200.0,,20.0,,,,,,,,,,,391.61584000000005,95.0,0.5,stalzone-database/ru/items/armor/combat/_variants/4ql1r/9.json
4ql1r,4ql1r,10,True,Бронекостюм «Центурион»,armor/combat,Мастер,Боевые,RANK_MASTER,PERSONAL_ON_USE,40.0,100.0,100.0,305.7012,,-5.0,,-10.0,,,,,25.0,,50.0,,,193.0,300.0,50.0,50.0,50.0,200.0,100.0,200.0,200.0,,20.0,,,,,,,,,,,405.7012,95.0,0.5,stalzone-database/ru/items/armor/combat/_variants/4ql1r/10.json
4ql1r,4ql1r,11,True,Бронекостюм «Центурион»,armor/combat,Мастер,Боевые,RANK_MASTER,PERSONAL_ON_USE,40.0,100.0,100.0,312.7439,,-5.0,,-10.0,,,,,25.0,,50.0,,,193.0,300.0,50.0,50.0,50.0,200.0,100.0,200.0,200.0,,20.0,,,,,,,,,,,412.7439,95.0,0.5,stalzone-database/ru/items/armor/combat/_variants/4ql1r/11.json
4ql1r,4ql1r,12,True,Бронекостюм «Центурион»,armor/combat,Мастер,Боевые,RANK_MASTER,PERSONAL_ON_USE,40.0,100.0,100.0,319.7866,,-5.0,,-10.0,,,,,25.0,,50.0,,,193.0,300.0,50.0,50.0,50.0,200.0,100.0,200.0,200.0,,20.0,,,,,,,,,,,419.7866,95.0,0.5,stalzone-database/ru/items/armor/combat/_variants/4ql1r/12.json
4ql1r,4ql1r,13,True,Бронекостюм «Центурион»,armor/combat,Мастер,Боевые,RANK_MASTER,PERSONAL_ON_USE,40.0,100.0,100.0,326.82925,,-5.0,,-10.0,,,,,25.0,,50.0,,,193.0,300.0,50.0,50.0,50.0,200.0,100.0,200.0,200.0,,20.0,,,,,,,,,,,426.82925,95.0,0.5,stalzone-database/ru/items/armor/combat/_variants/4ql1r/13.json
4ql1r,4ql1r,14,True,Бронекостюм «Центурион»,armor/combat,Мастер,Боевые,RANK_MASTER,PERSONAL_ON_USE,40.0,100.0,100.0,333.87195,,-5.0,,-10.0,,,,,25.0,,50.0,,,193.0,300.0,50.0,50.0,50.0,200.0,100.0,200.0,200.0,,20.0,,,,,,,,,,,433.87194999999997,95.0,0.5,stalzone-database/ru/items/armor/combat/_variants/4ql1r/14.json
4ql1r,4ql1r,15,True,Бронекостюм «Центурион»,armor/combat,Мастер,Боевые,RANK_MASTER,PERSONAL_ON_USE,40.0,100.0,100.0,355.0,,-5.0,,-10.0,,,,,25.0,,50.0,,,193.0,300.0,50.0,50.0,50.0,200.0,100.0,200.0,200.0,,20.0,,,,,,,,,,,455.0,95.0,0.5,stalzone-database/ru/items/armor/combat/_variants/4ql1r/15.json
4ql2r,4ql2r,0,False,Куртка с бронежилетом,armor/combat,Отмычка,Боевые,DEFAULT,PERSONAL_ON_USE,4.0,100.0,100.0,23.0,,,,,,,,,,,40.0,,,40.0,35.0,0.0,0.0,0.0,0.0,0.0,0.0,0.0,,,,,,,,,,,,,123.0,100.0,0.5,stalzone-database/ru/items/armor/combat/4ql2r.json
4ql2r,4ql2r,1,True,Куртка с бронежилетом,armor/combat,Отмычка,Боевые,DEFAULT,PERSONAL_ON_USE,4.0,100.0,100.0,24.125458,,,,,,,,,,,40.0,,,40.0,35.0,0.0,0.0,0.0,0.0,0.0,0.0,0.0,,,,,,,,,,,,,124.125458,100.0,0.5,stalzone-database/ru/items/armor/combat/_variants/4ql2r/1.json
4ql2r,4ql2r,2,True,Куртка с бронежилетом,armor/combat,Отмычка,Боевые,DEFAULT,PERSONAL_ON_USE,4.0,100.0,100.0,25.250914,,,,,,,,,,,40.0,,,40.0,35.0,0.0,0.0,0.0,0.0,0.0,0.0,0.0,,,,,,,,,,,,,125.250914,100.0,0.5,stalzone-database/ru/items/armor/combat/_variants/4ql2r/2.json
4ql2r,4ql2r,3,True,Куртка с бронежилетом,armor/combat,Отмычка,Боевые,DEFAULT,PERSONAL_ON_USE,4.0,100.0,100.0,26.376371,,,,,,,,,,,40.0,,,40.0,35.0,0.0,0.0,0.0,0.0,0.0,0.0,0.0,,,,,,,,,,,,,126.376371,100.0,0.5,stalzone-database/ru/items/armor/combat/_variants/4ql2r/3.json
4ql2r,4ql2r,4,True,Куртка с бронежилетом,armor/combat,Отмычка,Боевые,DEFAULT,PERSONAL_ON_USE,4.0,100.0,100.0,27.501827,,,,,,,,,,,40.0,,,40.0,35.0,0.0,0.0,0.0,0.0,0.0,0.0,0.0,,,,,,,,,,,,,127.50182699999999,100.0,0.5,stalzone-database/ru/items/armor/combat/_variants/4ql2r/4.json
4ql2r,4ql2r,5,True,Куртка с бронежилетом,armor/combat,Отмычка,Боевые,DEFAULT,PERSONAL_ON_USE,4.0,100.0,100.0,30.8782,,,,,,,,,,,40.0,,,40.0,35.0,0.0,0.0,0.0,0.0,0.0,0.0,0.0,,,,,,,,,,,,,130.8782,100.0,0.5,stalzone-database/ru/items/armor/combat/_variants/4ql2r/5.json
4ql2r,4ql2r,6,True,Куртка с бронежилетом,armor/combat,Отмычка,Боевые,DEFAULT,PERSONAL_ON_USE,4.0,100.0,100.0,32.566383,,,,,,,,,,,40.0,,,40.0,35.0,0.0,0.0,0.0,0.0,0.0,0.0,0.0,,,,,,,,,,,,,132.566383,100.0,0.5,stalzone-database/ru/items/armor/combat/_variants/4ql2r/6.json
4ql2r,4ql2r,7,True,Куртка с бронежилетом,armor/combat,Отмычка,Боевые,DEFAULT,PERSONAL_ON_USE,4.0,100.0,100.0,34.254574,,,,,,,,,,,40.0,,,40.0,35.0,0.0,0.0,0.0,0.0,0.0,0.0,0.0,,,,,,,,,,,,,134.254574,100.0,0.5,stalzone-database/ru/items/armor/combat/_variants/4ql2r/7.json
4ql2r,4ql2r,8,True,Куртка с бронежилетом,armor/combat,Отмычка,Боевые,DEFAULT,PERSONAL_ON_USE,4.0,100.0,100.0,35.94276,,,,,,,,,,,40.0,,,40.0,35.0,0.0,0.0,0.0,0.0,0.0,0.0,0.0,,,,,,,,,,,,,135.94276,100.0,0.5,stalzone-database/ru/items/armor/combat/_variants/4ql2r/8.json
4ql2r,4ql2r,9,True,Куртка с бронежилетом,armor/combat,Отмычка,Боевые,DEFAULT,PERSONAL_ON_USE,4.0,100.0,100.0,37.630943,,,,,,,,,,,40.0,,,40.0,35.0,0.0,0.0,0.0,0.0,0.0,0.0,0.0,,,,,,,,,,,,,137.630943,100.0,0.5,stalzone-database/ru/items/armor/combat/_variants/4ql2r/9.json
4ql2r,4ql2r,10,True,Куртка с бронежилетом,armor/combat,Отмычка,Боевые,DEFAULT,PERSONAL_ON_USE,4.0,100.0,100.0,42.582954,,,,,,,,,,,40.0,,,40.0,35.0,0.0,0.0,0.0,0.0,0.0,0.0,0.0,,,,,,,,,,,,,142.582954,100.0,0.5,stalzone-database/ru/items/armor/combat/_variants/4ql2r/10.json
4ql2r,4ql2r,11,True,Куртка с бронежилетом,armor/combat,Отмычка,Боевые,DEFAULT,PERSONAL_ON_USE,4.0,100.0,100.0,45.05896,,,,,,,,,,,40.0,,,40.0,35.0,0.0,0.0,0.0,0.0,0.0,0.0,0.0,,,,,,,,,,,,,145.05896,100.0,0.5,stalzone-database/ru/items/armor/combat/_variants/4ql2r/11.json
4ql2r,4ql2r,12,True,Куртка с бронежилетом,armor/combat,Отмычка,Боевые,DEFAULT,PERSONAL_ON_USE,4.0,100.0,100.0,46.0,,,,,,,,,,,40.0,,,40.0,35.0,0.0,0.0,0.0,0.0,0.0,0.0,0.0,,,,,,,,,,,,,146.0,100.0,0.5,stalzone-database/ru/items/armor/combat/_variants/4ql2r/12.json
4ql2r,4ql2r,13,True,Куртка с бронежилетом,armor/combat,Отмычка,Боевые,DEFAULT,PERSONAL_ON_USE,4.0,100.0,100.0,46.0,,,,,,,,,,,40.0,,,40.0,35.0,0.0,0.0,0.0,0.0,0.0,0.0,0.0,,,,,,,,,,,,,146.0,100.0,0.5,stalzone-database/ru/items/armor/combat/_variants/4ql2r/13.json
4ql2r,4ql2r,14,True,Куртка с бронежилетом,armor/combat,Отмычка,Боевые,DEFAULT,PERSONAL_ON_USE,4.0,100.0,100.0,46.0,,,,,,,,,,,40.0,,,40.0,35.0,0.0,0.0,0.0,0.0,0.0,0.0,0.0,,,,,,,,,,,,,146.0,100.0,0.5,stalzone-database/ru/items/armor/combat/_variants/4ql2r/14.json
4ql2r,4ql2r,15,True,Куртка с бронежилетом,armor/combat,Отмычка,Боевые,DEFAULT,PERSONAL_ON_USE,4.0,100.0,100.0,46.0,,,,,,,,,,,40.0,,,40.0,35.0,0.0,0.0,0.0,0.0,0.0,0.0,0.0,,,,,,,,,,,,,146.0,100.0,0.5,stalzone-database/ru/items/armor/combat/_variants/4ql2r/15.json
4qldn,4qldn,0,False,Комбинезон «Тонга»,armor/scientist,Ветеран,Научные,RANK_VETERAN,PERSONAL_ON_USE,17.0,100.0,100.0,121.0,,,,-10.0,,,2.0,,20.0,-0.5,35.0,,,69.0,80.0,400.0,400.0,400.0,360.0,340.0,360.0,280.0,,,,,,,,,,,,,221.0,100.0,2.5,stalzone-database/ru/items/armor/scientist/4qldn.json
4qldn,4qldn,1,True,Комбинезон «Тонга»,armor/scientist,Ветеран,Научные,RANK_VETERAN,PERSONAL_ON_USE,17.0,100.0,100.0,123.02158,,,,-10.0,,,2.0,,20.0,-0.5,35.0,,,69.0,80.0,400.0,400.0,400.0,360.0,340.0,360.0,280.0,,,,,,,,,,,,,223.02158,100.0,2.5,stalzone-database/ru/items/armor/scientist/_variants/4qldn/1.json
4qldn,4qldn,2,True,Комбинезон «Тонга»,armor/scientist,Ветеран,Научные,RANK_VETERAN,PERSONAL_ON_USE,17.0,100.0,100.0,125.04317,,,,-10.0,,,2.0,,20.0,-0.5,35.0,,,69.0,80.0,400.0,400.0,400.0,360.0,340.0,360.0,280.0,,,,,,,,,,,,,225.04317,100.0,2.5,stalzone-database/ru/items/armor/scientist/_variants/4qldn/2.json
4qldn,4qldn,3,True,Комбинезон «Тонга»,armor/scientist,Ветеран,Научные,RANK_VETERAN,PERSONAL_ON_USE,17.0,100.0,100.0,127.06475,,,,-10.0,,,2.0,,20.0,-0.5,35.0,,,69.0,80.0,400.0,400.0,400.0,360.0,340.0,360.0,280.0,,,,,,,,,,,,,227.06474999999998,100.0,2.5,stalzone-database/ru/items/armor/scientist/_variants/4qldn/3.json
4qldn,4qldn,4,True,Комбинезон «Тонга»,armor/scientist,Ветеран,Научные,RANK_VETERAN,PERSONAL_ON_USE,17.0,100.0,100.0,129.08633,,,,-10.0,,,2.0,,20.0,-0.5,35.0,,,69.0,80.0,400.0,400.0,400.0,360.0,340.0,360.0,280.0,,,,,,,,,,,,,229.08633,100.0,2.5,stalzone-database/ru/items/armor/scientist/_variants/4qldn/4.json
4qldn,4qldn,5,True,Комбинезон «Тонга»,armor/scientist,Ветеран,Научные,RANK_VETERAN,PERSONAL_ON_USE,17.0,100.0,100.0,135.1511,,,,-10.0,,,2.0,,20.0,-0.5,35.0,,,69.0,80.0,400.0,400.0,400.0,360.0,340.0,360.0,280.0,,,,,,,,,,,,,235.1511,100.0,2.5,stalzone-database/ru/items/armor/scientist/_variants/4qldn/5.json
4qldn,4qldn,6,True,Комбинезон «Тонга»,armor/scientist,Ветеран,Научные,RANK_VETERAN,PERSONAL_ON_USE,17.0,100.0,100.0,138.18347,,,,-10.0,,,2.0,,20.0,-0.5,35.0,,,69.0,80.0,400.0,400.0,400.0,360.0,340.0,360.0,280.0,,,,,,,,,,,,,238.18347000000003,100.0,2.5,stalzone-database/ru/items/armor/scientist/_variants/4qldn/6.json
4qldn,4qldn,7,True,Комбинезон «Тонга»,armor/scientist,Ветеран,Научные,RANK_VETERAN,PERSONAL_ON_USE,17.0,100.0,100.0,141.21585,,,,-10.0,,,2.0,,20.0,-0.5,35.0,,,69.0,80.0,400.0,400.0,400.0,360.0,340.0,360.0,280.0,,,,,,,,,,,,,241.21585,100.0,2.5,stalzone-database/ru/items/armor/scientist/_variants/4qldn/7.json
4qldn,4qldn,8,True,Комбинезон «Тонга»,armor/scientist,Ветеран,Научные,RANK_VETERAN,PERSONAL_ON_USE,17.0,100.0,100.0,144.24823,,,,-10.0,,,2.0,,20.0,-0.5,35.0,,,69.0,80.0,400.0,400.0,400.0,360.0,340.0,360.0,280.0,,,,,,,,,,,,,244.24823,100.0,2.5,stalzone-database/ru/items/armor/scientist/_variants/4qldn/8.json
4qldn,4qldn,9,True,Комбинезон «Тонга»,armor/scientist,Ветеран,Научные,RANK_VETERAN,PERSONAL_ON_USE,17.0,100.0,100.0,147.2806,,,,-10.0,,,2.0,,20.0,-0.5,35.0,,,69.0,80.0,400.0,400.0,400.0,360.0,340.0,360.0,280.0,,,,,,,,,,,,,247.28059999999996,100.0,2.5,stalzone-database/ru/items/armor/scientist/_variants/4qldn/9.json
4qldn,4qldn,10,True,Комбинезон «Тонга»,armor/scientist,Ветеран,Научные,RANK_VETERAN,PERSONAL_ON_USE,17.0,100.0,100.0,156.17557,,,,-10.0,,,2.0,,20.0,-0.5,35.0,,,69.0,80.0,400.0,400.0,400.0,360.0,340.0,360.0,280.0,,,,,,,,,,,,,256.17557,100.0,2.5,stalzone-database/ru/items/armor/scientist/_variants/4qldn/10.json
4qldn,4qldn,11,True,Комбинезон «Тонга»,armor/scientist,Ветеран,Научные,RANK_VETERAN,PERSONAL_ON_USE,17.0,100.0,100.0,160.62308,,,,-10.0,,,2.0,,20.0,-0.5,35.0,,,69.0,80.0,400.0,400.0,400.0,360.0,340.0,360.0,280.0,,,,,,,,,,,,,260.62307999999996,100.0,2.5,stalzone-database/ru/items/armor/scientist/_variants/4qldn/11.json
4qldn,4qldn,12,True,Комбинезон «Тонга»,armor/scientist,Ветеран,Научные,RANK_VETERAN,PERSONAL_ON_USE,17.0,100.0,100.0,165.07056,,,,-10.0,,,2.0,,20.0,-0.5,35.0,,,69.0,80.0,400.0,400.0,400.0,360.0,340.0,360.0,280.0,,,,,,,,,,,,,265.07056,100.0,2.5,stalzone-database/ru/items/armor/scientist/_variants/4qldn/12.json
4qldn,4qldn,13,True,Комбинезон «Тонга»,armor/scientist,Ветеран,Научные,RANK_VETERAN,PERSONAL_ON_USE,17.0,100.0,100.0,169.51805,,,,-10.0,,,2.0,,20.0,-0.5,35.0,,,69.0,80.0,400.0,400.0,400.0,360.0,340.0,360.0,280.0,,,,,,,,,,,,,269.51805,100.0,2.5,stalzone-database/ru/items/armor/scientist/_variants/4qldn/13.json
4qldn,4qldn,14,True,Комбинезон «Тонга»,armor/scientist,Ветеран,Научные,RANK_VETERAN,PERSONAL_ON_USE,17.0,100.0,100.0,173.96555,,,,-10.0,,,2.0,,20.0,-0.5,35.0,,,69.0,80.0,400.0,400.0,400.0,360.0,340.0,360.0,280.0,,,,,,,,,,,,,273.96555,100.0,2.5,stalzone-database/ru/items/armor/scientist/_variants/4qldn/14.json
4qldn,4qldn,15,True,Комбинезон «Тонга»,armor/scientist,Ветеран,Научные,RANK_VETERAN,PERSONAL_ON_USE,17.0,100.0,100.0,187.308,,,,-10.0,,,2.0,,20.0,-0.5,35.0,,,69.0,80.0,400.0,400.0,400.0,360.0,340.0,360.0,280.0,,,,,,,,,,,,,287.308,100.0,2.5,stalzone-database/ru/items/armor/scientist/_variants/4qldn/15.json
4qlnr,4qlnr,0,False,КИМ-99М «Малахит»,armor/scientist,Ветеран,Научные,RANK_VETERAN,PERSONAL_ON_USE,7.3,100.0,100.0,105.0,,,,,,,,,9.0,,30.0,,,60.0,60.0,750.0,750.0,750.0,360.0,340.0,360.0,300.0,,,,,,,,,,,,,205.0,100.0,0.5,stalzone-database/ru/items/armor/scientist/4qlnr.json
4qlnr,4qlnr,1,True,КИМ-99М «Малахит»,armor/scientist,Ветеран,Научные,RANK_VETERAN,PERSONAL_ON_USE,7.3,100.0,100.0,106.875916,,,,,,,,,9.0,,30.0,,,60.0,60.0,750.0,750.0,750.0,360.0,340.0,360.0,300.0,,,,,,,,,,,,,206.87591600000005,100.0,0.5,stalzone-database/ru/items/armor/scientist/_variants/4qlnr/1.json
4qlnr,4qlnr,2,True,КИМ-99М «Малахит»,armor/scientist,Ветеран,Научные,RANK_VETERAN,PERSONAL_ON_USE,7.3,100.0,100.0,108.75182,,,,,,,,,9.0,,30.0,,,60.0,60.0,750.0,750.0,750.0,360.0,340.0,360.0,300.0,,,,,,,,,,,,,208.75182,100.0,0.5,stalzone-database/ru/items/armor/scientist/_variants/4qlnr/2.json
4qlnr,4qlnr,3,True,КИМ-99М «Малахит»,armor/scientist,Ветеран,Научные,RANK_VETERAN,PERSONAL_ON_USE,7.3,100.0,100.0,110.62775,,,,,,,,,9.0,,30.0,,,60.0,60.0,750.0,750.0,750.0,360.0,340.0,360.0,300.0,,,,,,,,,,,,,210.62775,100.0,0.5,stalzone-database/ru/items/armor/scientist/_variants/4qlnr/3.json
4qlnr,4qlnr,4,True,КИМ-99М «Малахит»,armor/scientist,Ветеран,Научные,RANK_VETERAN,PERSONAL_ON_USE,7.3,100.0,100.0,112.503654,,,,,,,,,9.0,,30.0,,,60.0,60.0,750.0,750.0,750.0,360.0,340.0,360.0,300.0,,,,,,,,,,,,,212.50365399999998,100.0,0.5,stalzone-database/ru/items/armor/scientist/_variants/4qlnr/4.json
4qlnr,4qlnr,5,True,КИМ-99М «Малахит»,armor/scientist,Ветеран,Научные,RANK_VETERAN,PERSONAL_ON_USE,7.3,100.0,100.0,118.13139,,,,,,,,,9.0,,30.0,,,60.0,60.0,750.0,750.0,750.0,360.0,340.0,360.0,300.0,,,,,,,,,,,,,218.13139000000004,100.0,0.5,stalzone-database/ru/items/armor/scientist/_variants/4qlnr/5.json
4qlnr,4qlnr,6,True,КИМ-99М «Малахит»,armor/scientist,Ветеран,Научные,RANK_VETERAN,PERSONAL_ON_USE,7.3,100.0,100.0,120.945274,,,,,,,,,9.0,,30.0,,,60.0,60.0,750.0,750.0,750.0,360.0,340.0,360.0,300.0,,,,,,,,,,,,,220.94527399999998,100.0,0.5,stalzone-database/ru/items/armor/scientist/_variants/4qlnr/6.json
4qlnr,4qlnr,7,True,КИМ-99М «Малахит»,armor/scientist,Ветеран,Научные,RANK_VETERAN,PERSONAL_ON_USE,7.3,100.0,100.0,123.75914,,,,,,,,,9.0,,30.0,,,60.0,60.0,750.0,750.0,750.0,360.0,340.0,360.0,300.0,,,,,,,,,,,,,223.75914,100.0,0.5,stalzone-database/ru/items/armor/scientist/_variants/4qlnr/7.json
4qlnr,4qlnr,8,True,КИМ-99М «Малахит»,armor/scientist,Ветеран,Научные,RANK_VETERAN,PERSONAL_ON_USE,7.3,100.0,100.0,126.57302,,,,,,,,,9.0,,30.0,,,60.0,60.0,750.0,750.0,750.0,360.0,340.0,360.0,300.0,,,,,,,,,,,,,226.57301999999999,100.0,0.5,stalzone-database/ru/items/armor/scientist/_variants/4qlnr/8.json
4qlnr,4qlnr,9,True,КИМ-99М «Малахит»,armor/scientist,Ветеран,Научные,RANK_VETERAN,PERSONAL_ON_USE,7.3,100.0,100.0,129.38689,,,,,,,,,9.0,,30.0,,,60.0,60.0,750.0,750.0,750.0,360.0,340.0,360.0,300.0,,,,,,,,,,,,,229.38689,100.0,0.5,stalzone-database/ru/items/armor/scientist/_variants/4qlnr/9.json
4qlnr,4qlnr,10,True,КИМ-99М «Малахит»,armor/scientist,Ветеран,Научные,RANK_VETERAN,PERSONAL_ON_USE,7.3,100.0,100.0,137.6409,,,,,,,,,9.0,,30.0,,,60.0,60.0,750.0,750.0,750.0,360.0,340.0,360.0,300.0,,,,,,,,,,,,,237.6409,100.0,0.5,stalzone-database/ru/items/armor/scientist/_variants/4qlnr/10.json
4qlnr,4qlnr,11,True,КИМ-99М «Малахит»,armor/scientist,Ветеран,Научные,RANK_VETERAN,PERSONAL_ON_USE,7.3,100.0,100.0,141.76793,,,,,,,,,9.0,,30.0,,,60.0,60.0,750.0,750.0,750.0,360.0,340.0,360.0,300.0,,,,,,,,,,,,,241.76793,100.0,0.5,stalzone-database/ru/items/armor/scientist/_variants/4qlnr/11.json
4qlnr,4qlnr,12,True,КИМ-99М «Малахит»,armor/scientist,Ветеран,Научные,RANK_VETERAN,PERSONAL_ON_USE,7.3,100.0,100.0,145.89494,,,,,,,,,9.0,,30.0,,,60.0,60.0,750.0,750.0,750.0,360.0,340.0,360.0,300.0,,,,,,,,,,,,,245.89494,100.0,0.5,stalzone-database/ru/items/armor/scientist/_variants/4qlnr/12.json
4qlnr,4qlnr,13,True,КИМ-99М «Малахит»,armor/scientist,Ветеран,Научные,RANK_VETERAN,PERSONAL_ON_USE,7.3,100.0,100.0,150.02194,,,,,,,,,9.0,,30.0,,,60.0,60.0,750.0,750.0,750.0,360.0,340.0,360.0,300.0,,,,,,,,,,,,,250.02194,100.0,0.5,stalzone-database/ru/items/armor/scientist/_variants/4qlnr/13.json
4qlnr,4qlnr,14,True,КИМ-99М «Малахит»,armor/scientist,Ветеран,Научные,RANK_VETERAN,PERSONAL_ON_USE,7.3,100.0,100.0,154.14897,,,,,,,,,9.0,,30.0,,,60.0,60.0,750.0,750.0,750.0,360.0,340.0,360.0,300.0,,,,,,,,,,,,,254.14897000000002,100.0,0.5,stalzone-database/ru/items/armor/scientist/_variants/4qlnr/14.json
4qlnr,4qlnr,15,True,КИМ-99М «Малахит»,armor/scientist,Ветеран,Научные,RANK_VETERAN,PERSONAL_ON_USE,7.3,100.0,100.0,166.53,,,,,,,,,9.0,,30.0,,,60.0,60.0,750.0,750.0,750.0,360.0,340.0,360.0,300.0,,,,,,,,,,,,,266.53,100.0,0.5,stalzone-database/ru/items/armor/scientist/_variants/4qlnr/15.json
4qlwo,4qlwo,0,False,Бронекостюм «Булат-М»,armor/combined,Ветеран,Комбинированные,RANK_VETERAN,PERSONAL_ON_USE,9.0,100.0,100.0,163.0,,1.0,,,,,,,18.0,,40.0,,,137.0,143.0,120.0,120.0,120.0,250.0,180.0,250.0,190.0,,,,,,,,,,,,,263.0,101.0,0.5,stalzone-database/ru/items/armor/combined/4qlwo.json
4qlwo,4qlwo,1,True,Бронекостюм «Булат-М»,armor/combined,Ветеран,Комбинированные,RANK_VETERAN,PERSONAL_ON_USE,9.0,100.0,100.0,165.41022,,1.0,,,,,,,18.0,,40.0,,,137.0,143.0,120.0,120.0,120.0,250.0,180.0,250.0,190.0,,,,,,,,,,,,,265.41022,101.0,0.5,stalzone-database/ru/items/armor/combined/_variants/4qlwo/1.json
4qlwo,4qlwo,2,True,Бронекостюм «Булат-М»,armor/combined,Ветеран,Комбинированные,RANK_VETERAN,PERSONAL_ON_USE,9.0,100.0,100.0,167.82043,,1.0,,,,,,,18.0,,40.0,,,137.0,143.0,120.0,120.0,120.0,250.0,180.0,250.0,190.0,,,,,,,,,,,,,267.82043,101.0,0.5,stalzone-database/ru/items/armor/combined/_variants/4qlwo/2.json
4qlwo,4qlwo,3,True,Бронекостюм «Булат-М»,armor/combined,Ветеран,Комбинированные,RANK_VETERAN,PERSONAL_ON_USE,9.0,100.0,100.0,170.23065,,1.0,,,,,,,18.0,,40.0,,,137.0,143.0,120.0,120.0,120.0,250.0,180.0,250.0,190.0,,,,,,,,,,,,,270.23064999999997,101.0,0.5,stalzone-database/ru/items/armor/combined/_variants/4qlwo/3.json
4qlwo,4qlwo,4,True,Бронекостюм «Булат-М»,armor/combined,Ветеран,Комбинированные,RANK_VETERAN,PERSONAL_ON_USE,9.0,100.0,100.0,172.64084,,1.0,,,,,,,18.0,,40.0,,,137.0,143.0,120.0,120.0,120.0,250.0,180.0,250.0,190.0,,,,,,,,,,,,,272.64084,101.0,0.5,stalzone-database/ru/items/armor/combined/_variants/4qlwo/4.json
4qlwo,4qlwo,5,True,Бронекостюм «Булат-М»,armor/combined,Ветеран,Комбинированные,RANK_VETERAN,PERSONAL_ON_USE,9.0,100.0,100.0,179.87149,,1.0,,,,,,,18.0,,40.0,,,137.0,143.0,120.0,120.0,120.0,250.0,180.0,250.0,190.0,,,,,,,,,,,,,279.87149,101.0,0.5,stalzone-database/ru/items/armor/combined/_variants/4qlwo/5.json
4qlwo,4qlwo,6,True,Бронекостюм «Булат-М»,armor/combined,Ветеран,Комбинированные,RANK_VETERAN,PERSONAL_ON_USE,9.0,100.0,100.0,183.4868,,1.0,,,,,,,18.0,,40.0,,,137.0,143.0,120.0,120.0,120.0,250.0,180.0,250.0,190.0,,,,,,,,,,,,,283.4868,101.0,0.5,stalzone-database/ru/items/armor/combined/_variants/4qlwo/6.json
4qlwo,4qlwo,7,True,Бронекостюм «Булат-М»,armor/combined,Ветеран,Комбинированные,RANK_VETERAN,PERSONAL_ON_USE,9.0,100.0,100.0,187.10213,,1.0,,,,,,,18.0,,40.0,,,137.0,143.0,120.0,120.0,120.0,250.0,180.0,250.0,190.0,,,,,,,,,,,,,287.10213,101.0,0.5,stalzone-database/ru/items/armor/combined/_variants/4qlwo/7.json
4qlwo,4qlwo,8,True,Бронекостюм «Булат-М»,armor/combined,Ветеран,Комбинированные,RANK_VETERAN,PERSONAL_ON_USE,9.0,100.0,100.0,190.71745,,1.0,,,,,,,18.0,,40.0,,,137.0,143.0,120.0,120.0,120.0,250.0,180.0,250.0,190.0,,,,,,,,,,,,,290.71745,101.0,0.5,stalzone-database/ru/items/armor/combined/_variants/4qlwo/8.json
4qlwo,4qlwo,9,True,Бронекостюм «Булат-М»,armor/combined,Ветеран,Комбинированные,RANK_VETERAN,PERSONAL_ON_USE,9.0,100.0,100.0,194.33276,,1.0,,,,,,,18.0,,40.0,,,137.0,143.0,120.0,120.0,120.0,250.0,180.0,250.0,190.0,,,,,,,,,,,,,294.33276,101.0,0.5,stalzone-database/ru/items/armor/combined/_variants/4qlwo/9.json
4qlwo,4qlwo,10,True,Бронекостюм «Булат-М»,armor/combined,Ветеран,Комбинированные,RANK_VETERAN,PERSONAL_ON_USE,9.0,100.0,100.0,204.93771,,1.0,,,,,,,18.0,,40.0,,,137.0,143.0,120.0,120.0,120.0,250.0,180.0,250.0,190.0,,,,,,,,,,,,,304.93771000000004,101.0,0.5,stalzone-database/ru/items/armor/combined/_variants/4qlwo/10.json
4qlwo,4qlwo,11,True,Бронекостюм «Булат-М»,armor/combined,Ветеран,Комбинированные,RANK_VETERAN,PERSONAL_ON_USE,9.0,100.0,100.0,210.24019,,1.0,,,,,,,18.0,,40.0,,,137.0,143.0,120.0,120.0,120.0,250.0,180.0,250.0,190.0,,,,,,,,,,,,,310.24019,101.0,0.5,stalzone-database/ru/items/armor/combined/_variants/4qlwo/11.json
4qlwo,4qlwo,12,True,Бронекостюм «Булат-М»,armor/combined,Ветеран,Комбинированные,RANK_VETERAN,PERSONAL_ON_USE,9.0,100.0,100.0,215.54265,,1.0,,,,,,,18.0,,40.0,,,137.0,143.0,120.0,120.0,120.0,250.0,180.0,250.0,190.0,,,,,,,,,,,,,315.54265,101.0,0.5,stalzone-database/ru/items/armor/combined/_variants/4qlwo/12.json
4qlwo,4qlwo,13,True,Бронекостюм «Булат-М»,armor/combined,Ветеран,Комбинированные,RANK_VETERAN,PERSONAL_ON_USE,9.0,100.0,100.0,220.84512,,1.0,,,,,,,18.0,,40.0,,,137.0,143.0,120.0,120.0,120.0,250.0,180.0,250.0,190.0,,,,,,,,,,,,,320.84512,101.0,0.5,stalzone-database/ru/items/armor/combined/_variants/4qlwo/13.json
4qlwo,4qlwo,14,True,Бронекостюм «Булат-М»,armor/combined,Ветеран,Комбинированные,RANK_VETERAN,PERSONAL_ON_USE,9.0,100.0,100.0,226.14758,,1.0,,,,,,,18.0,,40.0,,,137.0,143.0,120.0,120.0,120.0,250.0,180.0,250.0,190.0,,,,,,,,,,,,,326.14758,101.0,0.5,stalzone-database/ru/items/armor/combined/_variants/4qlwo/14.json
4qlwo,4qlwo,15,True,Бронекостюм «Булат-М»,armor/combined,Ветеран,Комбинированные,RANK_VETERAN,PERSONAL_ON_USE,9.0,100.0,100.0,242.05501,,1.0,,,,,,,18.0,,40.0,,,137.0,143.0,120.0,120.0,120.0,250.0,180.0,250.0,190.0,,,,,,,,,,,,,342.05501000000004,101.0,0.5,stalzone-database/ru/items/armor/combined/_variants/4qlwo/15.json
5l1l0,5l1l0,0,False,Комбинезон «Орион»,armor/scientist,Мастер,Научные,RANK_MASTER,PERSONAL_ON_USE,17.0,100.0,100.0,192.0,,-2.0,,,,,,,13.0,,35.0,,,144.0,109.0,900.0,900.0,900.0,400.0,400.0,400.0,400.0,,,,,,,,,,,,,292.0,98.0,0.5,stalzone-database/ru/items/armor/scientist/5l1l0.json
5l1l0,5l1l0,1,True,Комбинезон «Орион»,armor/scientist,Мастер,Научные,RANK_MASTER,PERSONAL_ON_USE,17.0,100.0,100.0,194.67513,,-2.0,,,,,,,13.0,,35.0,,,144.0,109.0,900.0,900.0,900.0,400.0,400.0,400.0,400.0,,,,,,,,,,,,,294.67512999999997,98.0,0.5,stalzone-database/ru/items/armor/scientist/_variants/5l1l0/1.json
5l1l0,5l1l0,2,True,Комбинезон «Орион»,armor/scientist,Мастер,Научные,RANK_MASTER,PERSONAL_ON_USE,17.0,100.0,100.0,197.35025,,-2.0,,,,,,,13.0,,35.0,,,144.0,109.0,900.0,900.0,900.0,400.0,400.0,400.0,400.0,,,,,,,,,,,,,297.35024999999996,98.0,0.5,stalzone-database/ru/items/armor/scientist/_variants/5l1l0/2.json
5l1l0,5l1l0,3,True,Комбинезон «Орион»,armor/scientist,Мастер,Научные,RANK_MASTER,PERSONAL_ON_USE,17.0,100.0,100.0,200.02538,,-2.0,,,,,,,13.0,,35.0,,,144.0,109.0,900.0,900.0,900.0,400.0,400.0,400.0,400.0,,,,,,,,,,,,,300.02538000000004,98.0,0.5,stalzone-database/ru/items/armor/scientist/_variants/5l1l0/3.json
5l1l0,5l1l0,4,True,Комбинезон «Орион»,armor/scientist,Мастер,Научные,RANK_MASTER,PERSONAL_ON_USE,17.0,100.0,100.0,202.70047,,-2.0,,,,,,,13.0,,35.0,,,144.0,109.0,900.0,900.0,900.0,400.0,400.0,400.0,400.0,,,,,,,,,,,,,302.70047,98.0,0.5,stalzone-database/ru/items/armor/scientist/_variants/5l1l0/4.json
5l1l0,5l1l0,5,True,Комбинезон «Орион»,armor/scientist,Мастер,Научные,RANK_MASTER,PERSONAL_ON_USE,17.0,100.0,100.0,210.72586,,-2.0,,,,,,,13.0,,35.0,,,144.0,109.0,900.0,900.0,900.0,400.0,400.0,400.0,400.0,,,,,,,,,,,,,310.72586,98.0,0.5,stalzone-database/ru/items/armor/scientist/_variants/5l1l0/5.json
5l1l0,5l1l0,6,True,Комбинезон «Орион»,armor/scientist,Мастер,Научные,RANK_MASTER,PERSONAL_ON_USE,17.0,100.0,100.0,214.73854,,-2.0,,,,,,,13.0,,35.0,,,144.0,109.0,900.0,900.0,900.0,400.0,400.0,400.0,400.0,,,,,,,,,,,,,314.73854,98.0,0.5,stalzone-database/ru/items/armor/scientist/_variants/5l1l0/6.json
5l1l0,5l1l0,7,True,Комбинезон «Орион»,armor/scientist,Мастер,Научные,RANK_MASTER,PERSONAL_ON_USE,17.0,100.0,100.0,218.7512,,-2.0,,,,,,,13.0,,35.0,,,144.0,109.0,900.0,900.0,900.0,400.0,400.0,400.0,400.0,,,,,,,,,,,,,318.75120000000004,98.0,0.5,stalzone-database/ru/items/armor/scientist/_variants/5l1l0/7.json
5l1l0,5l1l0,8,True,Комбинезон «Орион»,armor/scientist,Мастер,Научные,RANK_MASTER,PERSONAL_ON_USE,17.0,100.0,100.0,222.76389,,-2.0,,,,,,,13.0,,35.0,,,144.0,109.0,900.0,900.0,900.0,400.0,400.0,400.0,400.0,,,,,,,,,,,,,322.76389,98.0,0.5,stalzone-database/ru/items/armor/scientist/_variants/5l1l0/8.json
5l1l0,5l1l0,9,True,Комбинезон «Орион»,armor/scientist,Мастер,Научные,RANK_MASTER,PERSONAL_ON_USE,17.0,100.0,100.0,226.77658,,-2.0,,,,,,,13.0,,35.0,,,144.0,109.0,900.0,900.0,900.0,400.0,400.0,400.0,400.0,,,,,,,,,,,,,326.77657999999997,98.0,0.5,stalzone-database/ru/items/armor/scientist/_variants/5l1l0/9.json
5l1l0,5l1l0,10,True,Комбинезон «Орион»,armor/scientist,Мастер,Научные,RANK_MASTER,PERSONAL_ON_USE,17.0,100.0,100.0,238.5471,,-2.0,,,,,,,13.0,,35.0,,,144.0,109.0,900.0,900.0,900.0,400.0,400.0,400.0,400.0,,,,,,,,,,,,,338.5471,98.0,0.5,stalzone-database/ru/items/armor/scientist/_variants/5l1l0/10.json
5l1l0,5l1l0,11,True,Комбинезон «Орион»,armor/scientist,Мастер,Научные,RANK_MASTER,PERSONAL_ON_USE,17.0,100.0,100.0,244.43239,,-2.0,,,,,,,13.0,,35.0,,,144.0,109.0,900.0,900.0,900.0,400.0,400.0,400.0,400.0,,,,,,,,,,,,,344.43239,98.0,0.5,stalzone-database/ru/items/armor/scientist/_variants/5l1l0/11.json
5l1l0,5l1l0,12,True,Комбинезон «Орион»,armor/scientist,Мастер,Научные,RANK_MASTER,PERSONAL_ON_USE,17.0,100.0,100.0,250.31766,,-2.0,,,,,,,13.0,,35.0,,,144.0,109.0,900.0,900.0,900.0,400.0,400.0,400.0,400.0,,,,,,,,,,,,,350.31765999999993,98.0,0.5,stalzone-database/ru/items/armor/scientist/_variants/5l1l0/12.json
5l1l0,5l1l0,13,True,Комбинезон «Орион»,armor/scientist,Мастер,Научные,RANK_MASTER,PERSONAL_ON_USE,17.0,100.0,100.0,256.20294,,-2.0,,,,,,,13.0,,35.0,,,144.0,109.0,900.0,900.0,900.0,400.0,400.0,400.0,400.0,,,,,,,,,,,,,356.20294,98.0,0.5,stalzone-database/ru/items/armor/scientist/_variants/5l1l0/13.json
5l1l0,5l1l0,14,True,Комбинезон «Орион»,armor/scientist,Мастер,Научные,RANK_MASTER,PERSONAL_ON_USE,17.0,100.0,100.0,262.0882,,-2.0,,,,,,,13.0,,35.0,,,144.0,109.0,900.0,900.0,900.0,400.0,400.0,400.0,400.0,,,,,,,,,,,,,362.0882,98.0,0.5,stalzone-database/ru/items/armor/scientist/_variants/5l1l0/14.json
5l1l0,5l1l0,15,True,Комбинезон «Орион»,armor/scientist,Мастер,Научные,RANK_MASTER,PERSONAL_ON_USE,17.0,100.0,100.0,279.74402,,-2.0,,,,,,,13.0,,35.0,,,144.0,109.0,900.0,900.0,900.0,400.0,400.0,400.0,400.0,,,,,,,,,,,,,379.7440199999999,98.0,0.5,stalzone-database/ru/items/armor/scientist/_variants/5l1l0/15.json
5l1q0,5l1q0,0,False,Экзоброня «Гектор»,armor/combat,Мастер,Боевые,RANK_MASTER,PERSONAL_ON_USE,38.0,100.0,100.0,217.0,,3.0,,,,,,,35.0,,50.0,,,183.0,170.0,100.0,100.0,100.0,200.0,100.0,200.0,200.0,,,,,,,,,,,,,317.0,103.0,0.5,stalzone-database/ru/items/armor/combat/5l1q0.json
5l1q0,5l1q0,1,True,Экзоброня «Гектор»,armor/combat,Мастер,Боевые,RANK_MASTER,PERSONAL_ON_USE,38.0,100.0,100.0,219.90436,,3.0,,,,,,,35.0,,50.0,,,183.0,170.0,100.0,100.0,100.0,200.0,100.0,200.0,200.0,,,,,,,,,,,,,319.90436,103.0,0.5,stalzone-database/ru/items/armor/combat/_variants/5l1q0/1.json
5l1q0,5l1q0,2,True,Экзоброня «Гектор»,armor/combat,Мастер,Боевые,RANK_MASTER,PERSONAL_ON_USE,38.0,100.0,100.0,222.80873,,3.0,,,,,,,35.0,,50.0,,,183.0,170.0,100.0,100.0,100.0,200.0,100.0,200.0,200.0,,,,,,,,,,,,,322.80872999999997,103.0,0.5,stalzone-database/ru/items/armor/combat/_variants/5l1q0/2.json
5l1q0,5l1q0,3,True,Экзоброня «Гектор»,armor/combat,Мастер,Боевые,RANK_MASTER,PERSONAL_ON_USE,38.0,100.0,100.0,225.71307,,3.0,,,,,,,35.0,,50.0,,,183.0,170.0,100.0,100.0,100.0,200.0,100.0,200.0,200.0,,,,,,,,,,,,,325.71307,103.0,0.5,stalzone-database/ru/items/armor/combat/_variants/5l1q0/3.json
5l1q0,5l1q0,4,True,Экзоброня «Гектор»,armor/combat,Мастер,Боевые,RANK_MASTER,PERSONAL_ON_USE,38.0,100.0,100.0,228.61743,,3.0,,,,,,,35.0,,50.0,,,183.0,170.0,100.0,100.0,100.0,200.0,100.0,200.0,200.0,,,,,,,,,,,,,328.61743,103.0,0.5,stalzone-database/ru/items/armor/combat/_variants/5l1q0/4.json
5l1q0,5l1q0,5,True,Экзоброня «Гектор»,armor/combat,Мастер,Боевые,RANK_MASTER,PERSONAL_ON_USE,38.0,100.0,100.0,237.3305,,3.0,,,,,,,35.0,,50.0,,,183.0,170.0,100.0,100.0,100.0,200.0,100.0,200.0,200.0,,,,,,,,,,,,,337.33050000000003,103.0,0.5,stalzone-database/ru/items/armor/combat/_variants/5l1q0/5.json
5l1q0,5l1q0,6,True,Экзоброня «Гектор»,armor/combat,Мастер,Боевые,RANK_MASTER,PERSONAL_ON_USE,38.0,100.0,100.0,241.68706,,3.0,,,,,,,35.0,,50.0,,,183.0,170.0,100.0,100.0,100.0,200.0,100.0,200.0,200.0,,,,,,,,,,,,,341.68706,103.0,0.5,stalzone-database/ru/items/armor/combat/_variants/5l1q0/6.json
5l1q0,5l1q0,7,True,Экзоброня «Гектор»,armor/combat,Мастер,Боевые,RANK_MASTER,PERSONAL_ON_USE,38.0,100.0,100.0,246.04361,,3.0,,,,,,,35.0,,50.0,,,183.0,170.0,100.0,100.0,100.0,200.0,100.0,200.0,200.0,,,,,,,,,,,,,346.04360999999994,103.0,0.5,stalzone-database/ru/items/armor/combat/_variants/5l1q0/7.json
5l1q0,5l1q0,8,True,Экзоброня «Гектор»,armor/combat,Мастер,Боевые,RANK_MASTER,PERSONAL_ON_USE,38.0,100.0,100.0,250.40013,,3.0,,,,,,,35.0,,50.0,,,183.0,170.0,100.0,100.0,100.0,200.0,100.0,200.0,200.0,,,,,,,,,,,,,350.40013,103.0,0.5,stalzone-database/ru/items/armor/combat/_variants/5l1q0/8.json
5l1q0,5l1q0,9,True,Экзоброня «Гектор»,armor/combat,Мастер,Боевые,RANK_MASTER,PERSONAL_ON_USE,38.0,100.0,100.0,254.75665,,3.0,,,,,,,35.0,,50.0,,,183.0,170.0,100.0,100.0,100.0,200.0,100.0,200.0,200.0,,,,,,,,,,,,,354.75665000000004,103.0,0.5,stalzone-database/ru/items/armor/combat/_variants/5l1q0/9.json
5l1q0,5l1q0,10,True,Экзоброня «Гектор»,armor/combat,Мастер,Боевые,RANK_MASTER,PERSONAL_ON_USE,38.0,100.0,100.0,267.53586,,3.0,,,,,,,35.0,,50.0,,,183.0,170.0,100.0,100.0,100.0,200.0,100.0,200.0,200.0,,,,,,,,,,,,,367.53586,103.0,0.5,stalzone-database/ru/items/armor/combat/_variants/5l1q0/10.json
5l1q0,5l1q0,11,True,Экзоброня «Гектор»,armor/combat,Мастер,Боевые,RANK_MASTER,PERSONAL_ON_USE,38.0,100.0,100.0,273.92545,,3.0,,,,,,,35.0,,50.0,,,183.0,170.0,100.0,100.0,100.0,200.0,100.0,200.0,200.0,,,,,,,,,,,,,373.92544999999996,103.0,0.5,stalzone-database/ru/items/armor/combat/_variants/5l1q0/11.json
5l1q0,5l1q0,12,True,Экзоброня «Гектор»,armor/combat,Мастер,Боевые,RANK_MASTER,PERSONAL_ON_USE,38.0,100.0,100.0,280.31503,,3.0,,,,,,,35.0,,50.0,,,183.0,170.0,100.0,100.0,100.0,200.0,100.0,200.0,200.0,,,,,,,,,,,,,380.31503,103.0,0.5,stalzone-database/ru/items/armor/combat/_variants/5l1q0/12.json
5l1q0,5l1q0,13,True,Экзоброня «Гектор»,armor/combat,Мастер,Боевые,RANK_MASTER,PERSONAL_ON_USE,38.0,100.0,100.0,286.70465,,3.0,,,,,,,35.0,,50.0,,,183.0,170.0,100.0,100.0,100.0,200.0,100.0,200.0,200.0,,,,,,,,,,,,,386.70465,103.0,0.5,stalzone-database/ru/items/armor/combat/_variants/5l1q0/13.json
5l1q0,5l1q0,14,True,Экзоброня «Гектор»,armor/combat,Мастер,Боевые,RANK_MASTER,PERSONAL_ON_USE,38.0,100.0,100.0,293.0942,,3.0,,,,,,,35.0,,50.0,,,183.0,170.0,100.0,100.0,100.0,200.0,100.0,200.0,200.0,,,,,,,,,,,,,393.0942,103.0,0.5,stalzone-database/ru/items/armor/combat/_variants/5l1q0/14.json
5l1q0,5l1q0,15,True,Экзоброня «Гектор»,armor/combat,Мастер,Боевые,RANK_MASTER,PERSONAL_ON_USE,38.0,100.0,100.0,312.263,,3.0,,,,,,,35.0,,50.0,,,183.0,170.0,100.0,100.0,100.0,200.0,100.0,200.0,200.0,,,,,,,,,,,,,412.263,103.0,0.5,stalzone-database/ru/items/armor/combat/_variants/5l1q0/15.json
5l1yg,5l1yg,0,False,УКАЗ АО-6 «Кочевник»,armor/combined,Мастер,Комбинированные,RANK_MASTER,PERSONAL_ON_USE,24.0,100.0,100.0,206.0,,-3.0,,,5.0,,2.0,,20.0,-1.0,40.0,,,140.0,136.0,300.0,300.0,300.0,300.0,200.0,300.0,300.0,,,,,,,,,,,,,306.0,97.0,2.5,stalzone-database/ru/items/armor/combined/5l1yg.json
5l1yg,5l1yg,1,True,УКАЗ АО-6 «Кочевник»,armor/combined,Мастер,Комбинированные,RANK_MASTER,PERSONAL_ON_USE,24.0,100.0,100.0,208.8011,,-3.0,,,5.0,,2.0,,20.0,-1.0,40.0,,,140.0,136.0,300.0,300.0,300.0,300.0,200.0,300.0,300.0,,,,,,,,,,,,,308.8011,97.0,2.5,stalzone-database/ru/items/armor/combined/_variants/5l1yg/1.json
5l1yg,5l1yg,2,True,УКАЗ АО-6 «Кочевник»,armor/combined,Мастер,Комбинированные,RANK_MASTER,PERSONAL_ON_USE,24.0,100.0,100.0,211.60219,,-3.0,,,5.0,,2.0,,20.0,-1.0,40.0,,,140.0,136.0,300.0,300.0,300.0,300.0,200.0,300.0,300.0,,,,,,,,,,,,,311.60219,97.0,2.5,stalzone-database/ru/items/armor/combined/_variants/5l1yg/2.json
5l1yg,5l1yg,3,True,УКАЗ АО-6 «Кочевник»,armor/combined,Мастер,Комбинированные,RANK_MASTER,PERSONAL_ON_USE,24.0,100.0,100.0,214.40329,,-3.0,,,5.0,,2.0,,20.0,-1.0,40.0,,,140.0,136.0,300.0,300.0,300.0,300.0,200.0,300.0,300.0,,,,,,,,,,,,,314.40328999999997,97.0,2.5,stalzone-database/ru/items/armor/combined/_variants/5l1yg/3.json
5l1yg,5l1yg,4,True,УКАЗ АО-6 «Кочевник»,armor/combined,Мастер,Комбинированные,RANK_MASTER,PERSONAL_ON_USE,24.0,100.0,100.0,217.20438,,-3.0,,,5.0,,2.0,,20.0,-1.0,40.0,,,140.0,136.0,300.0,300.0,300.0,300.0,200.0,300.0,300.0,,,,,,,,,,,,,317.20438,97.0,2.5,stalzone-database/ru/items/armor/combined/_variants/5l1yg/4.json
5l1yg,5l1yg,5,True,УКАЗ АО-6 «Кочевник»,armor/combined,Мастер,Комбинированные,RANK_MASTER,PERSONAL_ON_USE,24.0,100.0,100.0,225.60768,,-3.0,,,5.0,,2.0,,20.0,-1.0,40.0,,,140.0,136.0,300.0,300.0,300.0,300.0,200.0,300.0,300.0,,,,,,,,,,,,,325.60767999999996,97.0,2.5,stalzone-database/ru/items/armor/combined/_variants/5l1yg/5.json
5l1yg,5l1yg,6,True,УКАЗ АО-6 «Кочевник»,armor/combined,Мастер,Комбинированные,RANK_MASTER,PERSONAL_ON_USE,24.0,100.0,100.0,229.80933,,-3.0,,,5.0,,2.0,,20.0,-1.0,40.0,,,140.0,136.0,300.0,300.0,300.0,300.0,200.0,300.0,300.0,,,,,,,,,,,,,329.80933,97.0,2.5,stalzone-database/ru/items/armor/combined/_variants/5l1yg/6.json
5l1yg,5l1yg,7,True,УКАЗ АО-6 «Кочевник»,armor/combined,Мастер,Комбинированные,RANK_MASTER,PERSONAL_ON_USE,24.0,100.0,100.0,234.01097,,-3.0,,,5.0,,2.0,,20.0,-1.0,40.0,,,140.0,136.0,300.0,300.0,300.0,300.0,200.0,300.0,300.0,,,,,,,,,,,,,334.01097000000004,97.0,2.5,stalzone-database/ru/items/armor/combined/_variants/5l1yg/7.json
5l1yg,5l1yg,8,True,УКАЗ АО-6 «Кочевник»,armor/combined,Мастер,Комбинированные,RANK_MASTER,PERSONAL_ON_USE,24.0,100.0,100.0,238.21262,,-3.0,,,5.0,,2.0,,20.0,-1.0,40.0,,,140.0,136.0,300.0,300.0,300.0,300.0,200.0,300.0,300.0,,,,,,,,,,,,,338.21262,97.0,2.5,stalzone-database/ru/items/armor/combined/_variants/5l1yg/8.json
5l1yg,5l1yg,9,True,УКАЗ АО-6 «Кочевник»,armor/combined,Мастер,Комбинированные,RANK_MASTER,PERSONAL_ON_USE,24.0,100.0,100.0,242.41428,,-3.0,,,5.0,,2.0,,20.0,-1.0,40.0,,,140.0,136.0,300.0,300.0,300.0,300.0,200.0,300.0,300.0,,,,,,,,,,,,,342.41428,97.0,2.5,stalzone-database/ru/items/armor/combined/_variants/5l1yg/9.json
5l1yg,5l1yg,10,True,УКАЗ АО-6 «Кочевник»,armor/combined,Мастер,Комбинированные,RANK_MASTER,PERSONAL_ON_USE,24.0,100.0,100.0,254.73909,,-3.0,,,5.0,,2.0,,20.0,-1.0,40.0,,,140.0,136.0,300.0,300.0,300.0,300.0,200.0,300.0,300.0,,,,,,,,,,,,,354.73909,97.0,2.5,stalzone-database/ru/items/armor/combined/_variants/5l1yg/10.json
5l1yg,5l1yg,11,True,УКАЗ АО-6 «Кочевник»,armor/combined,Мастер,Комбинированные,RANK_MASTER,PERSONAL_ON_USE,24.0,100.0,100.0,260.9015,,-3.0,,,5.0,,2.0,,20.0,-1.0,40.0,,,140.0,136.0,300.0,300.0,300.0,300.0,200.0,300.0,300.0,,,,,,,,,,,,,360.9015,97.0,2.5,stalzone-database/ru/items/armor/combined/_variants/5l1yg/11.json
5l1yg,5l1yg,12,True,УКАЗ АО-6 «Кочевник»,armor/combined,Мастер,Комбинированные,RANK_MASTER,PERSONAL_ON_USE,24.0,100.0,100.0,267.0639,,-3.0,,,5.0,,2.0,,20.0,-1.0,40.0,,,140.0,136.0,300.0,300.0,300.0,300.0,200.0,300.0,300.0,,,,,,,,,,,,,367.0639,97.0,2.5,stalzone-database/ru/items/armor/combined/_variants/5l1yg/12.json
5l1yg,5l1yg,13,True,УКАЗ АО-6 «Кочевник»,armor/combined,Мастер,Комбинированные,RANK_MASTER,PERSONAL_ON_USE,24.0,100.0,100.0,273.22635,,-3.0,,,5.0,,2.0,,20.0,-1.0,40.0,,,140.0,136.0,300.0,300.0,300.0,300.0,200.0,300.0,300.0,,,,,,,,,,,,,373.22635,97.0,2.5,stalzone-database/ru/items/armor/combined/_variants/5l1yg/13.json
5l1yg,5l1yg,14,True,УКАЗ АО-6 «Кочевник»,armor/combined,Мастер,Комбинированные,RANK_MASTER,PERSONAL_ON_USE,24.0,100.0,100.0,279.38876,,-3.0,,,5.0,,2.0,,20.0,-1.0,40.0,,,140.0,136.0,300.0,300.0,300.0,300.0,200.0,300.0,300.0,,,,,,,,,,,,,379.38876,97.0,2.5,stalzone-database/ru/items/armor/combined/_variants/5l1yg/14.json
5l1yg,5l1yg,15,True,УКАЗ АО-6 «Кочевник»,armor/combined,Мастер,Комбинированные,RANK_MASTER,PERSONAL_ON_USE,24.0,100.0,100.0,297.876,,-3.0,,,5.0,,2.0,,20.0,-1.0,40.0,,,140.0,136.0,300.0,300.0,300.0,300.0,200.0,300.0,300.0,,,,,,,,,,,,,397.876,97.0,2.5,stalzone-database/ru/items/armor/combined/_variants/5l1yg/15.json
5lr20,5lr20,0,False,Бронекостюм «КЗ-3б»,armor/combat,Ветеран,Боевые,RANK_VETERAN,PERSONAL_ON_USE,11.0,100.0,100.0,154.0,,,,20.0,,,,,19.0,,55.0,,,179.0,116.0,120.0,120.0,120.0,210.0,120.0,210.0,140.0,,,,,,,,,,,,,254.0,100.0,0.5,stalzone-database/ru/items/armor/combat/5lr20.json
5lr20,5lr20,1,True,Бронекостюм «КЗ-3б»,armor/combat,Ветеран,Боевые,RANK_VETERAN,PERSONAL_ON_USE,11.0,100.0,100.0,156.32408,,,,20.0,,,,,19.0,,55.0,,,179.0,116.0,120.0,120.0,120.0,210.0,120.0,210.0,140.0,,,,,,,,,,,,,256.32408,100.0,0.5,stalzone-database/ru/items/armor/combat/_variants/5lr20/1.json
5lr20,5lr20,2,True,Бронекостюм «КЗ-3б»,armor/combat,Ветеран,Боевые,RANK_VETERAN,PERSONAL_ON_USE,11.0,100.0,100.0,158.64818,,,,20.0,,,,,19.0,,55.0,,,179.0,116.0,120.0,120.0,120.0,210.0,120.0,210.0,140.0,,,,,,,,,,,,,258.64818,100.0,0.5,stalzone-database/ru/items/armor/combat/_variants/5lr20/2.json
5lr20,5lr20,3,True,Бронекостюм «КЗ-3б»,armor/combat,Ветеран,Боевые,RANK_VETERAN,PERSONAL_ON_USE,11.0,100.0,100.0,160.97226,,,,20.0,,,,,19.0,,55.0,,,179.0,116.0,120.0,120.0,120.0,210.0,120.0,210.0,140.0,,,,,,,,,,,,,260.97226,100.0,0.5,stalzone-database/ru/items/armor/combat/_variants/5lr20/3.json
5lr20,5lr20,4,True,Бронекостюм «КЗ-3б»,armor/combat,Ветеран,Боевые,RANK_VETERAN,PERSONAL_ON_USE,11.0,100.0,100.0,163.29633,,,,20.0,,,,,19.0,,55.0,,,179.0,116.0,120.0,120.0,120.0,210.0,120.0,210.0,140.0,,,,,,,,,,,,,263.29633,100.0,0.5,stalzone-database/ru/items/armor/combat/_variants/5lr20/4.json
5lr20,5lr20,5,True,Бронекостюм «КЗ-3б»,armor/combat,Ветеран,Боевые,RANK_VETERAN,PERSONAL_ON_USE,11.0,100.0,100.0,170.26859,,,,20.0,,,,,19.0,,55.0,,,179.0,116.0,120.0,120.0,120.0,210.0,120.0,210.0,140.0,,,,,,,,,,,,,270.26859,100.0,0.5,stalzone-database/ru/items/armor/combat/_variants/5lr20/5.json
5lr20,5lr20,6,True,Бронекостюм «КЗ-3б»,armor/combat,Ветеран,Боевые,RANK_VETERAN,PERSONAL_ON_USE,11.0,100.0,100.0,173.75473,,,,20.0,,,,,19.0,,55.0,,,179.0,116.0,120.0,120.0,120.0,210.0,120.0,210.0,140.0,,,,,,,,,,,,,273.75473,100.0,0.5,stalzone-database/ru/items/armor/combat/_variants/5lr20/6.json
5lr20,5lr20,7,True,Бронекостюм «КЗ-3б»,armor/combat,Ветеран,Боевые,RANK_VETERAN,PERSONAL_ON_USE,11.0,100.0,100.0,177.24086,,,,20.0,,,,,19.0,,55.0,,,179.0,116.0,120.0,120.0,120.0,210.0,120.0,210.0,140.0,,,,,,,,,,,,,277.24086,100.0,0.5,stalzone-database/ru/items/armor/combat/_variants/5lr20/7.json
5lr20,5lr20,8,True,Бронекостюм «КЗ-3б»,armor/combat,Ветеран,Боевые,RANK_VETERAN,PERSONAL_ON_USE,11.0,100.0,100.0,180.72697,,,,20.0,,,,,19.0,,55.0,,,179.0,116.0,120.0,120.0,120.0,210.0,120.0,210.0,140.0,,,,,,,,,,,,,280.72697,100.0,0.5,stalzone-database/ru/items/armor/combat/_variants/5lr20/8.json
5lr20,5lr20,9,True,Бронекостюм «КЗ-3б»,armor/combat,Ветеран,Боевые,RANK_VETERAN,PERSONAL_ON_USE,11.0,100.0,100.0,184.21312,,,,20.0,,,,,19.0,,55.0,,,179.0,116.0,120.0,120.0,120.0,210.0,120.0,210.0,140.0,,,,,,,,,,,,,284.21312,100.0,0.5,stalzone-database/ru/items/armor/combat/_variants/5lr20/9.json
5lr20,5lr20,10,True,Бронекостюм «КЗ-3б»,armor/combat,Ветеран,Боевые,RANK_VETERAN,PERSONAL_ON_USE,11.0,100.0,100.0,194.43907,,,,20.0,,,,,19.0,,55.0,,,179.0,116.0,120.0,120.0,120.0,210.0,120.0,210.0,140.0,,,,,,,,,,,,,294.43907,100.0,0.5,stalzone-database/ru/items/armor/combat/_variants/5lr20/10.json
5lr20,5lr20,11,True,Бронекостюм «КЗ-3б»,armor/combat,Ветеран,Боевые,RANK_VETERAN,PERSONAL_ON_USE,11.0,100.0,100.0,199.55208,,,,20.0,,,,,19.0,,55.0,,,179.0,116.0,120.0,120.0,120.0,210.0,120.0,210.0,140.0,,,,,,,,,,,,,299.55208,100.0,0.5,stalzone-database/ru/items/armor/combat/_variants/5lr20/11.json
5lr20,5lr20,12,True,Бронекостюм «КЗ-3б»,armor/combat,Ветеран,Боевые,RANK_VETERAN,PERSONAL_ON_USE,11.0,100.0,100.0,204.66507,,,,20.0,,,,,19.0,,55.0,,,179.0,116.0,120.0,120.0,120.0,210.0,120.0,210.0,140.0,,,,,,,,,,,,,304.66507,100.0,0.5,stalzone-database/ru/items/armor/combat/_variants/5lr20/12.json
5lr20,5lr20,13,True,Бронекостюм «КЗ-3б»,armor/combat,Ветеран,Боевые,RANK_VETERAN,PERSONAL_ON_USE,11.0,100.0,100.0,209.77805,,,,20.0,,,,,19.0,,55.0,,,179.0,116.0,120.0,120.0,120.0,210.0,120.0,210.0,140.0,,,,,,,,,,,,,309.77805,100.0,0.5,stalzone-database/ru/items/armor/combat/_variants/5lr20/13.json
5lr20,5lr20,14,True,Бронекостюм «КЗ-3б»,armor/combat,Ветеран,Боевые,RANK_VETERAN,PERSONAL_ON_USE,11.0,100.0,100.0,214.89104,,,,20.0,,,,,19.0,,55.0,,,179.0,116.0,120.0,120.0,120.0,210.0,120.0,210.0,140.0,,,,,,,,,,,,,314.89104,100.0,0.5,stalzone-database/ru/items/armor/combat/_variants/5lr20/14.json
5lr20,5lr20,15,True,Бронекостюм «КЗ-3б»,armor/combat,Ветеран,Боевые,RANK_VETERAN,PERSONAL_ON_USE,11.0,100.0,100.0,230.23,,,,20.0,,,,,19.0,,55.0,,,179.0,116.0,120.0,120.0,120.0,210.0,120.0,210.0,140.0,,,,,,,,,,,,,330.23,100.0,0.5,stalzone-database/ru/items/armor/combat/_variants/5lr20/15.json
5lr4q,5lr4q,0,False,Защитный бронекостюм «Йорш»,armor/combat,Ветеран,Боевые,RANK_VETERAN,PERSONAL_ON_USE,32.0,100.0,100.0,190.0,,-1.0,,20.0,,,,,25.0,,65.0,,,240.0,143.0,300.0,40.0,40.0,230.0,120.0,230.0,210.0,,,,,,,,,,,,,290.0,99.0,0.5,stalzone-database/ru/items/armor/combat/5lr4q.json
5lr4q,5lr4q,1,True,Защитный бронекостюм «Йорш»,armor/combat,Ветеран,Боевые,RANK_VETERAN,PERSONAL_ON_USE,32.0,100.0,100.0,192.65306,,-1.0,,20.0,,,,,25.0,,65.0,,,240.0,143.0,300.0,40.0,40.0,230.0,120.0,230.0,210.0,,,,,,,,,,,,,292.65306,99.0,0.5,stalzone-database/ru/items/armor/combat/_variants/5lr4q/1.json
5lr4q,5lr4q,2,True,Защитный бронекостюм «Йорш»,armor/combat,Ветеран,Боевые,RANK_VETERAN,PERSONAL_ON_USE,32.0,100.0,100.0,195.30609,,-1.0,,20.0,,,,,25.0,,65.0,,,240.0,143.0,300.0,40.0,40.0,230.0,120.0,230.0,210.0,,,,,,,,,,,,,295.30609000000004,99.0,0.5,stalzone-database/ru/items/armor/combat/_variants/5lr4q/2.json
5lr4q,5lr4q,3,True,Защитный бронекостюм «Йорш»,armor/combat,Ветеран,Боевые,RANK_VETERAN,PERSONAL_ON_USE,32.0,100.0,100.0,197.95915,,-1.0,,20.0,,,,,25.0,,65.0,,,240.0,143.0,300.0,40.0,40.0,230.0,120.0,230.0,210.0,,,,,,,,,,,,,297.95915,99.0,0.5,stalzone-database/ru/items/armor/combat/_variants/5lr4q/3.json
5lr4q,5lr4q,4,True,Защитный бронекостюм «Йорш»,armor/combat,Ветеран,Боевые,RANK_VETERAN,PERSONAL_ON_USE,32.0,100.0,100.0,200.61218,,-1.0,,20.0,,,,,25.0,,65.0,,,240.0,143.0,300.0,40.0,40.0,230.0,120.0,230.0,210.0,,,,,,,,,,,,,300.61217999999997,99.0,0.5,stalzone-database/ru/items/armor/combat/_variants/5lr4q/4.json
5lr4q,5lr4q,5,True,Защитный бронекостюм «Йорш»,armor/combat,Ветеран,Боевые,RANK_VETERAN,PERSONAL_ON_USE,32.0,100.0,100.0,208.57133,,-1.0,,20.0,,,,,25.0,,65.0,,,240.0,143.0,300.0,40.0,40.0,230.0,120.0,230.0,210.0,,,,,,,,,,,,,308.57133,99.0,0.5,stalzone-database/ru/items/armor/combat/_variants/5lr4q/5.json
5lr4q,5lr4q,6,True,Защитный бронекостюм «Йорш»,armor/combat,Ветеран,Боевые,RANK_VETERAN,PERSONAL_ON_USE,32.0,100.0,100.0,212.55092,,-1.0,,20.0,,,,,25.0,,65.0,,,240.0,143.0,300.0,40.0,40.0,230.0,120.0,230.0,210.0,,,,,,,,,,,,,312.55092,99.0,0.5,stalzone-database/ru/items/armor/combat/_variants/5lr4q/6.json
5lr4q,5lr4q,7,True,Защитный бронекостюм «Йорш»,armor/combat,Ветеран,Боевые,RANK_VETERAN,PERSONAL_ON_USE,32.0,100.0,100.0,216.53049,,-1.0,,20.0,,,,,25.0,,65.0,,,240.0,143.0,300.0,40.0,40.0,230.0,120.0,230.0,210.0,,,,,,,,,,,,,316.53049,99.0,0.5,stalzone-database/ru/items/armor/combat/_variants/5lr4q/7.json
5lr4q,5lr4q,8,True,Защитный бронекостюм «Йорш»,armor/combat,Ветеран,Боевые,RANK_VETERAN,PERSONAL_ON_USE,32.0,100.0,100.0,220.51006,,-1.0,,20.0,,,,,25.0,,65.0,,,240.0,143.0,300.0,40.0,40.0,230.0,120.0,230.0,210.0,,,,,,,,,,,,,320.51006,99.0,0.5,stalzone-database/ru/items/armor/combat/_variants/5lr4q/8.json
5lr4q,5lr4q,9,True,Защитный бронекостюм «Йорш»,armor/combat,Ветеран,Боевые,RANK_VETERAN,PERSONAL_ON_USE,32.0,100.0,100.0,224.48964,,-1.0,,20.0,,,,,25.0,,65.0,,,240.0,143.0,300.0,40.0,40.0,230.0,120.0,230.0,210.0,,,,,,,,,,,,,324.48964,99.0,0.5,stalzone-database/ru/items/armor/combat/_variants/5lr4q/9.json
5lr4q,5lr4q,10,True,Защитный бронекостюм «Йорш»,armor/combat,Ветеран,Боевые,RANK_VETERAN,PERSONAL_ON_USE,32.0,100.0,100.0,236.16302,,-1.0,,20.0,,,,,25.0,,65.0,,,240.0,143.0,300.0,40.0,40.0,230.0,120.0,230.0,210.0,,,,,,,,,,,,,336.16301999999996,99.0,0.5,stalzone-database/ru/items/armor/combat/_variants/5lr4q/10.json
5lr4q,5lr4q,11,True,Защитный бронекостюм «Йорш»,armor/combat,Ветеран,Боевые,RANK_VETERAN,PERSONAL_ON_USE,32.0,100.0,100.0,241.99974,,-1.0,,20.0,,,,,25.0,,65.0,,,240.0,143.0,300.0,40.0,40.0,230.0,120.0,230.0,210.0,,,,,,,,,,,,,341.99974,99.0,0.5,stalzone-database/ru/items/armor/combat/_variants/5lr4q/11.json
5lr4q,5lr4q,12,True,Защитный бронекостюм «Йорш»,armor/combat,Ветеран,Боевые,RANK_VETERAN,PERSONAL_ON_USE,32.0,100.0,100.0,247.83644,,-1.0,,20.0,,,,,25.0,,65.0,,,240.0,143.0,300.0,40.0,40.0,230.0,120.0,230.0,210.0,,,,,,,,,,,,,347.83644,99.0,0.5,stalzone-database/ru/items/armor/combat/_variants/5lr4q/12.json
5lr4q,5lr4q,13,True,Защитный бронекостюм «Йорш»,armor/combat,Ветеран,Боевые,RANK_VETERAN,PERSONAL_ON_USE,32.0,100.0,100.0,253.67317,,-1.0,,20.0,,,,,25.0,,65.0,,,240.0,143.0,300.0,40.0,40.0,230.0,120.0,230.0,210.0,,,,,,,,,,,,,353.67317,99.0,0.5,stalzone-database/ru/items/armor/combat/_variants/5lr4q/13.json
5lr4q,5lr4q,14,True,Защитный бронекостюм «Йорш»,armor/combat,Ветеран,Боевые,RANK_VETERAN,PERSONAL_ON_USE,32.0,100.0,100.0,259.50986,,-1.0,,20.0,,,,,25.0,,65.0,,,240.0,143.0,300.0,40.0,40.0,230.0,120.0,230.0,210.0,,,,,,,,,,,,,359.50985999999995,99.0,0.5,stalzone-database/ru/items/armor/combat/_variants/5lr4q/14.json
5lr4q,5lr4q,15,True,Защитный бронекостюм «Йорш»,armor/combat,Ветеран,Боевые,RANK_VETERAN,PERSONAL_ON_USE,32.0,100.0,100.0,277.02,,-1.0,,20.0,,,,,25.0,,65.0,,,240.0,143.0,300.0,40.0,40.0,230.0,120.0,230.0,210.0,,,,,,,,,,,,,377.02,99.0,0.5,stalzone-database/ru/items/armor/combat/_variants/5lr4q/15.json
5lr71,5lr71,0,False,Сталкерская кожанка,armor/clothes,Отмычка,Одежда,DEFAULT,PERSONAL_ON_USE,1.0,100.0,100.0,18.0,,3.0,,,,,,,,,20.0,,,39.0,30.0,11.0,11.0,11.0,20.0,0.0,20.0,0.0,,,,,,,,,,,,,118.0,103.0,0.5,stalzone-database/ru/items/armor/clothes/5lr71.json
5lr71,5lr71,1,True,Сталкерская кожанка,armor/clothes,Отмычка,Одежда,DEFAULT,PERSONAL_ON_USE,1.0,100.0,100.0,19.994267,,3.0,,,,,,,,,20.0,,,39.0,30.0,11.0,11.0,11.0,20.0,0.0,20.0,0.0,,,,,,,,,,,,,119.994267,103.0,0.5,stalzone-database/ru/items/armor/clothes/_variants/5lr71/1.json
5lr71,5lr71,2,True,Сталкерская кожанка,armor/clothes,Отмычка,Одежда,DEFAULT,PERSONAL_ON_USE,1.0,100.0,100.0,21.988535,,3.0,,,,,,,,,20.0,,,39.0,30.0,11.0,11.0,11.0,20.0,0.0,20.0,0.0,,,,,,,,,,,,,121.988535,103.0,0.5,stalzone-database/ru/items/armor/clothes/_variants/5lr71/2.json
5lr71,5lr71,3,True,Сталкерская кожанка,armor/clothes,Отмычка,Одежда,DEFAULT,PERSONAL_ON_USE,1.0,100.0,100.0,23.982805,,3.0,,,,,,,,,20.0,,,39.0,30.0,11.0,11.0,11.0,20.0,0.0,20.0,0.0,,,,,,,,,,,,,123.98280500000001,103.0,0.5,stalzone-database/ru/items/armor/clothes/_variants/5lr71/3.json
5lr71,5lr71,4,True,Сталкерская кожанка,armor/clothes,Отмычка,Одежда,DEFAULT,PERSONAL_ON_USE,1.0,100.0,100.0,25.977072,,3.0,,,,,,,,,20.0,,,39.0,30.0,11.0,11.0,11.0,20.0,0.0,20.0,0.0,,,,,,,,,,,,,125.97707199999999,103.0,0.5,stalzone-database/ru/items/armor/clothes/_variants/5lr71/4.json
5lr71,5lr71,5,True,Сталкерская кожанка,armor/clothes,Отмычка,Одежда,DEFAULT,PERSONAL_ON_USE,1.0,100.0,100.0,31.959877,,3.0,,,,,,,,,20.0,,,39.0,30.0,11.0,11.0,11.0,20.0,0.0,20.0,0.0,,,,,,,,,,,,,131.959877,103.0,0.5,stalzone-database/ru/items/armor/clothes/_variants/5lr71/5.json
5lr71,5lr71,6,True,Сталкерская кожанка,armor/clothes,Отмычка,Одежда,DEFAULT,PERSONAL_ON_USE,1.0,100.0,100.0,34.95128,,3.0,,,,,,,,,20.0,,,39.0,30.0,11.0,11.0,11.0,20.0,0.0,20.0,0.0,,,,,,,,,,,,,134.95128,103.0,0.5,stalzone-database/ru/items/armor/clothes/_variants/5lr71/6.json
5lr71,5lr71,7,True,Сталкерская кожанка,armor/clothes,Отмычка,Одежда,DEFAULT,PERSONAL_ON_USE,1.0,100.0,100.0,36.0,,3.0,,,,,,,,,20.0,,,39.0,30.0,11.0,11.0,11.0,20.0,0.0,20.0,0.0,,,,,,,,,,,,,136.0,103.0,0.5,stalzone-database/ru/items/armor/clothes/_variants/5lr71/7.json
5lr71,5lr71,8,True,Сталкерская кожанка,armor/clothes,Отмычка,Одежда,DEFAULT,PERSONAL_ON_USE,1.0,100.0,100.0,36.0,,3.0,,,,,,,,,20.0,,,39.0,30.0,11.0,11.0,11.0,20.0,0.0,20.0,0.0,,,,,,,,,,,,,136.0,103.0,0.5,stalzone-database/ru/items/armor/clothes/_variants/5lr71/8.json
5lr71,5lr71,9,True,Сталкерская кожанка,armor/clothes,Отмычка,Одежда,DEFAULT,PERSONAL_ON_USE,1.0,100.0,100.0,36.0,,3.0,,,,,,,,,20.0,,,39.0,30.0,11.0,11.0,11.0,20.0,0.0,20.0,0.0,,,,,,,,,,,,,136.0,103.0,0.5,stalzone-database/ru/items/armor/clothes/_variants/5lr71/9.json
5lr71,5lr71,10,True,Сталкерская кожанка,armor/clothes,Отмычка,Одежда,DEFAULT,PERSONAL_ON_USE,1.0,100.0,100.0,36.0,,3.0,,,,,,,,,20.0,,,39.0,30.0,11.0,11.0,11.0,20.0,0.0,20.0,0.0,,,,,,,,,,,,,136.0,103.0,0.5,stalzone-database/ru/items/armor/clothes/_variants/5lr71/10.json
5lr71,5lr71,11,True,Сталкерская кожанка,armor/clothes,Отмычка,Одежда,DEFAULT,PERSONAL_ON_USE,1.0,100.0,100.0,36.0,,3.0,,,,,,,,,20.0,,,39.0,30.0,11.0,11.0,11.0,20.0,0.0,20.0,0.0,,,,,,,,,,,,,136.0,103.0,0.5,stalzone-database/ru/items/armor/clothes/_variants/5lr71/11.json
5lr71,5lr71,12,True,Сталкерская кожанка,armor/clothes,Отмычка,Одежда,DEFAULT,PERSONAL_ON_USE,1.0,100.0,100.0,36.0,,3.0,,,,,,,,,20.0,,,39.0,30.0,11.0,11.0,11.0,20.0,0.0,20.0,0.0,,,,,,,,,,,,,136.0,103.0,0.5,stalzone-database/ru/items/armor/clothes/_variants/5lr71/12.json
5lr71,5lr71,13,True,Сталкерская кожанка,armor/clothes,Отмычка,Одежда,DEFAULT,PERSONAL_ON_USE,1.0,100.0,100.0,36.0,,3.0,,,,,,,,,20.0,,,39.0,30.0,11.0,11.0,11.0,20.0,0.0,20.0,0.0,,,,,,,,,,,,,136.0,103.0,0.5,stalzone-database/ru/items/armor/clothes/_variants/5lr71/13.json
5lr71,5lr71,14,True,Сталкерская кожанка,armor/clothes,Отмычка,Одежда,DEFAULT,PERSONAL_ON_USE,1.0,100.0,100.0,36.0,,3.0,,,,,,,,,20.0,,,39.0,30.0,11.0,11.0,11.0,20.0,0.0,20.0,0.0,,,,,,,,,,,,,136.0,103.0,0.5,stalzone-database/ru/items/armor/clothes/_variants/5lr71/14.json
5lr71,5lr71,15,True,Сталкерская кожанка,armor/clothes,Отмычка,Одежда,DEFAULT,PERSONAL_ON_USE,1.0,100.0,100.0,36.0,,3.0,,,,,,,,,20.0,,,39.0,30.0,11.0,11.0,11.0,20.0,0.0,20.0,0.0,,,,,,,,,,,,,136.0,103.0,0.5,stalzone-database/ru/items/armor/clothes/_variants/5lr71/15.json
5lrn1,5lrn1,0,False,Тяжелый бронекостюм «Восход»,armor/combat,Ветеран,Боевые,RANK_VETERAN,PERSONAL_ON_USE,12.0,100.0,100.0,141.0,,,,,,,,,14.0,,45.0,,,155.0,124.0,60.0,60.0,60.0,190.0,80.0,190.0,110.0,,,,,,,,,,,,,241.0,100.0,0.5,stalzone-database/ru/items/armor/combat/5lrn1.json
5lrn1,5lrn1,1,True,Тяжелый бронекостюм «Восход»,armor/combat,Ветеран,Боевые,RANK_VETERAN,PERSONAL_ON_USE,12.0,100.0,100.0,143.20528,,,,,,,,,14.0,,45.0,,,155.0,124.0,60.0,60.0,60.0,190.0,80.0,190.0,110.0,,,,,,,,,,,,,243.20528,100.0,0.5,stalzone-database/ru/items/armor/combat/_variants/5lrn1/1.json
5lrn1,5lrn1,2,True,Тяжелый бронекостюм «Восход»,armor/combat,Ветеран,Боевые,RANK_VETERAN,PERSONAL_ON_USE,12.0,100.0,100.0,145.41055,,,,,,,,,14.0,,45.0,,,155.0,124.0,60.0,60.0,60.0,190.0,80.0,190.0,110.0,,,,,,,,,,,,,245.41055,100.0,0.5,stalzone-database/ru/items/armor/combat/_variants/5lrn1/2.json
5lrn1,5lrn1,3,True,Тяжелый бронекостюм «Восход»,armor/combat,Ветеран,Боевые,RANK_VETERAN,PERSONAL_ON_USE,12.0,100.0,100.0,147.61583,,,,,,,,,14.0,,45.0,,,155.0,124.0,60.0,60.0,60.0,190.0,80.0,190.0,110.0,,,,,,,,,,,,,247.61583,100.0,0.5,stalzone-database/ru/items/armor/combat/_variants/5lrn1/3.json
5lrn1,5lrn1,4,True,Тяжелый бронекостюм «Восход»,armor/combat,Ветеран,Боевые,RANK_VETERAN,PERSONAL_ON_USE,12.0,100.0,100.0,149.82109,,,,,,,,,14.0,,45.0,,,155.0,124.0,60.0,60.0,60.0,190.0,80.0,190.0,110.0,,,,,,,,,,,,,249.82109,100.0,0.5,stalzone-database/ru/items/armor/combat/_variants/5lrn1/4.json
5lrn1,5lrn1,5,True,Тяжелый бронекостюм «Восход»,armor/combat,Ветеран,Боевые,RANK_VETERAN,PERSONAL_ON_USE,12.0,100.0,100.0,156.43692,,,,,,,,,14.0,,45.0,,,155.0,124.0,60.0,60.0,60.0,190.0,80.0,190.0,110.0,,,,,,,,,,,,,256.43692,100.0,0.5,stalzone-database/ru/items/armor/combat/_variants/5lrn1/5.json
5lrn1,5lrn1,6,True,Тяжелый бронекостюм «Восход»,armor/combat,Ветеран,Боевые,RANK_VETERAN,PERSONAL_ON_USE,12.0,100.0,100.0,159.74483,,,,,,,,,14.0,,45.0,,,155.0,124.0,60.0,60.0,60.0,190.0,80.0,190.0,110.0,,,,,,,,,,,,,259.74483,100.0,0.5,stalzone-database/ru/items/armor/combat/_variants/5lrn1/6.json
5lrn1,5lrn1,7,True,Тяжелый бронекостюм «Восход»,armor/combat,Ветеран,Боевые,RANK_VETERAN,PERSONAL_ON_USE,12.0,100.0,100.0,163.05275,,,,,,,,,14.0,,45.0,,,155.0,124.0,60.0,60.0,60.0,190.0,80.0,190.0,110.0,,,,,,,,,,,,,263.05275,100.0,0.5,stalzone-database/ru/items/armor/combat/_variants/5lrn1/7.json
5lrn1,5lrn1,8,True,Тяжелый бронекостюм «Восход»,armor/combat,Ветеран,Боевые,RANK_VETERAN,PERSONAL_ON_USE,12.0,100.0,100.0,166.36064,,,,,,,,,14.0,,45.0,,,155.0,124.0,60.0,60.0,60.0,190.0,80.0,190.0,110.0,,,,,,,,,,,,,266.36064,100.0,0.5,stalzone-database/ru/items/armor/combat/_variants/5lrn1/8.json
5lrn1,5lrn1,9,True,Тяжелый бронекостюм «Восход»,armor/combat,Ветеран,Боевые,RANK_VETERAN,PERSONAL_ON_USE,12.0,100.0,100.0,169.66856,,,,,,,,,14.0,,45.0,,,155.0,124.0,60.0,60.0,60.0,190.0,80.0,190.0,110.0,,,,,,,,,,,,,269.66856,100.0,0.5,stalzone-database/ru/items/armor/combat/_variants/5lrn1/9.json
5lrn1,5lrn1,10,True,Тяжелый бронекостюм «Восход»,armor/combat,Ветеран,Боевые,RANK_VETERAN,PERSONAL_ON_USE,12.0,100.0,100.0,179.37178,,,,,,,,,14.0,,45.0,,,155.0,124.0,60.0,60.0,60.0,190.0,80.0,190.0,110.0,,,,,,,,,,,,,279.37178,100.0,0.5,stalzone-database/ru/items/armor/combat/_variants/5lrn1/10.json
5lrn1,5lrn1,11,True,Тяжелый бронекостюм «Восход»,armor/combat,Ветеран,Боевые,RANK_VETERAN,PERSONAL_ON_USE,12.0,100.0,100.0,184.22339,,,,,,,,,14.0,,45.0,,,155.0,124.0,60.0,60.0,60.0,190.0,80.0,190.0,110.0,,,,,,,,,,,,,284.22339,100.0,0.5,stalzone-database/ru/items/armor/combat/_variants/5lrn1/11.json
5lrn1,5lrn1,12,True,Тяжелый бронекостюм «Восход»,armor/combat,Ветеран,Боевые,RANK_VETERAN,PERSONAL_ON_USE,12.0,100.0,100.0,189.07498,,,,,,,,,14.0,,45.0,,,155.0,124.0,60.0,60.0,60.0,190.0,80.0,190.0,110.0,,,,,,,,,,,,,289.07498,100.0,0.5,stalzone-database/ru/items/armor/combat/_variants/5lrn1/12.json
5lrn1,5lrn1,13,True,Тяжелый бронекостюм «Восход»,armor/combat,Ветеран,Боевые,RANK_VETERAN,PERSONAL_ON_USE,12.0,100.0,100.0,193.92659,,,,,,,,,14.0,,45.0,,,155.0,124.0,60.0,60.0,60.0,190.0,80.0,190.0,110.0,,,,,,,,,,,,,293.92659000000003,100.0,0.5,stalzone-database/ru/items/armor/combat/_variants/5lrn1/13.json
5lrn1,5lrn1,14,True,Тяжелый бронекостюм «Восход»,armor/combat,Ветеран,Боевые,RANK_VETERAN,PERSONAL_ON_USE,12.0,100.0,100.0,198.7782,,,,,,,,,14.0,,45.0,,,155.0,124.0,60.0,60.0,60.0,190.0,80.0,190.0,110.0,,,,,,,,,,,,,298.77819999999997,100.0,0.5,stalzone-database/ru/items/armor/combat/_variants/5lrn1/14.json
5lrn1,5lrn1,15,True,Тяжелый бронекостюм «Восход»,armor/combat,Ветеран,Боевые,RANK_VETERAN,PERSONAL_ON_USE,12.0,100.0,100.0,213.33301,,,,,,,,,14.0,,45.0,,,155.0,124.0,60.0,60.0,60.0,190.0,80.0,190.0,110.0,,,,,,,,,,,,,313.33301,100.0,0.5,stalzone-database/ru/items/armor/combat/_variants/5lrn1/15.json
6w06p,6w06p,0,False,Костюм «Скаут»,armor/combat,Новичок,Боевые,RANK_NEWBIE,PERSONAL_ON_USE,6.0,100.0,100.0,41.0,,,,,,,,,2.0,,40.0,,,53.0,50.0,0.0,0.0,0.0,0.0,0.0,0.0,0.0,,,,,,,,,,,,,141.0,100.0,0.5,stalzone-database/ru/items/armor/combat/6w06p.json
6w06p,6w06p,1,True,Костюм «Скаут»,armor/combat,Новичок,Боевые,RANK_NEWBIE,PERSONAL_ON_USE,6.0,100.0,100.0,42.289997,,,,,,,,,2.0,,40.0,,,53.0,50.0,0.0,0.0,0.0,0.0,0.0,0.0,0.0,,,,,,,,,,,,,142.289997,100.0,0.5,stalzone-database/ru/items/armor/combat/_variants/6w06p/1.json
6w06p,6w06p,2,True,Костюм «Скаут»,armor/combat,Новичок,Боевые,RANK_NEWBIE,PERSONAL_ON_USE,6.0,100.0,100.0,43.579998,,,,,,,,,2.0,,40.0,,,53.0,50.0,0.0,0.0,0.0,0.0,0.0,0.0,0.0,,,,,,,,,,,,,143.579998,100.0,0.5,stalzone-database/ru/items/armor/combat/_variants/6w06p/2.json
6w06p,6w06p,3,True,Костюм «Скаут»,armor/combat,Новичок,Боевые,RANK_NEWBIE,PERSONAL_ON_USE,6.0,100.0,100.0,44.870003,,,,,,,,,2.0,,40.0,,,53.0,50.0,0.0,0.0,0.0,0.0,0.0,0.0,0.0,,,,,,,,,,,,,144.870003,100.0,0.5,stalzone-database/ru/items/armor/combat/_variants/6w06p/3.json
6w06p,6w06p,4,True,Костюм «Скаут»,armor/combat,Новичок,Боевые,RANK_NEWBIE,PERSONAL_ON_USE,6.0,100.0,100.0,46.16,,,,,,,,,2.0,,40.0,,,53.0,50.0,0.0,0.0,0.0,0.0,0.0,0.0,0.0,,,,,,,,,,,,,146.16,100.0,0.5,stalzone-database/ru/items/armor/combat/_variants/6w06p/4.json
6w06p,6w06p,5,True,Костюм «Скаут»,armor/combat,Новичок,Боевые,RANK_NEWBIE,PERSONAL_ON_USE,6.0,100.0,100.0,50.030003,,,,,,,,,2.0,,40.0,,,53.0,50.0,0.0,0.0,0.0,0.0,0.0,0.0,0.0,,,,,,,,,,,,,150.030003,100.0,0.5,stalzone-database/ru/items/armor/combat/_variants/6w06p/5.json
6w06p,6w06p,6,True,Костюм «Скаут»,armor/combat,Новичок,Боевые,RANK_NEWBIE,PERSONAL_ON_USE,6.0,100.0,100.0,51.965,,,,,,,,,2.0,,40.0,,,53.0,50.0,0.0,0.0,0.0,0.0,0.0,0.0,0.0,,,,,,,,,,,,,151.965,100.0,0.5,stalzone-database/ru/items/armor/combat/_variants/6w06p/6.json
6w06p,6w06p,7,True,Костюм «Скаут»,armor/combat,Новичок,Боевые,RANK_NEWBIE,PERSONAL_ON_USE,6.0,100.0,100.0,53.899998,,,,,,,,,2.0,,40.0,,,53.0,50.0,0.0,0.0,0.0,0.0,0.0,0.0,0.0,,,,,,,,,,,,,153.89999799999998,100.0,0.5,stalzone-database/ru/items/armor/combat/_variants/6w06p/7.json
6w06p,6w06p,8,True,Костюм «Скаут»,armor/combat,Новичок,Боевые,RANK_NEWBIE,PERSONAL_ON_USE,6.0,100.0,100.0,55.835,,,,,,,,,2.0,,40.0,,,53.0,50.0,0.0,0.0,0.0,0.0,0.0,0.0,0.0,,,,,,,,,,,,,155.835,100.0,0.5,stalzone-database/ru/items/armor/combat/_variants/6w06p/8.json
6w06p,6w06p,9,True,Костюм «Скаут»,armor/combat,Новичок,Боевые,RANK_NEWBIE,PERSONAL_ON_USE,6.0,100.0,100.0,57.77,,,,,,,,,2.0,,40.0,,,53.0,50.0,0.0,0.0,0.0,0.0,0.0,0.0,0.0,,,,,,,,,,,,,157.77,100.0,0.5,stalzone-database/ru/items/armor/combat/_variants/6w06p/9.json
6w06p,6w06p,10,True,Костюм «Скаут»,armor/combat,Новичок,Боевые,RANK_NEWBIE,PERSONAL_ON_USE,6.0,100.0,100.0,63.445995,,,,,,,,,2.0,,40.0,,,53.0,50.0,0.0,0.0,0.0,0.0,0.0,0.0,0.0,,,,,,,,,,,,,163.445995,100.0,0.5,stalzone-database/ru/items/armor/combat/_variants/6w06p/10.json
6w06p,6w06p,11,True,Костюм «Скаут»,armor/combat,Новичок,Боевые,RANK_NEWBIE,PERSONAL_ON_USE,6.0,100.0,100.0,66.284,,,,,,,,,2.0,,40.0,,,53.0,50.0,0.0,0.0,0.0,0.0,0.0,0.0,0.0,,,,,,,,,,,,,166.284,100.0,0.5,stalzone-database/ru/items/armor/combat/_variants/6w06p/11.json
6w06p,6w06p,12,True,Костюм «Скаут»,armor/combat,Новичок,Боевые,RANK_NEWBIE,PERSONAL_ON_USE,6.0,100.0,100.0,69.121994,,,,,,,,,2.0,,40.0,,,53.0,50.0,0.0,0.0,0.0,0.0,0.0,0.0,0.0,,,,,,,,,,,,,169.121994,100.0,0.5,stalzone-database/ru/items/armor/combat/_variants/6w06p/12.json
6w06p,6w06p,13,True,Костюм «Скаут»,armor/combat,Новичок,Боевые,RANK_NEWBIE,PERSONAL_ON_USE,6.0,100.0,100.0,71.96,,,,,,,,,2.0,,40.0,,,53.0,50.0,0.0,0.0,0.0,0.0,0.0,0.0,0.0,,,,,,,,,,,,,171.95999999999995,100.0,0.5,stalzone-database/ru/items/armor/combat/_variants/6w06p/13.json
6w06p,6w06p,14,True,Костюм «Скаут»,armor/combat,Новичок,Боевые,RANK_NEWBIE,PERSONAL_ON_USE,6.0,100.0,100.0,74.798,,,,,,,,,2.0,,40.0,,,53.0,50.0,0.0,0.0,0.0,0.0,0.0,0.0,0.0,,,,,,,,,,,,,174.798,100.0,0.5,stalzone-database/ru/items/armor/combat/_variants/6w06p/14.json
6w06p,6w06p,15,True,Костюм «Скаут»,armor/combat,Новичок,Боевые,RANK_NEWBIE,PERSONAL_ON_USE,6.0,100.0,100.0,82.0,,,,,,,,,2.0,,40.0,,,53.0,50.0,0.0,0.0,0.0,0.0,0.0,0.0,0.0,,,,,,,,,,,,,182.0,100.0,0.5,stalzone-database/ru/items/armor/combat/_variants/6w06p/15.json
6w0p0,6w0p0,0,False,«Гражданин»,armor/clothes,Отмычка,Одежда,DEFAULT,PERSONAL_ON_USE,2.0,100.0,100.0,26.0,,,,,,,,,5.0,,45.0,,,112.0,25.0,0.0,0.0,0.0,10.0,0.0,10.0,0.0,20.0,,,,,,,,,,,,126.0,100.0,0.5,stalzone-database/ru/items/armor/clothes/6w0p0.json
6w0p0,6w0p0,1,True,«Гражданин»,armor/clothes,Отмычка,Одежда,DEFAULT,PERSONAL_ON_USE,2.0,100.0,100.0,27.152561,,,,,,,,,5.0,,45.0,,,112.0,25.0,0.0,0.0,0.0,10.0,0.0,10.0,0.0,20.0,,,,,,,,,,,,127.15256099999999,100.0,0.5,stalzone-database/ru/items/armor/clothes/_variants/6w0p0/1.json
6w0p0,6w0p0,2,True,«Гражданин»,armor/clothes,Отмычка,Одежда,DEFAULT,PERSONAL_ON_USE,2.0,100.0,100.0,28.305122,,,,,,,,,5.0,,45.0,,,112.0,25.0,0.0,0.0,0.0,10.0,0.0,10.0,0.0,20.0,,,,,,,,,,,,128.305122,100.0,0.5,stalzone-database/ru/items/armor/clothes/_variants/6w0p0/2.json
6w0p0,6w0p0,3,True,«Гражданин»,armor/clothes,Отмычка,Одежда,DEFAULT,PERSONAL_ON_USE,2.0,100.0,100.0,29.457682,,,,,,,,,5.0,,45.0,,,112.0,25.0,0.0,0.0,0.0,10.0,0.0,10.0,0.0,20.0,,,,,,,,,,,,129.457682,100.0,0.5,stalzone-database/ru/items/armor/clothes/_variants/6w0p0/3.json
6w0p0,6w0p0,4,True,«Гражданин»,armor/clothes,Отмычка,Одежда,DEFAULT,PERSONAL_ON_USE,2.0,100.0,100.0,30.610243,,,,,,,,,5.0,,45.0,,,112.0,25.0,0.0,0.0,0.0,10.0,0.0,10.0,0.0,20.0,,,,,,,,,,,,130.610243,100.0,0.5,stalzone-database/ru/items/armor/clothes/_variants/6w0p0/4.json
6w0p0,6w0p0,5,True,«Гражданин»,armor/clothes,Отмычка,Одежда,DEFAULT,PERSONAL_ON_USE,2.0,100.0,100.0,34.06793,,,,,,,,,5.0,,45.0,,,112.0,25.0,0.0,0.0,0.0,10.0,0.0,10.0,0.0,20.0,,,,,,,,,,,,134.06793,100.0,0.5,stalzone-database/ru/items/armor/clothes/_variants/6w0p0/5.json
6w0p0,6w0p0,6,True,«Гражданин»,armor/clothes,Отмычка,Одежда,DEFAULT,PERSONAL_ON_USE,2.0,100.0,100.0,35.79677,,,,,,,,,5.0,,45.0,,,112.0,25.0,0.0,0.0,0.0,10.0,0.0,10.0,0.0,20.0,,,,,,,,,,,,135.79677,100.0,0.5,stalzone-database/ru/items/armor/clothes/_variants/6w0p0/6.json
6w0p0,6w0p0,7,True,«Гражданин»,armor/clothes,Отмычка,Одежда,DEFAULT,PERSONAL_ON_USE,2.0,100.0,100.0,37.525608,,,,,,,,,5.0,,45.0,,,112.0,25.0,0.0,0.0,0.0,10.0,0.0,10.0,0.0,20.0,,,,,,,,,,,,137.525608,100.0,0.5,stalzone-database/ru/items/armor/clothes/_variants/6w0p0/7.json
6w0p0,6w0p0,8,True,«Гражданин»,armor/clothes,Отмычка,Одежда,DEFAULT,PERSONAL_ON_USE,2.0,100.0,100.0,39.25445,,,,,,,,,5.0,,45.0,,,112.0,25.0,0.0,0.0,0.0,10.0,0.0,10.0,0.0,20.0,,,,,,,,,,,,139.25445,100.0,0.5,stalzone-database/ru/items/armor/clothes/_variants/6w0p0/8.json
6w0p0,6w0p0,9,True,«Гражданин»,armor/clothes,Отмычка,Одежда,DEFAULT,PERSONAL_ON_USE,2.0,100.0,100.0,40.983288,,,,,,,,,5.0,,45.0,,,112.0,25.0,0.0,0.0,0.0,10.0,0.0,10.0,0.0,20.0,,,,,,,,,,,,140.98328800000002,100.0,0.5,stalzone-database/ru/items/armor/clothes/_variants/6w0p0/9.json
6w0p0,6w0p0,10,True,«Гражданин»,armor/clothes,Отмычка,Одежда,DEFAULT,PERSONAL_ON_USE,2.0,100.0,100.0,46.054558,,,,,,,,,5.0,,45.0,,,112.0,25.0,0.0,0.0,0.0,10.0,0.0,10.0,0.0,20.0,,,,,,,,,,,,146.054558,100.0,0.5,stalzone-database/ru/items/armor/clothes/_variants/6w0p0/10.json
6w0p0,6w0p0,11,True,«Гражданин»,armor/clothes,Отмычка,Одежда,DEFAULT,PERSONAL_ON_USE,2.0,100.0,100.0,48.590195,,,,,,,,,5.0,,45.0,,,112.0,25.0,0.0,0.0,0.0,10.0,0.0,10.0,0.0,20.0,,,,,,,,,,,,148.590195,100.0,0.5,stalzone-database/ru/items/armor/clothes/_variants/6w0p0/11.json
6w0p0,6w0p0,12,True,«Гражданин»,armor/clothes,Отмычка,Одежда,DEFAULT,PERSONAL_ON_USE,2.0,100.0,100.0,51.125828,,,,,,,,,5.0,,45.0,,,112.0,25.0,0.0,0.0,0.0,10.0,0.0,10.0,0.0,20.0,,,,,,,,,,,,151.125828,100.0,0.5,stalzone-database/ru/items/armor/clothes/_variants/6w0p0/12.json
6w0p0,6w0p0,13,True,«Гражданин»,armor/clothes,Отмычка,Одежда,DEFAULT,PERSONAL_ON_USE,2.0,100.0,100.0,52.0,,,,,,,,,5.0,,45.0,,,112.0,25.0,0.0,0.0,0.0,10.0,0.0,10.0,0.0,20.0,,,,,,,,,,,,152.0,100.0,0.5,stalzone-database/ru/items/armor/clothes/_variants/6w0p0/13.json
6w0p0,6w0p0,14,True,«Гражданин»,armor/clothes,Отмычка,Одежда,DEFAULT,PERSONAL_ON_USE,2.0,100.0,100.0,52.0,,,,,,,,,5.0,,45.0,,,112.0,25.0,0.0,0.0,0.0,10.0,0.0,10.0,0.0,20.0,,,,,,,,,,,,152.0,100.0,0.5,stalzone-database/ru/items/armor/clothes/_variants/6w0p0/14.json
6w0p0,6w0p0,15,True,«Гражданин»,armor/clothes,Отмычка,Одежда,DEFAULT,PERSONAL_ON_USE,2.0,100.0,100.0,52.0,,,,,,,,,5.0,,45.0,,,112.0,25.0,0.0,0.0,0.0,10.0,0.0,10.0,0.0,20.0,,,,,,,,,,,,152.0,100.0,0.5,stalzone-database/ru/items/armor/clothes/_variants/6w0p0/15.json
6w0zp,6w0zp,0,False,Экзоброня «Масть»,armor/combat,Ветеран,Боевые,RANK_VETERAN,PERSONAL_ON_USE,27.0,100.0,100.0,187.0,,,,,,,,,30.0,,45.0,,,187.0,152.0,80.0,80.0,80.0,230.0,120.0,230.0,210.0,,,,,,,,,,,,,287.0,100.0,0.5,stalzone-database/ru/items/armor/combat/6w0zp.json
6w0zp,6w0zp,1,True,Экзоброня «Масть»,armor/combat,Ветеран,Боевые,RANK_VETERAN,PERSONAL_ON_USE,27.0,100.0,100.0,189.62827,,,,,,,,,30.0,,45.0,,,187.0,152.0,80.0,80.0,80.0,230.0,120.0,230.0,210.0,,,,,,,,,,,,,289.62827,100.0,0.5,stalzone-database/ru/items/armor/combat/_variants/6w0zp/1.json
6w0zp,6w0zp,2,True,Экзоброня «Масть»,armor/combat,Ветеран,Боевые,RANK_VETERAN,PERSONAL_ON_USE,27.0,100.0,100.0,192.25653,,,,,,,,,30.0,,45.0,,,187.0,152.0,80.0,80.0,80.0,230.0,120.0,230.0,210.0,,,,,,,,,,,,,292.25653,100.0,0.5,stalzone-database/ru/items/armor/combat/_variants/6w0zp/2.json
6w0zp,6w0zp,3,True,Экзоброня «Масть»,armor/combat,Ветеран,Боевые,RANK_VETERAN,PERSONAL_ON_USE,27.0,100.0,100.0,194.8848,,,,,,,,,30.0,,45.0,,,187.0,152.0,80.0,80.0,80.0,230.0,120.0,230.0,210.0,,,,,,,,,,,,,294.88480000000004,100.0,0.5,stalzone-database/ru/items/armor/combat/_variants/6w0zp/3.json
6w0zp,6w0zp,4,True,Экзоброня «Масть»,armor/combat,Ветеран,Боевые,RANK_VETERAN,PERSONAL_ON_USE,27.0,100.0,100.0,197.51305,,,,,,,,,30.0,,45.0,,,187.0,152.0,80.0,80.0,80.0,230.0,120.0,230.0,210.0,,,,,,,,,,,,,297.51305,100.0,0.5,stalzone-database/ru/items/armor/combat/_variants/6w0zp/4.json
6w0zp,6w0zp,5,True,Экзоброня «Масть»,armor/combat,Ветеран,Боевые,RANK_VETERAN,PERSONAL_ON_USE,27.0,100.0,100.0,205.39783,,,,,,,,,30.0,,45.0,,,187.0,152.0,80.0,80.0,80.0,230.0,120.0,230.0,210.0,,,,,,,,,,,,,305.39783,100.0,0.5,stalzone-database/ru/items/armor/combat/_variants/6w0zp/5.json
6w0zp,6w0zp,6,True,Экзоброня «Масть»,armor/combat,Ветеран,Боевые,RANK_VETERAN,PERSONAL_ON_USE,27.0,100.0,100.0,209.34023,,,,,,,,,30.0,,45.0,,,187.0,152.0,80.0,80.0,80.0,230.0,120.0,230.0,210.0,,,,,,,,,,,,,309.34023,100.0,0.5,stalzone-database/ru/items/armor/combat/_variants/6w0zp/6.json
6w0zp,6w0zp,7,True,Экзоброня «Масть»,armor/combat,Ветеран,Боевые,RANK_VETERAN,PERSONAL_ON_USE,27.0,100.0,100.0,213.28261,,,,,,,,,30.0,,45.0,,,187.0,152.0,80.0,80.0,80.0,230.0,120.0,230.0,210.0,,,,,,,,,,,,,313.28261,100.0,0.5,stalzone-database/ru/items/armor/combat/_variants/6w0zp/7.json
6w0zp,6w0zp,8,True,Экзоброня «Масть»,armor/combat,Ветеран,Боевые,RANK_VETERAN,PERSONAL_ON_USE,27.0,100.0,100.0,217.22502,,,,,,,,,30.0,,45.0,,,187.0,152.0,80.0,80.0,80.0,230.0,120.0,230.0,210.0,,,,,,,,,,,,,317.22502,100.0,0.5,stalzone-database/ru/items/armor/combat/_variants/6w0zp/8.json
6w0zp,6w0zp,9,True,Экзоброня «Масть»,armor/combat,Ветеран,Боевые,RANK_VETERAN,PERSONAL_ON_USE,27.0,100.0,100.0,221.1674,,,,,,,,,30.0,,45.0,,,187.0,152.0,80.0,80.0,80.0,230.0,120.0,230.0,210.0,,,,,,,,,,,,,321.1674,100.0,0.5,stalzone-database/ru/items/armor/combat/_variants/6w0zp/9.json
6w0zp,6w0zp,10,True,Экзоброня «Масть»,armor/combat,Ветеран,Боевые,RANK_VETERAN,PERSONAL_ON_USE,27.0,100.0,100.0,232.73174,,,,,,,,,30.0,,45.0,,,187.0,152.0,80.0,80.0,80.0,230.0,120.0,230.0,210.0,,,,,,,,,,,,,332.73174,100.0,0.5,stalzone-database/ru/items/armor/combat/_variants/6w0zp/10.json
6w0zp,6w0zp,11,True,Экзоброня «Масть»,armor/combat,Ветеран,Боевые,RANK_VETERAN,PERSONAL_ON_USE,27.0,100.0,100.0,238.51395,,,,,,,,,30.0,,45.0,,,187.0,152.0,80.0,80.0,80.0,230.0,120.0,230.0,210.0,,,,,,,,,,,,,338.51395,100.0,0.5,stalzone-database/ru/items/armor/combat/_variants/6w0zp/11.json
6w0zp,6w0zp,12,True,Экзоброня «Масть»,armor/combat,Ветеран,Боевые,RANK_VETERAN,PERSONAL_ON_USE,27.0,100.0,100.0,244.2961,,,,,,,,,30.0,,45.0,,,187.0,152.0,80.0,80.0,80.0,230.0,120.0,230.0,210.0,,,,,,,,,,,,,344.2961,100.0,0.5,stalzone-database/ru/items/armor/combat/_variants/6w0zp/12.json
6w0zp,6w0zp,13,True,Экзоброня «Масть»,armor/combat,Ветеран,Боевые,RANK_VETERAN,PERSONAL_ON_USE,27.0,100.0,100.0,250.0783,,,,,,,,,30.0,,45.0,,,187.0,152.0,80.0,80.0,80.0,230.0,120.0,230.0,210.0,,,,,,,,,,,,,350.0783,100.0,0.5,stalzone-database/ru/items/armor/combat/_variants/6w0zp/13.json
6w0zp,6w0zp,14,True,Экзоброня «Масть»,armor/combat,Ветеран,Боевые,RANK_VETERAN,PERSONAL_ON_USE,27.0,100.0,100.0,255.86046,,,,,,,,,30.0,,45.0,,,187.0,152.0,80.0,80.0,80.0,230.0,120.0,230.0,210.0,,,,,,,,,,,,,355.86046000000005,100.0,0.5,stalzone-database/ru/items/armor/combat/_variants/6w0zp/14.json
6w0zp,6w0zp,15,True,Экзоброня «Масть»,armor/combat,Ветеран,Боевые,RANK_VETERAN,PERSONAL_ON_USE,27.0,100.0,100.0,273.207,,,,,,,,,30.0,,45.0,,,187.0,152.0,80.0,80.0,80.0,230.0,120.0,230.0,210.0,,,,,,,,,,,,,373.207,100.0,0.5,stalzone-database/ru/items/armor/combat/_variants/6w0zp/15.json
6wgj6,6wgj6,0,False,Aww Scary NVG,armor/device,Отмычка,Устройства,DEFAULT,PERSONAL_ON_USE,0.1,,,,,,,,,,,,,,,,,,,,,,,,,,,,,,,,,,,,,,100.0,100.0,0.5,stalzone-database/ru/items/armor/device/6wgj6.json
6wgwy,6wgwy,0,False,Бронекостюм «Ронин»,armor/combat,Мастер,Боевые,RANK_MASTER,PERSONAL_ON_USE,30.0,100.0,100.0,236.0,,-1.0,,20.0,,,,,35.0,,60.0,,,252.0,175.0,50.0,50.0,50.0,200.0,100.0,200.0,200.0,,10.0,,,,,,,,,,,336.0,99.0,0.5,stalzone-database/ru/items/armor/combat/6wgwy.json
6wgwy,6wgwy,1,True,Бронекостюм «Ронин»,armor/combat,Мастер,Боевые,RANK_MASTER,PERSONAL_ON_USE,30.0,100.0,100.0,239.07951,,-1.0,,20.0,,,,,35.0,,60.0,,,252.0,175.0,50.0,50.0,50.0,200.0,100.0,200.0,200.0,,10.0,,,,,,,,,,,339.07951,99.0,0.5,stalzone-database/ru/items/armor/combat/_variants/6wgwy/1.json
6wgwy,6wgwy,2,True,Бронекостюм «Ронин»,armor/combat,Мастер,Боевые,RANK_MASTER,PERSONAL_ON_USE,30.0,100.0,100.0,242.15901,,-1.0,,20.0,,,,,35.0,,60.0,,,252.0,175.0,50.0,50.0,50.0,200.0,100.0,200.0,200.0,,10.0,,,,,,,,,,,342.15900999999997,99.0,0.5,stalzone-database/ru/items/armor/combat/_variants/6wgwy/2.json
6wgwy,6wgwy,3,True,Бронекостюм «Ронин»,armor/combat,Мастер,Боевые,RANK_MASTER,PERSONAL_ON_USE,30.0,100.0,100.0,245.23853,,-1.0,,20.0,,,,,35.0,,60.0,,,252.0,175.0,50.0,50.0,50.0,200.0,100.0,200.0,200.0,,10.0,,,,,,,,,,,345.23852999999997,99.0,0.5,stalzone-database/ru/items/armor/combat/_variants/6wgwy/3.json
6wgwy,6wgwy,4,True,Бронекостюм «Ронин»,armor/combat,Мастер,Боевые,RANK_MASTER,PERSONAL_ON_USE,30.0,100.0,100.0,248.31804,,-1.0,,20.0,,,,,35.0,,60.0,,,252.0,175.0,50.0,50.0,50.0,200.0,100.0,200.0,200.0,,10.0,,,,,,,,,,,348.31803999999994,99.0,0.5,stalzone-database/ru/items/armor/combat/_variants/6wgwy/4.json
6wgwy,6wgwy,5,True,Бронекостюм «Ронин»,armor/combat,Мастер,Боевые,RANK_MASTER,PERSONAL_ON_USE,30.0,100.0,100.0,257.55658,,-1.0,,20.0,,,,,35.0,,60.0,,,252.0,175.0,50.0,50.0,50.0,200.0,100.0,200.0,200.0,,10.0,,,,,,,,,,,357.55658000000005,99.0,0.5,stalzone-database/ru/items/armor/combat/_variants/6wgwy/5.json
6wgwy,6wgwy,6,True,Бронекостюм «Ронин»,armor/combat,Мастер,Боевые,RANK_MASTER,PERSONAL_ON_USE,30.0,100.0,100.0,262.17584,,-1.0,,20.0,,,,,35.0,,60.0,,,252.0,175.0,50.0,50.0,50.0,200.0,100.0,200.0,200.0,,10.0,,,,,,,,,,,362.17584000000005,99.0,0.5,stalzone-database/ru/items/armor/combat/_variants/6wgwy/6.json
6wgwy,6wgwy,7,True,Бронекостюм «Ронин»,armor/combat,Мастер,Боевые,RANK_MASTER,PERSONAL_ON_USE,30.0,100.0,100.0,266.79514,,-1.0,,20.0,,,,,35.0,,60.0,,,252.0,175.0,50.0,50.0,50.0,200.0,100.0,200.0,200.0,,10.0,,,,,,,,,,,366.79514,99.0,0.5,stalzone-database/ru/items/armor/combat/_variants/6wgwy/7.json
6wgwy,6wgwy,8,True,Бронекостюм «Ронин»,armor/combat,Мастер,Боевые,RANK_MASTER,PERSONAL_ON_USE,30.0,100.0,100.0,271.41437,,-1.0,,20.0,,,,,35.0,,60.0,,,252.0,175.0,50.0,50.0,50.0,200.0,100.0,200.0,200.0,,10.0,,,,,,,,,,,371.4143700000001,99.0,0.5,stalzone-database/ru/items/armor/combat/_variants/6wgwy/8.json
6wgwy,6wgwy,9,True,Бронекостюм «Ронин»,armor/combat,Мастер,Боевые,RANK_MASTER,PERSONAL_ON_USE,30.0,100.0,100.0,276.03366,,-1.0,,20.0,,,,,35.0,,60.0,,,252.0,175.0,50.0,50.0,50.0,200.0,100.0,200.0,200.0,,10.0,,,,,,,,,,,376.03366,99.0,0.5,stalzone-database/ru/items/armor/combat/_variants/6wgwy/9.json
6wgwy,6wgwy,10,True,Бронекостюм «Ронин»,armor/combat,Мастер,Боевые,RANK_MASTER,PERSONAL_ON_USE,30.0,100.0,100.0,289.5835,,-1.0,,20.0,,,,,35.0,,60.0,,,252.0,175.0,50.0,50.0,50.0,200.0,100.0,200.0,200.0,,10.0,,,,,,,,,,,389.58349999999996,99.0,0.5,stalzone-database/ru/items/armor/combat/_variants/6wgwy/10.json
6wgwy,6wgwy,11,True,Бронекостюм «Ронин»,armor/combat,Мастер,Боевые,RANK_MASTER,PERSONAL_ON_USE,30.0,100.0,100.0,296.35846,,-1.0,,20.0,,,,,35.0,,60.0,,,252.0,175.0,50.0,50.0,50.0,200.0,100.0,200.0,200.0,,10.0,,,,,,,,,,,396.35846,99.0,0.5,stalzone-database/ru/items/armor/combat/_variants/6wgwy/11.json
6wgwy,6wgwy,12,True,Бронекостюм «Ронин»,armor/combat,Мастер,Боевые,RANK_MASTER,PERSONAL_ON_USE,30.0,100.0,100.0,303.13336,,-1.0,,20.0,,,,,35.0,,60.0,,,252.0,175.0,50.0,50.0,50.0,200.0,100.0,200.0,200.0,,10.0,,,,,,,,,,,403.13336,99.0,0.5,stalzone-database/ru/items/armor/combat/_variants/6wgwy/12.json
6wgwy,6wgwy,13,True,Бронекостюм «Ронин»,armor/combat,Мастер,Боевые,RANK_MASTER,PERSONAL_ON_USE,30.0,100.0,100.0,309.90826,,-1.0,,20.0,,,,,35.0,,60.0,,,252.0,175.0,50.0,50.0,50.0,200.0,100.0,200.0,200.0,,10.0,,,,,,,,,,,409.90826,99.0,0.5,stalzone-database/ru/items/armor/combat/_variants/6wgwy/13.json
6wgwy,6wgwy,14,True,Бронекостюм «Ронин»,armor/combat,Мастер,Боевые,RANK_MASTER,PERSONAL_ON_USE,30.0,100.0,100.0,316.68323,,-1.0,,20.0,,,,,35.0,,60.0,,,252.0,175.0,50.0,50.0,50.0,200.0,100.0,200.0,200.0,,10.0,,,,,,,,,,,416.68323,99.0,0.5,stalzone-database/ru/items/armor/combat/_variants/6wgwy/14.json
6wgwy,6wgwy,15,True,Бронекостюм «Ронин»,armor/combat,Мастер,Боевые,RANK_MASTER,PERSONAL_ON_USE,30.0,100.0,100.0,337.008,,-1.0,,20.0,,,,,35.0,,60.0,,,252.0,175.0,50.0,50.0,50.0,200.0,100.0,200.0,200.0,,10.0,,,,,,,,,,,437.008,99.0,0.5,stalzone-database/ru/items/armor/combat/_variants/6wgwy/15.json
7lm56,7lm56,0,False,Экзоброня «Самсон»,armor/combat,Ветеран,Боевые,RANK_VETERAN,PERSONAL_ON_USE,27.0,100.0,100.0,187.0,,,,,,,,,30.0,,45.0,,,187.0,152.0,80.0,80.0,80.0,230.0,120.0,230.0,210.0,,,,,,,,,,,,,287.0,100.0,0.5,stalzone-database/ru/items/armor/combat/7lm56.json
7lm56,7lm56,1,True,Экзоброня «Самсон»,armor/combat,Ветеран,Боевые,RANK_VETERAN,PERSONAL_ON_USE,27.0,100.0,100.0,189.62827,,,,,,,,,30.0,,45.0,,,187.0,152.0,80.0,80.0,80.0,230.0,120.0,230.0,210.0,,,,,,,,,,,,,289.62827,100.0,0.5,stalzone-database/ru/items/armor/combat/_variants/7lm56/1.json
7lm56,7lm56,2,True,Экзоброня «Самсон»,armor/combat,Ветеран,Боевые,RANK_VETERAN,PERSONAL_ON_USE,27.0,100.0,100.0,192.25653,,,,,,,,,30.0,,45.0,,,187.0,152.0,80.0,80.0,80.0,230.0,120.0,230.0,210.0,,,,,,,,,,,,,292.25653,100.0,0.5,stalzone-database/ru/items/armor/combat/_variants/7lm56/2.json
7lm56,7lm56,3,True,Экзоброня «Самсон»,armor/combat,Ветеран,Боевые,RANK_VETERAN,PERSONAL_ON_USE,27.0,100.0,100.0,194.8848,,,,,,,,,30.0,,45.0,,,187.0,152.0,80.0,80.0,80.0,230.0,120.0,230.0,210.0,,,,,,,,,,,,,294.88480000000004,100.0,0.5,stalzone-database/ru/items/armor/combat/_variants/7lm56/3.json
7lm56,7lm56,4,True,Экзоброня «Самсон»,armor/combat,Ветеран,Боевые,RANK_VETERAN,PERSONAL_ON_USE,27.0,100.0,100.0,197.51305,,,,,,,,,30.0,,45.0,,,187.0,152.0,80.0,80.0,80.0,230.0,120.0,230.0,210.0,,,,,,,,,,,,,297.51305,100.0,0.5,stalzone-database/ru/items/armor/combat/_variants/7lm56/4.json
7lm56,7lm56,5,True,Экзоброня «Самсон»,armor/combat,Ветеран,Боевые,RANK_VETERAN,PERSONAL_ON_USE,27.0,100.0,100.0,205.39783,,,,,,,,,30.0,,45.0,,,187.0,152.0,80.0,80.0,80.0,230.0,120.0,230.0,210.0,,,,,,,,,,,,,305.39783,100.0,0.5,stalzone-database/ru/items/armor/combat/_variants/7lm56/5.json
7lm56,7lm56,6,True,Экзоброня «Самсон»,armor/combat,Ветеран,Боевые,RANK_VETERAN,PERSONAL_ON_USE,27.0,100.0,100.0,209.34023,,,,,,,,,30.0,,45.0,,,187.0,152.0,80.0,80.0,80.0,230.0,120.0,230.0,210.0,,,,,,,,,,,,,309.34023,100.0,0.5,stalzone-database/ru/items/armor/combat/_variants/7lm56/6.json
7lm56,7lm56,7,True,Экзоброня «Самсон»,armor/combat,Ветеран,Боевые,RANK_VETERAN,PERSONAL_ON_USE,27.0,100.0,100.0,213.28261,,,,,,,,,30.0,,45.0,,,187.0,152.0,80.0,80.0,80.0,230.0,120.0,230.0,210.0,,,,,,,,,,,,,313.28261,100.0,0.5,stalzone-database/ru/items/armor/combat/_variants/7lm56/7.json
7lm56,7lm56,8,True,Экзоброня «Самсон»,armor/combat,Ветеран,Боевые,RANK_VETERAN,PERSONAL_ON_USE,27.0,100.0,100.0,217.22502,,,,,,,,,30.0,,45.0,,,187.0,152.0,80.0,80.0,80.0,230.0,120.0,230.0,210.0,,,,,,,,,,,,,317.22502,100.0,0.5,stalzone-database/ru/items/armor/combat/_variants/7lm56/8.json
7lm56,7lm56,9,True,Экзоброня «Самсон»,armor/combat,Ветеран,Боевые,RANK_VETERAN,PERSONAL_ON_USE,27.0,100.0,100.0,221.1674,,,,,,,,,30.0,,45.0,,,187.0,152.0,80.0,80.0,80.0,230.0,120.0,230.0,210.0,,,,,,,,,,,,,321.1674,100.0,0.5,stalzone-database/ru/items/armor/combat/_variants/7lm56/9.json
7lm56,7lm56,10,True,Экзоброня «Самсон»,armor/combat,Ветеран,Боевые,RANK_VETERAN,PERSONAL_ON_USE,27.0,100.0,100.0,232.73174,,,,,,,,,30.0,,45.0,,,187.0,152.0,80.0,80.0,80.0,230.0,120.0,230.0,210.0,,,,,,,,,,,,,332.73174,100.0,0.5,stalzone-database/ru/items/armor/combat/_variants/7lm56/10.json
7lm56,7lm56,11,True,Экзоброня «Самсон»,armor/combat,Ветеран,Боевые,RANK_VETERAN,PERSONAL_ON_USE,27.0,100.0,100.0,238.51395,,,,,,,,,30.0,,45.0,,,187.0,152.0,80.0,80.0,80.0,230.0,120.0,230.0,210.0,,,,,,,,,,,,,338.51395,100.0,0.5,stalzone-database/ru/items/armor/combat/_variants/7lm56/11.json
7lm56,7lm56,12,True,Экзоброня «Самсон»,armor/combat,Ветеран,Боевые,RANK_VETERAN,PERSONAL_ON_USE,27.0,100.0,100.0,244.2961,,,,,,,,,30.0,,45.0,,,187.0,152.0,80.0,80.0,80.0,230.0,120.0,230.0,210.0,,,,,,,,,,,,,344.2961,100.0,0.5,stalzone-database/ru/items/armor/combat/_variants/7lm56/12.json
7lm56,7lm56,13,True,Экзоброня «Самсон»,armor/combat,Ветеран,Боевые,RANK_VETERAN,PERSONAL_ON_USE,27.0,100.0,100.0,250.0783,,,,,,,,,30.0,,45.0,,,187.0,152.0,80.0,80.0,80.0,230.0,120.0,230.0,210.0,,,,,,,,,,,,,350.0783,100.0,0.5,stalzone-database/ru/items/armor/combat/_variants/7lm56/13.json
7lm56,7lm56,14,True,Экзоброня «Самсон»,armor/combat,Ветеран,Боевые,RANK_VETERAN,PERSONAL_ON_USE,27.0,100.0,100.0,255.86046,,,,,,,,,30.0,,45.0,,,187.0,152.0,80.0,80.0,80.0,230.0,120.0,230.0,210.0,,,,,,,,,,,,,355.86046000000005,100.0,0.5,stalzone-database/ru/items/armor/combat/_variants/7lm56/14.json
7lm56,7lm56,15,True,Экзоброня «Самсон»,armor/combat,Ветеран,Боевые,RANK_VETERAN,PERSONAL_ON_USE,27.0,100.0,100.0,273.207,,,,,,,,,30.0,,45.0,,,187.0,152.0,80.0,80.0,80.0,230.0,120.0,230.0,210.0,,,,,,,,,,,,,373.207,100.0,0.5,stalzone-database/ru/items/armor/combat/_variants/7lm56/15.json
7lmn6,7lmn6,0,False,Костюм «Псарь»,armor/combat,Новичок,Боевые,RANK_NEWBIE,PERSONAL_ON_USE,8.0,100.0,100.0,32.0,,,,25.0,,,,,10.0,,50.0,,,119.0,25.0,0.0,0.0,0.0,10.0,0.0,10.0,0.0,,,,,,,,,,,,,132.0,100.0,0.5,stalzone-database/ru/items/armor/combat/7lmn6.json
7lmn6,7lmn6,1,True,Костюм «Псарь»,armor/combat,Новичок,Боевые,RANK_NEWBIE,PERSONAL_ON_USE,8.0,100.0,100.0,33.207806,,,,25.0,,,,,10.0,,50.0,,,119.0,25.0,0.0,0.0,0.0,10.0,0.0,10.0,0.0,,,,,,,,,,,,,133.207806,100.0,0.5,stalzone-database/ru/items/armor/combat/_variants/7lmn6/1.json
7lmn6,7lmn6,2,True,Костюм «Псарь»,armor/combat,Новичок,Боевые,RANK_NEWBIE,PERSONAL_ON_USE,8.0,100.0,100.0,34.41561,,,,25.0,,,,,10.0,,50.0,,,119.0,25.0,0.0,0.0,0.0,10.0,0.0,10.0,0.0,,,,,,,,,,,,,134.41561000000002,100.0,0.5,stalzone-database/ru/items/armor/combat/_variants/7lmn6/2.json
7lmn6,7lmn6,3,True,Костюм «Псарь»,armor/combat,Новичок,Боевые,RANK_NEWBIE,PERSONAL_ON_USE,8.0,100.0,100.0,35.623413,,,,25.0,,,,,10.0,,50.0,,,119.0,25.0,0.0,0.0,0.0,10.0,0.0,10.0,0.0,,,,,,,,,,,,,135.623413,100.0,0.5,stalzone-database/ru/items/armor/combat/_variants/7lmn6/3.json
7lmn6,7lmn6,4,True,Костюм «Псарь»,armor/combat,Новичок,Боевые,RANK_NEWBIE,PERSONAL_ON_USE,8.0,100.0,100.0,36.83122,,,,25.0,,,,,10.0,,50.0,,,119.0,25.0,0.0,0.0,0.0,10.0,0.0,10.0,0.0,,,,,,,,,,,,,136.83122,100.0,0.5,stalzone-database/ru/items/armor/combat/_variants/7lmn6/4.json
7lmn6,7lmn6,5,True,Костюм «Псарь»,armor/combat,Новичок,Боевые,RANK_NEWBIE,PERSONAL_ON_USE,8.0,100.0,100.0,40.45463,,,,25.0,,,,,10.0,,50.0,,,119.0,25.0,0.0,0.0,0.0,10.0,0.0,10.0,0.0,,,,,,,,,,,,,140.45463,100.0,0.5,stalzone-database/ru/items/armor/combat/_variants/7lmn6/5.json
7lmn6,7lmn6,6,True,Костюм «Псарь»,armor/combat,Новичок,Боевые,RANK_NEWBIE,PERSONAL_ON_USE,8.0,100.0,100.0,42.266342,,,,25.0,,,,,10.0,,50.0,,,119.0,25.0,0.0,0.0,0.0,10.0,0.0,10.0,0.0,,,,,,,,,,,,,142.266342,100.0,0.5,stalzone-database/ru/items/armor/combat/_variants/7lmn6/6.json
7lmn6,7lmn6,7,True,Костюм «Псарь»,armor/combat,Новичок,Боевые,RANK_NEWBIE,PERSONAL_ON_USE,8.0,100.0,100.0,44.07805,,,,25.0,,,,,10.0,,50.0,,,119.0,25.0,0.0,0.0,0.0,10.0,0.0,10.0,0.0,,,,,,,,,,,,,144.07805,100.0,0.5,stalzone-database/ru/items/armor/combat/_variants/7lmn6/7.json
7lmn6,7lmn6,8,True,Костюм «Псарь»,armor/combat,Новичок,Боевые,RANK_NEWBIE,PERSONAL_ON_USE,8.0,100.0,100.0,45.889755,,,,25.0,,,,,10.0,,50.0,,,119.0,25.0,0.0,0.0,0.0,10.0,0.0,10.0,0.0,,,,,,,,,,,,,145.889755,100.0,0.5,stalzone-database/ru/items/armor/combat/_variants/7lmn6/8.json
7lmn6,7lmn6,9,True,Костюм «Псарь»,armor/combat,Новичок,Боевые,RANK_NEWBIE,PERSONAL_ON_USE,8.0,100.0,100.0,47.70146,,,,25.0,,,,,10.0,,50.0,,,119.0,25.0,0.0,0.0,0.0,10.0,0.0,10.0,0.0,,,,,,,,,,,,,147.70146,100.0,0.5,stalzone-database/ru/items/armor/combat/_variants/7lmn6/9.json
7lmn6,7lmn6,10,True,Костюм «Псарь»,armor/combat,Новичок,Боевые,RANK_NEWBIE,PERSONAL_ON_USE,8.0,100.0,100.0,53.0158,,,,25.0,,,,,10.0,,50.0,,,119.0,25.0,0.0,0.0,0.0,10.0,0.0,10.0,0.0,,,,,,,,,,,,,153.0158,100.0,0.5,stalzone-database/ru/items/armor/combat/_variants/7lmn6/10.json
7lmn6,7lmn6,11,True,Костюм «Псарь»,armor/combat,Новичок,Боевые,RANK_NEWBIE,PERSONAL_ON_USE,8.0,100.0,100.0,55.672974,,,,25.0,,,,,10.0,,50.0,,,119.0,25.0,0.0,0.0,0.0,10.0,0.0,10.0,0.0,,,,,,,,,,,,,155.672974,100.0,0.5,stalzone-database/ru/items/armor/combat/_variants/7lmn6/11.json
7lmn6,7lmn6,12,True,Костюм «Псарь»,armor/combat,Новичок,Боевые,RANK_NEWBIE,PERSONAL_ON_USE,8.0,100.0,100.0,58.330147,,,,25.0,,,,,10.0,,50.0,,,119.0,25.0,0.0,0.0,0.0,10.0,0.0,10.0,0.0,,,,,,,,,,,,,158.330147,100.0,0.5,stalzone-database/ru/items/armor/combat/_variants/7lmn6/12.json
7lmn6,7lmn6,13,True,Костюм «Псарь»,armor/combat,Новичок,Боевые,RANK_NEWBIE,PERSONAL_ON_USE,8.0,100.0,100.0,60.98732,,,,25.0,,,,,10.0,,50.0,,,119.0,25.0,0.0,0.0,0.0,10.0,0.0,10.0,0.0,,,,,,,,,,,,,160.98732,100.0,0.5,stalzone-database/ru/items/armor/combat/_variants/7lmn6/13.json
7lmn6,7lmn6,14,True,Костюм «Псарь»,armor/combat,Новичок,Боевые,RANK_NEWBIE,PERSONAL_ON_USE,8.0,100.0,100.0,63.64449,,,,25.0,,,,,10.0,,50.0,,,119.0,25.0,0.0,0.0,0.0,10.0,0.0,10.0,0.0,,,,,,,,,,,,,163.64449,100.0,0.5,stalzone-database/ru/items/armor/combat/_variants/7lmn6/14.json
7lmn6,7lmn6,15,True,Костюм «Псарь»,armor/combat,Новичок,Боевые,RANK_NEWBIE,PERSONAL_ON_USE,8.0,100.0,100.0,64.0,,,,25.0,,,,,10.0,,50.0,,,119.0,25.0,0.0,0.0,0.0,10.0,0.0,10.0,0.0,,,,,,,,,,,,,164.0,100.0,0.5,stalzone-database/ru/items/armor/combat/_variants/7lmn6/15.json
7lmpj,7lmpj,0,False,Костюм «Хулиган»,armor/clothes,Отмычка,Одежда,DEFAULT,PERSONAL_ON_USE,1.5,100.0,100.0,1.0,,,,,,,,,,,0.0,,,0.0,0.0,30.0,30.0,30.0,60.0,50.0,50.0,0.0,20.0,,,,,,,,,,,,101.0,100.0,0.5,stalzone-database/ru/items/armor/clothes/7lmpj.json
7lmpj,7lmpj,1,True,Костюм «Хулиган»,armor/clothes,Отмычка,Одежда,DEFAULT,PERSONAL_ON_USE,1.5,100.0,100.0,1.9237804,,,,,,,,,,,0.0,,,0.0,0.0,30.0,30.0,30.0,60.0,50.0,50.0,0.0,20.0,,,,,,,,,,,,101.9237804,100.0,0.5,stalzone-database/ru/items/armor/clothes/_variants/7lmpj/1.json
7lmpj,7lmpj,2,True,Костюм «Хулиган»,armor/clothes,Отмычка,Одежда,DEFAULT,PERSONAL_ON_USE,1.5,100.0,100.0,2.0,,,,,,,,,,,0.0,,,0.0,0.0,30.0,30.0,30.0,60.0,50.0,50.0,0.0,20.0,,,,,,,,,,,,102.0,100.0,0.5,stalzone-database/ru/items/armor/clothes/_variants/7lmpj/2.json
7lmpj,7lmpj,3,True,Костюм «Хулиган»,armor/clothes,Отмычка,Одежда,DEFAULT,PERSONAL_ON_USE,1.5,100.0,100.0,2.0,,,,,,,,,,,0.0,,,0.0,0.0,30.0,30.0,30.0,60.0,50.0,50.0,0.0,20.0,,,,,,,,,,,,102.0,100.0,0.5,stalzone-database/ru/items/armor/clothes/_variants/7lmpj/3.json
7lmpj,7lmpj,4,True,Костюм «Хулиган»,armor/clothes,Отмычка,Одежда,DEFAULT,PERSONAL_ON_USE,1.5,100.0,100.0,2.0,,,,,,,,,,,0.0,,,0.0,0.0,30.0,30.0,30.0,60.0,50.0,50.0,0.0,20.0,,,,,,,,,,,,102.0,100.0,0.5,stalzone-database/ru/items/armor/clothes/_variants/7lmpj/4.json
7lmpj,7lmpj,5,True,Костюм «Хулиган»,armor/clothes,Отмычка,Одежда,DEFAULT,PERSONAL_ON_USE,1.5,100.0,100.0,2.0,,,,,,,,,,,0.0,,,0.0,0.0,30.0,30.0,30.0,60.0,50.0,50.0,0.0,20.0,,,,,,,,,,,,102.0,100.0,0.5,stalzone-database/ru/items/armor/clothes/_variants/7lmpj/5.json
7lmpj,7lmpj,6,True,Костюм «Хулиган»,armor/clothes,Отмычка,Одежда,DEFAULT,PERSONAL_ON_USE,1.5,100.0,100.0,2.0,,,,,,,,,,,0.0,,,0.0,0.0,30.0,30.0,30.0,60.0,50.0,50.0,0.0,20.0,,,,,,,,,,,,102.0,100.0,0.5,stalzone-database/ru/items/armor/clothes/_variants/7lmpj/6.json
7lmpj,7lmpj,7,True,Костюм «Хулиган»,armor/clothes,Отмычка,Одежда,DEFAULT,PERSONAL_ON_USE,1.5,100.0,100.0,2.0,,,,,,,,,,,0.0,,,0.0,0.0,30.0,30.0,30.0,60.0,50.0,50.0,0.0,20.0,,,,,,,,,,,,102.0,100.0,0.5,stalzone-database/ru/items/armor/clothes/_variants/7lmpj/7.json
7lmpj,7lmpj,8,True,Костюм «Хулиган»,armor/clothes,Отмычка,Одежда,DEFAULT,PERSONAL_ON_USE,1.5,100.0,100.0,2.0,,,,,,,,,,,0.0,,,0.0,0.0,30.0,30.0,30.0,60.0,50.0,50.0,0.0,20.0,,,,,,,,,,,,102.0,100.0,0.5,stalzone-database/ru/items/armor/clothes/_variants/7lmpj/8.json
7lmpj,7lmpj,9,True,Костюм «Хулиган»,armor/clothes,Отмычка,Одежда,DEFAULT,PERSONAL_ON_USE,1.5,100.0,100.0,2.0,,,,,,,,,,,0.0,,,0.0,0.0,30.0,30.0,30.0,60.0,50.0,50.0,0.0,20.0,,,,,,,,,,,,102.0,100.0,0.5,stalzone-database/ru/items/armor/clothes/_variants/7lmpj/9.json
7lmpj,7lmpj,10,True,Костюм «Хулиган»,armor/clothes,Отмычка,Одежда,DEFAULT,PERSONAL_ON_USE,1.5,100.0,100.0,2.0,,,,,,,,,,,0.0,,,0.0,0.0,30.0,30.0,30.0,60.0,50.0,50.0,0.0,20.0,,,,,,,,,,,,102.0,100.0,0.5,stalzone-database/ru/items/armor/clothes/_variants/7lmpj/10.json
7lmpj,7lmpj,11,True,Костюм «Хулиган»,armor/clothes,Отмычка,Одежда,DEFAULT,PERSONAL_ON_USE,1.5,100.0,100.0,2.0,,,,,,,,,,,0.0,,,0.0,0.0,30.0,30.0,30.0,60.0,50.0,50.0,0.0,20.0,,,,,,,,,,,,102.0,100.0,0.5,stalzone-database/ru/items/armor/clothes/_variants/7lmpj/11.json
7lmpj,7lmpj,12,True,Костюм «Хулиган»,armor/clothes,Отмычка,Одежда,DEFAULT,PERSONAL_ON_USE,1.5,100.0,100.0,2.0,,,,,,,,,,,0.0,,,0.0,0.0,30.0,30.0,30.0,60.0,50.0,50.0,0.0,20.0,,,,,,,,,,,,102.0,100.0,0.5,stalzone-database/ru/items/armor/clothes/_variants/7lmpj/12.json
7lmpj,7lmpj,13,True,Костюм «Хулиган»,armor/clothes,Отмычка,Одежда,DEFAULT,PERSONAL_ON_USE,1.5,100.0,100.0,2.0,,,,,,,,,,,0.0,,,0.0,0.0,30.0,30.0,30.0,60.0,50.0,50.0,0.0,20.0,,,,,,,,,,,,102.0,100.0,0.5,stalzone-database/ru/items/armor/clothes/_variants/7lmpj/13.json
7lmpj,7lmpj,14,True,Костюм «Хулиган»,armor/clothes,Отмычка,Одежда,DEFAULT,PERSONAL_ON_USE,1.5,100.0,100.0,2.0,,,,,,,,,,,0.0,,,0.0,0.0,30.0,30.0,30.0,60.0,50.0,50.0,0.0,20.0,,,,,,,,,,,,102.0,100.0,0.5,stalzone-database/ru/items/armor/clothes/_variants/7lmpj/14.json
7lmpj,7lmpj,15,True,Костюм «Хулиган»,armor/clothes,Отмычка,Одежда,DEFAULT,PERSONAL_ON_USE,1.5,100.0,100.0,2.0,,,,,,,,,,,0.0,,,0.0,0.0,30.0,30.0,30.0,60.0,50.0,50.0,0.0,20.0,,,,,,,,,,,,102.0,100.0,0.5,stalzone-database/ru/items/armor/clothes/_variants/7lmpj/15.json
7lmr6,7lmr6,0,False,Костюм «Траппер»,armor/combat,Новичок,Боевые,RANK_NEWBIE,PERSONAL_ON_USE,6.0,100.0,100.0,57.0,,,,25.0,,,,,12.0,,70.0,,,146.0,50.0,10.0,10.0,10.0,40.0,10.0,40.0,10.0,,5.0,,,,,,,,,,,157.0,100.0,0.5,stalzone-database/ru/items/armor/combat/7lmr6.json
7lmr6,7lmr6,1,True,Костюм «Траппер»,armor/combat,Новичок,Боевые,RANK_NEWBIE,PERSONAL_ON_USE,6.0,100.0,100.0,58.43716,,,,25.0,,,,,12.0,,70.0,,,146.0,50.0,10.0,10.0,10.0,40.0,10.0,40.0,10.0,,5.0,,,,,,,,,,,158.43716,100.0,0.5,stalzone-database/ru/items/armor/combat/_variants/7lmr6/1.json
7lmr6,7lmr6,2,True,Костюм «Траппер»,armor/combat,Новичок,Боевые,RANK_NEWBIE,PERSONAL_ON_USE,6.0,100.0,100.0,59.87433,,,,25.0,,,,,12.0,,70.0,,,146.0,50.0,10.0,10.0,10.0,40.0,10.0,40.0,10.0,,5.0,,,,,,,,,,,159.87433,100.0,0.5,stalzone-database/ru/items/armor/combat/_variants/7lmr6/2.json
7lmr6,7lmr6,3,True,Костюм «Траппер»,armor/combat,Новичок,Боевые,RANK_NEWBIE,PERSONAL_ON_USE,6.0,100.0,100.0,61.311493,,,,25.0,,,,,12.0,,70.0,,,146.0,50.0,10.0,10.0,10.0,40.0,10.0,40.0,10.0,,5.0,,,,,,,,,,,161.31149299999998,100.0,0.5,stalzone-database/ru/items/armor/combat/_variants/7lmr6/3.json
7lmr6,7lmr6,4,True,Костюм «Траппер»,armor/combat,Новичок,Боевые,RANK_NEWBIE,PERSONAL_ON_USE,6.0,100.0,100.0,62.74866,,,,25.0,,,,,12.0,,70.0,,,146.0,50.0,10.0,10.0,10.0,40.0,10.0,40.0,10.0,,5.0,,,,,,,,,,,162.74866,100.0,0.5,stalzone-database/ru/items/armor/combat/_variants/7lmr6/4.json
7lmr6,7lmr6,5,True,Костюм «Траппер»,armor/combat,Новичок,Боевые,RANK_NEWBIE,PERSONAL_ON_USE,6.0,100.0,100.0,67.06015,,,,25.0,,,,,12.0,,70.0,,,146.0,50.0,10.0,10.0,10.0,40.0,10.0,40.0,10.0,,5.0,,,,,,,,,,,167.06015,100.0,0.5,stalzone-database/ru/items/armor/combat/_variants/7lmr6/5.json
7lmr6,7lmr6,6,True,Костюм «Траппер»,armor/combat,Новичок,Боевые,RANK_NEWBIE,PERSONAL_ON_USE,6.0,100.0,100.0,69.2159,,,,25.0,,,,,12.0,,70.0,,,146.0,50.0,10.0,10.0,10.0,40.0,10.0,40.0,10.0,,5.0,,,,,,,,,,,169.2159,100.0,0.5,stalzone-database/ru/items/armor/combat/_variants/7lmr6/6.json
7lmr6,7lmr6,7,True,Костюм «Траппер»,armor/combat,Новичок,Боевые,RANK_NEWBIE,PERSONAL_ON_USE,6.0,100.0,100.0,71.37164,,,,25.0,,,,,12.0,,70.0,,,146.0,50.0,10.0,10.0,10.0,40.0,10.0,40.0,10.0,,5.0,,,,,,,,,,,171.37164,100.0,0.5,stalzone-database/ru/items/armor/combat/_variants/7lmr6/7.json
7lmr6,7lmr6,8,True,Костюм «Траппер»,armor/combat,Новичок,Боевые,RANK_NEWBIE,PERSONAL_ON_USE,6.0,100.0,100.0,73.52739,,,,25.0,,,,,12.0,,70.0,,,146.0,50.0,10.0,10.0,10.0,40.0,10.0,40.0,10.0,,5.0,,,,,,,,,,,173.52739000000003,100.0,0.5,stalzone-database/ru/items/armor/combat/_variants/7lmr6/8.json
7lmr6,7lmr6,9,True,Костюм «Траппер»,armor/combat,Новичок,Боевые,RANK_NEWBIE,PERSONAL_ON_USE,6.0,100.0,100.0,75.683136,,,,25.0,,,,,12.0,,70.0,,,146.0,50.0,10.0,10.0,10.0,40.0,10.0,40.0,10.0,,5.0,,,,,,,,,,,175.683136,100.0,0.5,stalzone-database/ru/items/armor/combat/_variants/7lmr6/9.json
7lmr6,7lmr6,10,True,Костюм «Траппер»,armor/combat,Новичок,Боевые,RANK_NEWBIE,PERSONAL_ON_USE,6.0,100.0,100.0,82.00666,,,,25.0,,,,,12.0,,70.0,,,146.0,50.0,10.0,10.0,10.0,40.0,10.0,40.0,10.0,,5.0,,,,,,,,,,,182.00666,100.0,0.5,stalzone-database/ru/items/armor/combat/_variants/7lmr6/10.json
7lmr6,7lmr6,11,True,Костюм «Траппер»,armor/combat,Новичок,Боевые,RANK_NEWBIE,PERSONAL_ON_USE,6.0,100.0,100.0,85.16842,,,,25.0,,,,,12.0,,70.0,,,146.0,50.0,10.0,10.0,10.0,40.0,10.0,40.0,10.0,,5.0,,,,,,,,,,,185.16842,100.0,0.5,stalzone-database/ru/items/armor/combat/_variants/7lmr6/11.json
7lmr6,7lmr6,12,True,Костюм «Траппер»,armor/combat,Новичок,Боевые,RANK_NEWBIE,PERSONAL_ON_USE,6.0,100.0,100.0,88.330185,,,,25.0,,,,,12.0,,70.0,,,146.0,50.0,10.0,10.0,10.0,40.0,10.0,40.0,10.0,,5.0,,,,,,,,,,,188.33018499999997,100.0,0.5,stalzone-database/ru/items/armor/combat/_variants/7lmr6/12.json
7lmr6,7lmr6,13,True,Костюм «Траппер»,armor/combat,Новичок,Боевые,RANK_NEWBIE,PERSONAL_ON_USE,6.0,100.0,100.0,91.49195,,,,25.0,,,,,12.0,,70.0,,,146.0,50.0,10.0,10.0,10.0,40.0,10.0,40.0,10.0,,5.0,,,,,,,,,,,191.49195,100.0,0.5,stalzone-database/ru/items/armor/combat/_variants/7lmr6/13.json
7lmr6,7lmr6,14,True,Костюм «Траппер»,armor/combat,Новичок,Боевые,RANK_NEWBIE,PERSONAL_ON_USE,6.0,100.0,100.0,94.65371,,,,25.0,,,,,12.0,,70.0,,,146.0,50.0,10.0,10.0,10.0,40.0,10.0,40.0,10.0,,5.0,,,,,,,,,,,194.65371,100.0,0.5,stalzone-database/ru/items/armor/combat/_variants/7lmr6/14.json
7lmr6,7lmr6,15,True,Костюм «Траппер»,armor/combat,Новичок,Боевые,RANK_NEWBIE,PERSONAL_ON_USE,6.0,100.0,100.0,104.13899,,,,25.0,,,,,12.0,,70.0,,,146.0,50.0,10.0,10.0,10.0,40.0,10.0,40.0,10.0,,5.0,,,,,,,,,,,204.13899,100.0,0.5,stalzone-database/ru/items/armor/combat/_variants/7lmr6/15.json
7lzdr,7lzdr,0,False,Сломанный ПНВ,armor/device,Отмычка,Устройства,DEFAULT,PERSONAL_ON_USE,0.1,,,,,,,,,,,,,,,,,,,,,,,,,,,,,,,,,,,,,,100.0,100.0,0.5,stalzone-database/ru/items/armor/device/7lzdr.json
7lzl7,7lzl7,0,False,Комбинезон «Навигатор»,armor/scientist,Мастер,Научные,RANK_MASTER,PERSONAL_ON_USE,17.0,100.0,100.0,198.0,,-3.0,,,,,,,13.0,,35.0,,,144.0,120.0,900.0,900.0,900.0,400.0,400.0,400.0,400.0,,,,,,,,,,,,,298.0,97.0,0.5,stalzone-database/ru/items/armor/scientist/7lzl7.json
7lzl7,7lzl7,1,True,Комбинезон «Навигатор»,armor/scientist,Мастер,Научные,RANK_MASTER,PERSONAL_ON_USE,17.0,100.0,100.0,200.72853,,-3.0,,,,,,,13.0,,35.0,,,144.0,120.0,900.0,900.0,900.0,400.0,400.0,400.0,400.0,,,,,,,,,,,,,300.72853,97.0,0.5,stalzone-database/ru/items/armor/scientist/_variants/7lzl7/1.json
7lzl7,7lzl7,2,True,Комбинезон «Навигатор»,armor/scientist,Мастер,Научные,RANK_MASTER,PERSONAL_ON_USE,17.0,100.0,100.0,203.45706,,-3.0,,,,,,,13.0,,35.0,,,144.0,120.0,900.0,900.0,900.0,400.0,400.0,400.0,400.0,,,,,,,,,,,,,303.45706,97.0,0.5,stalzone-database/ru/items/armor/scientist/_variants/7lzl7/2.json
7lzl7,7lzl7,3,True,Комбинезон «Навигатор»,armor/scientist,Мастер,Научные,RANK_MASTER,PERSONAL_ON_USE,17.0,100.0,100.0,206.18561,,-3.0,,,,,,,13.0,,35.0,,,144.0,120.0,900.0,900.0,900.0,400.0,400.0,400.0,400.0,,,,,,,,,,,,,306.18561,97.0,0.5,stalzone-database/ru/items/armor/scientist/_variants/7lzl7/3.json
7lzl7,7lzl7,4,True,Комбинезон «Навигатор»,armor/scientist,Мастер,Научные,RANK_MASTER,PERSONAL_ON_USE,17.0,100.0,100.0,208.91414,,-3.0,,,,,,,13.0,,35.0,,,144.0,120.0,900.0,900.0,900.0,400.0,400.0,400.0,400.0,,,,,,,,,,,,,308.91414,97.0,0.5,stalzone-database/ru/items/armor/scientist/_variants/7lzl7/4.json
7lzl7,7lzl7,5,True,Комбинезон «Навигатор»,armor/scientist,Мастер,Научные,RANK_MASTER,PERSONAL_ON_USE,17.0,100.0,100.0,217.09976,,-3.0,,,,,,,13.0,,35.0,,,144.0,120.0,900.0,900.0,900.0,400.0,400.0,400.0,400.0,,,,,,,,,,,,,317.09976,97.0,0.5,stalzone-database/ru/items/armor/scientist/_variants/7lzl7/5.json
7lzl7,7lzl7,6,True,Комбинезон «Навигатор»,armor/scientist,Мастер,Научные,RANK_MASTER,PERSONAL_ON_USE,17.0,100.0,100.0,221.19255,,-3.0,,,,,,,13.0,,35.0,,,144.0,120.0,900.0,900.0,900.0,400.0,400.0,400.0,400.0,,,,,,,,,,,,,321.19255,97.0,0.5,stalzone-database/ru/items/armor/scientist/_variants/7lzl7/6.json
7lzl7,7lzl7,7,True,Комбинезон «Навигатор»,armor/scientist,Мастер,Научные,RANK_MASTER,PERSONAL_ON_USE,17.0,100.0,100.0,225.28537,,-3.0,,,,,,,13.0,,35.0,,,144.0,120.0,900.0,900.0,900.0,400.0,400.0,400.0,400.0,,,,,,,,,,,,,325.28537,97.0,0.5,stalzone-database/ru/items/armor/scientist/_variants/7lzl7/7.json
7lzl7,7lzl7,8,True,Комбинезон «Навигатор»,armor/scientist,Мастер,Научные,RANK_MASTER,PERSONAL_ON_USE,17.0,100.0,100.0,229.37817,,-3.0,,,,,,,13.0,,35.0,,,144.0,120.0,900.0,900.0,900.0,400.0,400.0,400.0,400.0,,,,,,,,,,,,,329.37817,97.0,0.5,stalzone-database/ru/items/armor/scientist/_variants/7lzl7/8.json
7lzl7,7lzl7,9,True,Комбинезон «Навигатор»,armor/scientist,Мастер,Научные,RANK_MASTER,PERSONAL_ON_USE,17.0,100.0,100.0,233.47096,,-3.0,,,,,,,13.0,,35.0,,,144.0,120.0,900.0,900.0,900.0,400.0,400.0,400.0,400.0,,,,,,,,,,,,,333.47096,97.0,0.5,stalzone-database/ru/items/armor/scientist/_variants/7lzl7/9.json
7lzl7,7lzl7,10,True,Комбинезон «Навигатор»,armor/scientist,Мастер,Научные,RANK_MASTER,PERSONAL_ON_USE,17.0,100.0,100.0,245.47653,,-3.0,,,,,,,13.0,,35.0,,,144.0,120.0,900.0,900.0,900.0,400.0,400.0,400.0,400.0,,,,,,,,,,,,,345.4765300000001,97.0,0.5,stalzone-database/ru/items/armor/scientist/_variants/7lzl7/10.json
7lzl7,7lzl7,11,True,Комбинезон «Навигатор»,armor/scientist,Мастер,Научные,RANK_MASTER,PERSONAL_ON_USE,17.0,100.0,100.0,251.47931,,-3.0,,,,,,,13.0,,35.0,,,144.0,120.0,900.0,900.0,900.0,400.0,400.0,400.0,400.0,,,,,,,,,,,,,351.47930999999994,97.0,0.5,stalzone-database/ru/items/armor/scientist/_variants/7lzl7/11.json
7lzl7,7lzl7,12,True,Комбинезон «Навигатор»,armor/scientist,Мастер,Научные,RANK_MASTER,PERSONAL_ON_USE,17.0,100.0,100.0,257.4821,,-3.0,,,,,,,13.0,,35.0,,,144.0,120.0,900.0,900.0,900.0,400.0,400.0,400.0,400.0,,,,,,,,,,,,,357.4821,97.0,0.5,stalzone-database/ru/items/armor/scientist/_variants/7lzl7/12.json
7lzl7,7lzl7,13,True,Комбинезон «Навигатор»,armor/scientist,Мастер,Научные,RANK_MASTER,PERSONAL_ON_USE,17.0,100.0,100.0,263.4849,,-3.0,,,,,,,13.0,,35.0,,,144.0,120.0,900.0,900.0,900.0,400.0,400.0,400.0,400.0,,,,,,,,,,,,,363.4849,97.0,0.5,stalzone-database/ru/items/armor/scientist/_variants/7lzl7/13.json
7lzl7,7lzl7,14,True,Комбинезон «Навигатор»,armor/scientist,Мастер,Научные,RANK_MASTER,PERSONAL_ON_USE,17.0,100.0,100.0,269.48767,,-3.0,,,,,,,13.0,,35.0,,,144.0,120.0,900.0,900.0,900.0,400.0,400.0,400.0,400.0,,,,,,,,,,,,,369.48767,97.0,0.5,stalzone-database/ru/items/armor/scientist/_variants/7lzl7/14.json
7lzl7,7lzl7,15,True,Комбинезон «Навигатор»,armor/scientist,Мастер,Научные,RANK_MASTER,PERSONAL_ON_USE,17.0,100.0,100.0,287.496,,-3.0,,,,,,,13.0,,35.0,,,144.0,120.0,900.0,900.0,900.0,400.0,400.0,400.0,400.0,,,,,,,,,,,,,387.496,97.0,0.5,stalzone-database/ru/items/armor/scientist/_variants/7lzl7/15.json
96n2l,96n2l,0,False,Куртка,armor/clothes,Отмычка,Одежда,DEFAULT,PERSONAL_ON_USE,1.0,100.0,100.0,5.0,,,,,,,,,,,5.0,,,20.0,25.0,0.0,0.0,0.0,0.0,0.0,0.0,0.0,,,,,,,,,,,,,105.0,100.0,0.5,stalzone-database/ru/items/armor/clothes/96n2l.json
96n2l,96n2l,1,True,Куртка,armor/clothes,Отмычка,Одежда,DEFAULT,PERSONAL_ON_USE,1.0,100.0,100.0,5.3975606,,,,,,,,,,,5.0,,,20.0,25.0,0.0,0.0,0.0,0.0,0.0,0.0,0.0,,,,,,,,,,,,,105.39756059999999,100.0,0.5,stalzone-database/ru/items/armor/clothes/_variants/96n2l/1.json
96n2l,96n2l,2,True,Куртка,armor/clothes,Отмычка,Одежда,DEFAULT,PERSONAL_ON_USE,1.0,100.0,100.0,5.7951217,,,,,,,,,,,5.0,,,20.0,25.0,0.0,0.0,0.0,0.0,0.0,0.0,0.0,,,,,,,,,,,,,105.7951217,100.0,0.5,stalzone-database/ru/items/armor/clothes/_variants/96n2l/2.json
96n2l,96n2l,3,True,Куртка,armor/clothes,Отмычка,Одежда,DEFAULT,PERSONAL_ON_USE,1.0,100.0,100.0,6.192683,,,,,,,,,,,5.0,,,20.0,25.0,0.0,0.0,0.0,0.0,0.0,0.0,0.0,,,,,,,,,,,,,106.192683,100.0,0.5,stalzone-database/ru/items/armor/clothes/_variants/96n2l/3.json
96n2l,96n2l,4,True,Куртка,armor/clothes,Отмычка,Одежда,DEFAULT,PERSONAL_ON_USE,1.0,100.0,100.0,6.5902433,,,,,,,,,,,5.0,,,20.0,25.0,0.0,0.0,0.0,0.0,0.0,0.0,0.0,,,,,,,,,,,,,106.5902433,100.0,0.5,stalzone-database/ru/items/armor/clothes/_variants/96n2l/4.json
96n2l,96n2l,5,True,Куртка,armor/clothes,Отмычка,Одежда,DEFAULT,PERSONAL_ON_USE,1.0,100.0,100.0,7.7829266,,,,,,,,,,,5.0,,,20.0,25.0,0.0,0.0,0.0,0.0,0.0,0.0,0.0,,,,,,,,,,,,,107.7829266,100.0,0.5,stalzone-database/ru/items/armor/clothes/_variants/96n2l/5.json
96n2l,96n2l,6,True,Куртка,armor/clothes,Отмычка,Одежда,DEFAULT,PERSONAL_ON_USE,1.0,100.0,100.0,8.379268,,,,,,,,,,,5.0,,,20.0,25.0,0.0,0.0,0.0,0.0,0.0,0.0,0.0,,,,,,,,,,,,,108.379268,100.0,0.5,stalzone-database/ru/items/armor/clothes/_variants/96n2l/6.json
96n2l,96n2l,7,True,Куртка,armor/clothes,Отмычка,Одежда,DEFAULT,PERSONAL_ON_USE,1.0,100.0,100.0,8.97561,,,,,,,,,,,5.0,,,20.0,25.0,0.0,0.0,0.0,0.0,0.0,0.0,0.0,,,,,,,,,,,,,108.97561,100.0,0.5,stalzone-database/ru/items/armor/clothes/_variants/96n2l/7.json
96n2l,96n2l,8,True,Куртка,armor/clothes,Отмычка,Одежда,DEFAULT,PERSONAL_ON_USE,1.0,100.0,100.0,9.571951,,,,,,,,,,,5.0,,,20.0,25.0,0.0,0.0,0.0,0.0,0.0,0.0,0.0,,,,,,,,,,,,,109.57195099999998,100.0,0.5,stalzone-database/ru/items/armor/clothes/_variants/96n2l/8.json
96n2l,96n2l,9,True,Куртка,armor/clothes,Отмычка,Одежда,DEFAULT,PERSONAL_ON_USE,1.0,100.0,100.0,10.0,,,,,,,,,,,5.0,,,20.0,25.0,0.0,0.0,0.0,0.0,0.0,0.0,0.0,,,,,,,,,,,,,110.0,100.0,0.5,stalzone-database/ru/items/armor/clothes/_variants/96n2l/9.json
96n2l,96n2l,10,True,Куртка,armor/clothes,Отмычка,Одежда,DEFAULT,PERSONAL_ON_USE,1.0,100.0,100.0,10.0,,,,,,,,,,,5.0,,,20.0,25.0,0.0,0.0,0.0,0.0,0.0,0.0,0.0,,,,,,,,,,,,,110.0,100.0,0.5,stalzone-database/ru/items/armor/clothes/_variants/96n2l/10.json
96n2l,96n2l,11,True,Куртка,armor/clothes,Отмычка,Одежда,DEFAULT,PERSONAL_ON_USE,1.0,100.0,100.0,10.0,,,,,,,,,,,5.0,,,20.0,25.0,0.0,0.0,0.0,0.0,0.0,0.0,0.0,,,,,,,,,,,,,110.0,100.0,0.5,stalzone-database/ru/items/armor/clothes/_variants/96n2l/11.json
96n2l,96n2l,12,True,Куртка,armor/clothes,Отмычка,Одежда,DEFAULT,PERSONAL_ON_USE,1.0,100.0,100.0,10.0,,,,,,,,,,,5.0,,,20.0,25.0,0.0,0.0,0.0,0.0,0.0,0.0,0.0,,,,,,,,,,,,,110.0,100.0,0.5,stalzone-database/ru/items/armor/clothes/_variants/96n2l/12.json
96n2l,96n2l,13,True,Куртка,armor/clothes,Отмычка,Одежда,DEFAULT,PERSONAL_ON_USE,1.0,100.0,100.0,10.0,,,,,,,,,,,5.0,,,20.0,25.0,0.0,0.0,0.0,0.0,0.0,0.0,0.0,,,,,,,,,,,,,110.0,100.0,0.5,stalzone-database/ru/items/armor/clothes/_variants/96n2l/13.json
96n2l,96n2l,14,True,Куртка,armor/clothes,Отмычка,Одежда,DEFAULT,PERSONAL_ON_USE,1.0,100.0,100.0,10.0,,,,,,,,,,,5.0,,,20.0,25.0,0.0,0.0,0.0,0.0,0.0,0.0,0.0,,,,,,,,,,,,,110.0,100.0,0.5,stalzone-database/ru/items/armor/clothes/_variants/96n2l/14.json
96n2l,96n2l,15,True,Куртка,armor/clothes,Отмычка,Одежда,DEFAULT,PERSONAL_ON_USE,1.0,100.0,100.0,10.0,,,,,,,,,,,5.0,,,20.0,25.0,0.0,0.0,0.0,0.0,0.0,0.0,0.0,,,,,,,,,,,,,110.0,100.0,0.5,stalzone-database/ru/items/armor/clothes/_variants/96n2l/15.json
96n9l,96n9l,0,False,Бронекостюм «Страйкер»,armor/combat,Сталкер,Боевые,RANK_STALKER,PERSONAL_ON_USE,9.0,100.0,100.0,109.0,,,,,,,,,9.0,,50.0,,,99.0,110.0,20.0,20.0,20.0,100.0,0.0,100.0,0.0,,,,,,,,,,,,,209.0,100.0,0.5,stalzone-database/ru/items/armor/combat/96n9l.json
96n9l,96n9l,1,True,Бронекостюм «Страйкер»,armor/combat,Сталкер,Боевые,RANK_STALKER,PERSONAL_ON_USE,9.0,100.0,100.0,110.91415,,,,,,,,,9.0,,50.0,,,99.0,110.0,20.0,20.0,20.0,100.0,0.0,100.0,0.0,,,,,,,,,,,,,210.91415,100.0,0.5,stalzone-database/ru/items/armor/combat/_variants/96n9l/1.json
96n9l,96n9l,2,True,Бронекостюм «Страйкер»,armor/combat,Сталкер,Боевые,RANK_STALKER,PERSONAL_ON_USE,9.0,100.0,100.0,112.82829,,,,,,,,,9.0,,50.0,,,99.0,110.0,20.0,20.0,20.0,100.0,0.0,100.0,0.0,,,,,,,,,,,,,212.82828999999998,100.0,0.5,stalzone-database/ru/items/armor/combat/_variants/96n9l/2.json
96n9l,96n9l,3,True,Бронекостюм «Страйкер»,armor/combat,Сталкер,Боевые,RANK_STALKER,PERSONAL_ON_USE,9.0,100.0,100.0,114.74243,,,,,,,,,9.0,,50.0,,,99.0,110.0,20.0,20.0,20.0,100.0,0.0,100.0,0.0,,,,,,,,,,,,,214.74243,100.0,0.5,stalzone-database/ru/items/armor/combat/_variants/96n9l/3.json
96n9l,96n9l,4,True,Бронекостюм «Страйкер»,armor/combat,Сталкер,Боевые,RANK_STALKER,PERSONAL_ON_USE,9.0,100.0,100.0,116.65658,,,,,,,,,9.0,,50.0,,,99.0,110.0,20.0,20.0,20.0,100.0,0.0,100.0,0.0,,,,,,,,,,,,,216.65658000000002,100.0,0.5,stalzone-database/ru/items/armor/combat/_variants/96n9l/4.json
96n9l,96n9l,5,True,Бронекостюм «Страйкер»,armor/combat,Сталкер,Боевые,RANK_STALKER,PERSONAL_ON_USE,9.0,100.0,100.0,122.399025,,,,,,,,,9.0,,50.0,,,99.0,110.0,20.0,20.0,20.0,100.0,0.0,100.0,0.0,,,,,,,,,,,,,222.399025,100.0,0.5,stalzone-database/ru/items/armor/combat/_variants/96n9l/5.json
96n9l,96n9l,6,True,Бронекостюм «Страйкер»,armor/combat,Сталкер,Боевые,RANK_STALKER,PERSONAL_ON_USE,9.0,100.0,100.0,125.27024,,,,,,,,,9.0,,50.0,,,99.0,110.0,20.0,20.0,20.0,100.0,0.0,100.0,0.0,,,,,,,,,,,,,225.27024,100.0,0.5,stalzone-database/ru/items/armor/combat/_variants/96n9l/6.json
96n9l,96n9l,7,True,Бронекостюм «Страйкер»,armor/combat,Сталкер,Боевые,RANK_STALKER,PERSONAL_ON_USE,9.0,100.0,100.0,128.14146,,,,,,,,,9.0,,50.0,,,99.0,110.0,20.0,20.0,20.0,100.0,0.0,100.0,0.0,,,,,,,,,,,,,228.14146,100.0,0.5,stalzone-database/ru/items/armor/combat/_variants/96n9l/7.json
96n9l,96n9l,8,True,Бронекостюм «Страйкер»,armor/combat,Сталкер,Боевые,RANK_STALKER,PERSONAL_ON_USE,9.0,100.0,100.0,131.0127,,,,,,,,,9.0,,50.0,,,99.0,110.0,20.0,20.0,20.0,100.0,0.0,100.0,0.0,,,,,,,,,,,,,231.0127,100.0,0.5,stalzone-database/ru/items/armor/combat/_variants/96n9l/8.json
96n9l,96n9l,9,True,Бронекостюм «Страйкер»,armor/combat,Сталкер,Боевые,RANK_STALKER,PERSONAL_ON_USE,9.0,100.0,100.0,133.88391,,,,,,,,,9.0,,50.0,,,99.0,110.0,20.0,20.0,20.0,100.0,0.0,100.0,0.0,,,,,,,,,,,,,233.88391,100.0,0.5,stalzone-database/ru/items/armor/combat/_variants/96n9l/9.json
96n9l,96n9l,10,True,Бронекостюм «Страйкер»,armor/combat,Сталкер,Боевые,RANK_STALKER,PERSONAL_ON_USE,9.0,100.0,100.0,142.30614,,,,,,,,,9.0,,50.0,,,99.0,110.0,20.0,20.0,20.0,100.0,0.0,100.0,0.0,,,,,,,,,,,,,242.30614000000003,100.0,0.5,stalzone-database/ru/items/armor/combat/_variants/96n9l/10.json
96n9l,96n9l,11,True,Бронекостюм «Страйкер»,armor/combat,Сталкер,Боевые,RANK_STALKER,PERSONAL_ON_USE,9.0,100.0,100.0,146.51727,,,,,,,,,9.0,,50.0,,,99.0,110.0,20.0,20.0,20.0,100.0,0.0,100.0,0.0,,,,,,,,,,,,,246.51727,100.0,0.5,stalzone-database/ru/items/armor/combat/_variants/96n9l/11.json
96n9l,96n9l,12,True,Бронекостюм «Страйкер»,armor/combat,Сталкер,Боевые,RANK_STALKER,PERSONAL_ON_USE,9.0,100.0,100.0,150.72838,,,,,,,,,9.0,,50.0,,,99.0,110.0,20.0,20.0,20.0,100.0,0.0,100.0,0.0,,,,,,,,,,,,,250.72838,100.0,0.5,stalzone-database/ru/items/armor/combat/_variants/96n9l/12.json
96n9l,96n9l,13,True,Бронекостюм «Страйкер»,armor/combat,Сталкер,Боевые,RANK_STALKER,PERSONAL_ON_USE,9.0,100.0,100.0,154.93951,,,,,,,,,9.0,,50.0,,,99.0,110.0,20.0,20.0,20.0,100.0,0.0,100.0,0.0,,,,,,,,,,,,,254.93951,100.0,0.5,stalzone-database/ru/items/armor/combat/_variants/96n9l/13.json
96n9l,96n9l,14,True,Бронекостюм «Страйкер»,armor/combat,Сталкер,Боевые,RANK_STALKER,PERSONAL_ON_USE,9.0,100.0,100.0,159.15063,,,,,,,,,9.0,,50.0,,,99.0,110.0,20.0,20.0,20.0,100.0,0.0,100.0,0.0,,,,,,,,,,,,,259.15063,100.0,0.5,stalzone-database/ru/items/armor/combat/_variants/96n9l/14.json
96n9l,96n9l,15,True,Бронекостюм «Страйкер»,armor/combat,Сталкер,Боевые,RANK_STALKER,PERSONAL_ON_USE,9.0,100.0,100.0,171.784,,,,,,,,,9.0,,50.0,,,99.0,110.0,20.0,20.0,20.0,100.0,0.0,100.0,0.0,,,,,,,,,,,,,271.784,100.0,0.5,stalzone-database/ru/items/armor/combat/_variants/96n9l/15.json
96ngz,96ngz,0,False,Продвинутый ОЗК,armor/scientist,Новичок,Научные,RANK_NEWBIE,PERSONAL_ON_USE,5.0,100.0,100.0,51.0,,,,,,,,,3.0,,30.0,,,30.0,40.0,400.0,400.0,400.0,240.0,210.0,230.0,110.0,,,,,,,,,,,,,151.0,100.0,0.5,stalzone-database/ru/items/armor/scientist/96ngz.json
96ngz,96ngz,1,True,Продвинутый ОЗК,armor/scientist,Новичок,Научные,RANK_NEWBIE,PERSONAL_ON_USE,5.0,100.0,100.0,52.382286,,,,,,,,,3.0,,30.0,,,30.0,40.0,400.0,400.0,400.0,240.0,210.0,230.0,110.0,,,,,,,,,,,,,152.382286,100.0,0.5,stalzone-database/ru/items/armor/scientist/_variants/96ngz/1.json
96ngz,96ngz,2,True,Продвинутый ОЗК,armor/scientist,Новичок,Научные,RANK_NEWBIE,PERSONAL_ON_USE,5.0,100.0,100.0,53.764572,,,,,,,,,3.0,,30.0,,,30.0,40.0,400.0,400.0,400.0,240.0,210.0,230.0,110.0,,,,,,,,,,,,,153.764572,100.0,0.5,stalzone-database/ru/items/armor/scientist/_variants/96ngz/2.json
96ngz,96ngz,3,True,Продвинутый ОЗК,armor/scientist,Новичок,Научные,RANK_NEWBIE,PERSONAL_ON_USE,5.0,100.0,100.0,55.146862,,,,,,,,,3.0,,30.0,,,30.0,40.0,400.0,400.0,400.0,240.0,210.0,230.0,110.0,,,,,,,,,,,,,155.146862,100.0,0.5,stalzone-database/ru/items/armor/scientist/_variants/96ngz/3.json
96ngz,96ngz,4,True,Продвинутый ОЗК,armor/scientist,Новичок,Научные,RANK_NEWBIE,PERSONAL_ON_USE,5.0,100.0,100.0,56.52915,,,,,,,,,3.0,,30.0,,,30.0,40.0,400.0,400.0,400.0,240.0,210.0,230.0,110.0,,,,,,,,,,,,,156.52915000000002,100.0,0.5,stalzone-database/ru/items/armor/scientist/_variants/96ngz/4.json
96ngz,96ngz,5,True,Продвинутый ОЗК,armor/scientist,Новичок,Научные,RANK_NEWBIE,PERSONAL_ON_USE,5.0,100.0,100.0,60.676006,,,,,,,,,3.0,,30.0,,,30.0,40.0,400.0,400.0,400.0,240.0,210.0,230.0,110.0,,,,,,,,,,,,,160.676006,100.0,0.5,stalzone-database/ru/items/armor/scientist/_variants/96ngz/5.json
96ngz,96ngz,6,True,Продвинутый ОЗК,armor/scientist,Новичок,Научные,RANK_NEWBIE,PERSONAL_ON_USE,5.0,100.0,100.0,62.74943,,,,,,,,,3.0,,30.0,,,30.0,40.0,400.0,400.0,400.0,240.0,210.0,230.0,110.0,,,,,,,,,,,,,162.74943,100.0,0.5,stalzone-database/ru/items/armor/scientist/_variants/96ngz/6.json
96ngz,96ngz,7,True,Продвинутый ОЗК,armor/scientist,Новичок,Научные,RANK_NEWBIE,PERSONAL_ON_USE,5.0,100.0,100.0,64.82287,,,,,,,,,3.0,,30.0,,,30.0,40.0,400.0,400.0,400.0,240.0,210.0,230.0,110.0,,,,,,,,,,,,,164.82287,100.0,0.5,stalzone-database/ru/items/armor/scientist/_variants/96ngz/7.json
96ngz,96ngz,8,True,Продвинутый ОЗК,armor/scientist,Новичок,Научные,RANK_NEWBIE,PERSONAL_ON_USE,5.0,100.0,100.0,66.89629,,,,,,,,,3.0,,30.0,,,30.0,40.0,400.0,400.0,400.0,240.0,210.0,230.0,110.0,,,,,,,,,,,,,166.89629000000002,100.0,0.5,stalzone-database/ru/items/armor/scientist/_variants/96ngz/8.json
96ngz,96ngz,9,True,Продвинутый ОЗК,armor/scientist,Новичок,Научные,RANK_NEWBIE,PERSONAL_ON_USE,5.0,100.0,100.0,68.96972,,,,,,,,,3.0,,30.0,,,30.0,40.0,400.0,400.0,400.0,240.0,210.0,230.0,110.0,,,,,,,,,,,,,168.96971999999997,100.0,0.5,stalzone-database/ru/items/armor/scientist/_variants/96ngz/9.json
96ngz,96ngz,10,True,Продвинутый ОЗК,armor/scientist,Новичок,Научные,RANK_NEWBIE,PERSONAL_ON_USE,5.0,100.0,100.0,75.05179,,,,,,,,,3.0,,30.0,,,30.0,40.0,400.0,400.0,400.0,240.0,210.0,230.0,110.0,,,,,,,,,,,,,175.05178999999995,100.0,0.5,stalzone-database/ru/items/armor/scientist/_variants/96ngz/10.json
96ngz,96ngz,11,True,Продвинутый ОЗК,armor/scientist,Новичок,Научные,RANK_NEWBIE,PERSONAL_ON_USE,5.0,100.0,100.0,78.09281,,,,,,,,,3.0,,30.0,,,30.0,40.0,400.0,400.0,400.0,240.0,210.0,230.0,110.0,,,,,,,,,,,,,178.09281,100.0,0.5,stalzone-database/ru/items/armor/scientist/_variants/96ngz/11.json
96ngz,96ngz,12,True,Продвинутый ОЗК,armor/scientist,Новичок,Научные,RANK_NEWBIE,PERSONAL_ON_USE,5.0,100.0,100.0,81.13384,,,,,,,,,3.0,,30.0,,,30.0,40.0,400.0,400.0,400.0,240.0,210.0,230.0,110.0,,,,,,,,,,,,,181.13384000000002,100.0,0.5,stalzone-database/ru/items/armor/scientist/_variants/96ngz/12.json
96ngz,96ngz,13,True,Продвинутый ОЗК,armor/scientist,Новичок,Научные,RANK_NEWBIE,PERSONAL_ON_USE,5.0,100.0,100.0,84.17488,,,,,,,,,3.0,,30.0,,,30.0,40.0,400.0,400.0,400.0,240.0,210.0,230.0,110.0,,,,,,,,,,,,,184.17488,100.0,0.5,stalzone-database/ru/items/armor/scientist/_variants/96ngz/13.json
96ngz,96ngz,14,True,Продвинутый ОЗК,armor/scientist,Новичок,Научные,RANK_NEWBIE,PERSONAL_ON_USE,5.0,100.0,100.0,87.21591,,,,,,,,,3.0,,30.0,,,30.0,40.0,400.0,400.0,400.0,240.0,210.0,230.0,110.0,,,,,,,,,,,,,187.21591,100.0,0.5,stalzone-database/ru/items/armor/scientist/_variants/96ngz/14.json
96ngz,96ngz,15,True,Продвинутый ОЗК,armor/scientist,Новичок,Научные,RANK_NEWBIE,PERSONAL_ON_USE,5.0,100.0,100.0,96.339,,,,,,,,,3.0,,30.0,,,30.0,40.0,400.0,400.0,400.0,240.0,210.0,230.0,110.0,,,,,,,,,,,,,196.33900000000003,100.0,0.5,stalzone-database/ru/items/armor/scientist/_variants/96ngz/15.json
96npy,96npy,0,False,«Полярник»,armor/combined,Новичок,Комбинированные,RANK_NEWBIE,PERSONAL_ON_USE,3.7,100.0,100.0,29.0,,1.0,,,,,,,6.0,,25.0,,,37.0,20.0,15.0,15.0,15.0,50.0,30.0,50.0,0.0,40.0,,,,,,,,,,,,129.0,101.0,0.5,stalzone-database/ru/items/armor/combined/96npy.json
96npy,96npy,1,True,«Полярник»,armor/combined,Новичок,Комбинированные,RANK_NEWBIE,PERSONAL_ON_USE,3.7,100.0,100.0,30.180336,,1.0,,,,,,,6.0,,25.0,,,37.0,20.0,15.0,15.0,15.0,50.0,30.0,50.0,0.0,40.0,,,,,,,,,,,,130.180336,101.0,0.5,stalzone-database/ru/items/armor/combined/_variants/96npy/1.json
96npy,96npy,2,True,«Полярник»,armor/combined,Новичок,Комбинированные,RANK_NEWBIE,PERSONAL_ON_USE,3.7,100.0,100.0,31.36067,,1.0,,,,,,,6.0,,25.0,,,37.0,20.0,15.0,15.0,15.0,50.0,30.0,50.0,0.0,40.0,,,,,,,,,,,,131.36067,101.0,0.5,stalzone-database/ru/items/armor/combined/_variants/96npy/2.json
96npy,96npy,3,True,«Полярник»,armor/combined,Новичок,Комбинированные,RANK_NEWBIE,PERSONAL_ON_USE,3.7,100.0,100.0,32.541008,,1.0,,,,,,,6.0,,25.0,,,37.0,20.0,15.0,15.0,15.0,50.0,30.0,50.0,0.0,40.0,,,,,,,,,,,,132.541008,101.0,0.5,stalzone-database/ru/items/armor/combined/_variants/96npy/3.json
96npy,96npy,4,True,«Полярник»,armor/combined,Новичок,Комбинированные,RANK_NEWBIE,PERSONAL_ON_USE,3.7,100.0,100.0,33.72134,,1.0,,,,,,,6.0,,25.0,,,37.0,20.0,15.0,15.0,15.0,50.0,30.0,50.0,0.0,40.0,,,,,,,,,,,,133.72134,101.0,0.5,stalzone-database/ru/items/armor/combined/_variants/96npy/4.json
96npy,96npy,5,True,«Полярник»,armor/combined,Новичок,Комбинированные,RANK_NEWBIE,PERSONAL_ON_USE,3.7,100.0,100.0,37.26235,,1.0,,,,,,,6.0,,25.0,,,37.0,20.0,15.0,15.0,15.0,50.0,30.0,50.0,0.0,40.0,,,,,,,,,,,,137.26235,101.0,0.5,stalzone-database/ru/items/armor/combined/_variants/96npy/5.json
96npy,96npy,6,True,«Полярник»,armor/combined,Новичок,Комбинированные,RANK_NEWBIE,PERSONAL_ON_USE,3.7,100.0,100.0,39.032852,,1.0,,,,,,,6.0,,25.0,,,37.0,20.0,15.0,15.0,15.0,50.0,30.0,50.0,0.0,40.0,,,,,,,,,,,,139.032852,101.0,0.5,stalzone-database/ru/items/armor/combined/_variants/96npy/6.json
96npy,96npy,7,True,«Полярник»,armor/combined,Новичок,Комбинированные,RANK_NEWBIE,PERSONAL_ON_USE,3.7,100.0,100.0,40.803356,,1.0,,,,,,,6.0,,25.0,,,37.0,20.0,15.0,15.0,15.0,50.0,30.0,50.0,0.0,40.0,,,,,,,,,,,,140.803356,101.0,0.5,stalzone-database/ru/items/armor/combined/_variants/96npy/7.json
96npy,96npy,8,True,«Полярник»,armor/combined,Новичок,Комбинированные,RANK_NEWBIE,PERSONAL_ON_USE,3.7,100.0,100.0,42.573856,,1.0,,,,,,,6.0,,25.0,,,37.0,20.0,15.0,15.0,15.0,50.0,30.0,50.0,0.0,40.0,,,,,,,,,,,,142.573856,101.0,0.5,stalzone-database/ru/items/armor/combined/_variants/96npy/8.json
96npy,96npy,9,True,«Полярник»,armor/combined,Новичок,Комбинированные,RANK_NEWBIE,PERSONAL_ON_USE,3.7,100.0,100.0,44.344357,,1.0,,,,,,,6.0,,25.0,,,37.0,20.0,15.0,15.0,15.0,50.0,30.0,50.0,0.0,40.0,,,,,,,,,,,,144.344357,101.0,0.5,stalzone-database/ru/items/armor/combined/_variants/96npy/9.json
96npy,96npy,10,True,«Полярник»,armor/combined,Новичок,Комбинированные,RANK_NEWBIE,PERSONAL_ON_USE,3.7,100.0,100.0,49.53783,,1.0,,,,,,,6.0,,25.0,,,37.0,20.0,15.0,15.0,15.0,50.0,30.0,50.0,0.0,40.0,,,,,,,,,,,,149.53782999999999,101.0,0.5,stalzone-database/ru/items/armor/combined/_variants/96npy/10.json
96npy,96npy,11,True,«Полярник»,armor/combined,Новичок,Комбинированные,RANK_NEWBIE,PERSONAL_ON_USE,3.7,100.0,100.0,52.13457,,1.0,,,,,,,6.0,,25.0,,,37.0,20.0,15.0,15.0,15.0,50.0,30.0,50.0,0.0,40.0,,,,,,,,,,,,152.13457,101.0,0.5,stalzone-database/ru/items/armor/combined/_variants/96npy/11.json
96npy,96npy,12,True,«Полярник»,armor/combined,Новичок,Комбинированные,RANK_NEWBIE,PERSONAL_ON_USE,3.7,100.0,100.0,54.731308,,1.0,,,,,,,6.0,,25.0,,,37.0,20.0,15.0,15.0,15.0,50.0,30.0,50.0,0.0,40.0,,,,,,,,,,,,154.731308,101.0,0.5,stalzone-database/ru/items/armor/combined/_variants/96npy/12.json
96npy,96npy,13,True,«Полярник»,armor/combined,Новичок,Комбинированные,RANK_NEWBIE,PERSONAL_ON_USE,3.7,100.0,100.0,57.32805,,1.0,,,,,,,6.0,,25.0,,,37.0,20.0,15.0,15.0,15.0,50.0,30.0,50.0,0.0,40.0,,,,,,,,,,,,157.32805,101.0,0.5,stalzone-database/ru/items/armor/combined/_variants/96npy/13.json
96npy,96npy,14,True,«Полярник»,armor/combined,Новичок,Комбинированные,RANK_NEWBIE,PERSONAL_ON_USE,3.7,100.0,100.0,58.0,,1.0,,,,,,,6.0,,25.0,,,37.0,20.0,15.0,15.0,15.0,50.0,30.0,50.0,0.0,40.0,,,,,,,,,,,,158.0,101.0,0.5,stalzone-database/ru/items/armor/combined/_variants/96npy/14.json
96npy,96npy,15,True,«Полярник»,armor/combined,Новичок,Комбинированные,RANK_NEWBIE,PERSONAL_ON_USE,3.7,100.0,100.0,58.0,,1.0,,,,,,,6.0,,25.0,,,37.0,20.0,15.0,15.0,15.0,50.0,30.0,50.0,0.0,40.0,,,,,,,,,,,,158.0,101.0,0.5,stalzone-database/ru/items/armor/combined/_variants/96npy/15.json
96nrq,96nrq,0,False,Модная куртка,armor/clothes,Отмычка,Одежда,DEFAULT,PERSONAL_ON_USE,3.0,100.0,100.0,26.0,,,,,,,,,6.0,,40.0,,,76.0,35.0,10.0,10.0,10.0,5.0,0.0,5.0,0.0,,,,,,,,,,,,,126.0,100.0,0.5,stalzone-database/ru/items/armor/clothes/96nrq.json
96nrq,96nrq,1,True,Модная куртка,armor/clothes,Отмычка,Одежда,DEFAULT,PERSONAL_ON_USE,3.0,100.0,100.0,27.152561,,,,,,,,,6.0,,40.0,,,76.0,35.0,10.0,10.0,10.0,5.0,0.0,5.0,0.0,,,,,,,,,,,,,127.15256099999999,100.0,0.5,stalzone-database/ru/items/armor/clothes/_variants/96nrq/1.json
96nrq,96nrq,2,True,Модная куртка,armor/clothes,Отмычка,Одежда,DEFAULT,PERSONAL_ON_USE,3.0,100.0,100.0,28.305122,,,,,,,,,6.0,,40.0,,,76.0,35.0,10.0,10.0,10.0,5.0,0.0,5.0,0.0,,,,,,,,,,,,,128.305122,100.0,0.5,stalzone-database/ru/items/armor/clothes/_variants/96nrq/2.json
96nrq,96nrq,3,True,Модная куртка,armor/clothes,Отмычка,Одежда,DEFAULT,PERSONAL_ON_USE,3.0,100.0,100.0,29.457682,,,,,,,,,6.0,,40.0,,,76.0,35.0,10.0,10.0,10.0,5.0,0.0,5.0,0.0,,,,,,,,,,,,,129.457682,100.0,0.5,stalzone-database/ru/items/armor/clothes/_variants/96nrq/3.json
96nrq,96nrq,4,True,Модная куртка,armor/clothes,Отмычка,Одежда,DEFAULT,PERSONAL_ON_USE,3.0,100.0,100.0,30.610243,,,,,,,,,6.0,,40.0,,,76.0,35.0,10.0,10.0,10.0,5.0,0.0,5.0,0.0,,,,,,,,,,,,,130.610243,100.0,0.5,stalzone-database/ru/items/armor/clothes/_variants/96nrq/4.json
96nrq,96nrq,5,True,Модная куртка,armor/clothes,Отмычка,Одежда,DEFAULT,PERSONAL_ON_USE,3.0,100.0,100.0,34.06793,,,,,,,,,6.0,,40.0,,,76.0,35.0,10.0,10.0,10.0,5.0,0.0,5.0,0.0,,,,,,,,,,,,,134.06793,100.0,0.5,stalzone-database/ru/items/armor/clothes/_variants/96nrq/5.json
96nrq,96nrq,6,True,Модная куртка,armor/clothes,Отмычка,Одежда,DEFAULT,PERSONAL_ON_USE,3.0,100.0,100.0,35.79677,,,,,,,,,6.0,,40.0,,,76.0,35.0,10.0,10.0,10.0,5.0,0.0,5.0,0.0,,,,,,,,,,,,,135.79677,100.0,0.5,stalzone-database/ru/items/armor/clothes/_variants/96nrq/6.json
96nrq,96nrq,7,True,Модная куртка,armor/clothes,Отмычка,Одежда,DEFAULT,PERSONAL_ON_USE,3.0,100.0,100.0,37.525608,,,,,,,,,6.0,,40.0,,,76.0,35.0,10.0,10.0,10.0,5.0,0.0,5.0,0.0,,,,,,,,,,,,,137.525608,100.0,0.5,stalzone-database/ru/items/armor/clothes/_variants/96nrq/7.json
96nrq,96nrq,8,True,Модная куртка,armor/clothes,Отмычка,Одежда,DEFAULT,PERSONAL_ON_USE,3.0,100.0,100.0,39.25445,,,,,,,,,6.0,,40.0,,,76.0,35.0,10.0,10.0,10.0,5.0,0.0,5.0,0.0,,,,,,,,,,,,,139.25445,100.0,0.5,stalzone-database/ru/items/armor/clothes/_variants/96nrq/8.json
96nrq,96nrq,9,True,Модная куртка,armor/clothes,Отмычка,Одежда,DEFAULT,PERSONAL_ON_USE,3.0,100.0,100.0,40.983288,,,,,,,,,6.0,,40.0,,,76.0,35.0,10.0,10.0,10.0,5.0,0.0,5.0,0.0,,,,,,,,,,,,,140.98328800000002,100.0,0.5,stalzone-database/ru/items/armor/clothes/_variants/96nrq/9.json
96nrq,96nrq,10,True,Модная куртка,armor/clothes,Отмычка,Одежда,DEFAULT,PERSONAL_ON_USE,3.0,100.0,100.0,46.054558,,,,,,,,,6.0,,40.0,,,76.0,35.0,10.0,10.0,10.0,5.0,0.0,5.0,0.0,,,,,,,,,,,,,146.054558,100.0,0.5,stalzone-database/ru/items/armor/clothes/_variants/96nrq/10.json
96nrq,96nrq,11,True,Модная куртка,armor/clothes,Отмычка,Одежда,DEFAULT,PERSONAL_ON_USE,3.0,100.0,100.0,48.590195,,,,,,,,,6.0,,40.0,,,76.0,35.0,10.0,10.0,10.0,5.0,0.0,5.0,0.0,,,,,,,,,,,,,148.590195,100.0,0.5,stalzone-database/ru/items/armor/clothes/_variants/96nrq/11.json
96nrq,96nrq,12,True,Модная куртка,armor/clothes,Отмычка,Одежда,DEFAULT,PERSONAL_ON_USE,3.0,100.0,100.0,51.125828,,,,,,,,,6.0,,40.0,,,76.0,35.0,10.0,10.0,10.0,5.0,0.0,5.0,0.0,,,,,,,,,,,,,151.125828,100.0,0.5,stalzone-database/ru/items/armor/clothes/_variants/96nrq/12.json
96nrq,96nrq,13,True,Модная куртка,armor/clothes,Отмычка,Одежда,DEFAULT,PERSONAL_ON_USE,3.0,100.0,100.0,52.0,,,,,,,,,6.0,,40.0,,,76.0,35.0,10.0,10.0,10.0,5.0,0.0,5.0,0.0,,,,,,,,,,,,,152.0,100.0,0.5,stalzone-database/ru/items/armor/clothes/_variants/96nrq/13.json
96nrq,96nrq,14,True,Модная куртка,armor/clothes,Отмычка,Одежда,DEFAULT,PERSONAL_ON_USE,3.0,100.0,100.0,52.0,,,,,,,,,6.0,,40.0,,,76.0,35.0,10.0,10.0,10.0,5.0,0.0,5.0,0.0,,,,,,,,,,,,,152.0,100.0,0.5,stalzone-database/ru/items/armor/clothes/_variants/96nrq/14.json
96nrq,96nrq,15,True,Модная куртка,armor/clothes,Отмычка,Одежда,DEFAULT,PERSONAL_ON_USE,3.0,100.0,100.0,52.0,,,,,,,,,6.0,,40.0,,,76.0,35.0,10.0,10.0,10.0,5.0,0.0,5.0,0.0,,,,,,,,,,,,,152.0,100.0,0.5,stalzone-database/ru/items/armor/clothes/_variants/96nrq/15.json
96y6z,96y6z,0,False,Экзоброня «Миссионер»,armor/combined,Мастер,Комбинированные,RANK_MASTER,PERSONAL_ON_USE,24.0,100.0,100.0,183.0,,9.0,,,,,,,18.0,-0.5,40.0,,,113.0,108.0,150.0,150.0,150.0,300.0,200.0,300.0,300.0,,,,,,,,,,,,,283.0,109.0,0.5,stalzone-database/ru/items/armor/combined/96y6z.json
96y6z,96y6z,1,True,Экзоброня «Миссионер»,armor/combined,Мастер,Комбинированные,RANK_MASTER,PERSONAL_ON_USE,24.0,100.0,100.0,185.58878,,9.0,,,,,,,18.0,-0.5,40.0,,,113.0,108.0,150.0,150.0,150.0,300.0,200.0,300.0,300.0,,,,,,,,,,,,,285.58878000000004,109.0,0.5,stalzone-database/ru/items/armor/combined/_variants/96y6z/1.json
96y6z,96y6z,2,True,Экзоброня «Миссионер»,armor/combined,Мастер,Комбинированные,RANK_MASTER,PERSONAL_ON_USE,24.0,100.0,100.0,188.17755,,9.0,,,,,,,18.0,-0.5,40.0,,,113.0,108.0,150.0,150.0,150.0,300.0,200.0,300.0,300.0,,,,,,,,,,,,,288.17755,109.0,0.5,stalzone-database/ru/items/armor/combined/_variants/96y6z/2.json
96y6z,96y6z,3,True,Экзоброня «Миссионер»,armor/combined,Мастер,Комбинированные,RANK_MASTER,PERSONAL_ON_USE,24.0,100.0,100.0,190.76633,,9.0,,,,,,,18.0,-0.5,40.0,,,113.0,108.0,150.0,150.0,150.0,300.0,200.0,300.0,300.0,,,,,,,,,,,,,290.76633000000004,109.0,0.5,stalzone-database/ru/items/armor/combined/_variants/96y6z/3.json
96y6z,96y6z,4,True,Экзоброня «Миссионер»,armor/combined,Мастер,Комбинированные,RANK_MASTER,PERSONAL_ON_USE,24.0,100.0,100.0,193.35512,,9.0,,,,,,,18.0,-0.5,40.0,,,113.0,108.0,150.0,150.0,150.0,300.0,200.0,300.0,300.0,,,,,,,,,,,,,293.35512,109.0,0.5,stalzone-database/ru/items/armor/combined/_variants/96y6z/4.json
96y6z,96y6z,5,True,Экзоброня «Миссионер»,armor/combined,Мастер,Комбинированные,RANK_MASTER,PERSONAL_ON_USE,24.0,100.0,100.0,201.12148,,9.0,,,,,,,18.0,-0.5,40.0,,,113.0,108.0,150.0,150.0,150.0,300.0,200.0,300.0,300.0,,,,,,,,,,,,,301.12148,109.0,0.5,stalzone-database/ru/items/armor/combined/_variants/96y6z/5.json
96y6z,96y6z,6,True,Экзоброня «Миссионер»,armor/combined,Мастер,Комбинированные,RANK_MASTER,PERSONAL_ON_USE,24.0,100.0,100.0,205.00464,,9.0,,,,,,,18.0,-0.5,40.0,,,113.0,108.0,150.0,150.0,150.0,300.0,200.0,300.0,300.0,,,,,,,,,,,,,305.00464,109.0,0.5,stalzone-database/ru/items/armor/combined/_variants/96y6z/6.json
96y6z,96y6z,7,True,Экзоброня «Миссионер»,armor/combined,Мастер,Комбинированные,RANK_MASTER,PERSONAL_ON_USE,24.0,100.0,100.0,208.8878,,9.0,,,,,,,18.0,-0.5,40.0,,,113.0,108.0,150.0,150.0,150.0,300.0,200.0,300.0,300.0,,,,,,,,,,,,,308.88779999999997,109.0,0.5,stalzone-database/ru/items/armor/combined/_variants/96y6z/7.json
96y6z,96y6z,8,True,Экзоброня «Миссионер»,armor/combined,Мастер,Комбинированные,RANK_MASTER,PERSONAL_ON_USE,24.0,100.0,100.0,212.77097,,9.0,,,,,,,18.0,-0.5,40.0,,,113.0,108.0,150.0,150.0,150.0,300.0,200.0,300.0,300.0,,,,,,,,,,,,,312.77097000000003,109.0,0.5,stalzone-database/ru/items/armor/combined/_variants/96y6z/8.json
96y6z,96y6z,9,True,Экзоброня «Миссионер»,armor/combined,Мастер,Комбинированные,RANK_MASTER,PERSONAL_ON_USE,24.0,100.0,100.0,216.65413,,9.0,,,,,,,18.0,-0.5,40.0,,,113.0,108.0,150.0,150.0,150.0,300.0,200.0,300.0,300.0,,,,,,,,,,,,,316.65413,109.0,0.5,stalzone-database/ru/items/armor/combined/_variants/96y6z/9.json
96y6z,96y6z,10,True,Экзоброня «Миссионер»,armor/combined,Мастер,Комбинированные,RANK_MASTER,PERSONAL_ON_USE,24.0,100.0,100.0,228.04477,,9.0,,,,,,,18.0,-0.5,40.0,,,113.0,108.0,150.0,150.0,150.0,300.0,200.0,300.0,300.0,,,,,,,,,,,,,328.04476999999997,109.0,0.5,stalzone-database/ru/items/armor/combined/_variants/96y6z/10.json
96y6z,96y6z,11,True,Экзоброня «Миссионер»,armor/combined,Мастер,Комбинированные,RANK_MASTER,PERSONAL_ON_USE,24.0,100.0,100.0,233.7401,,9.0,,,,,,,18.0,-0.5,40.0,,,113.0,108.0,150.0,150.0,150.0,300.0,200.0,300.0,300.0,,,,,,,,,,,,,333.7400999999999,109.0,0.5,stalzone-database/ru/items/armor/combined/_variants/96y6z/11.json
96y6z,96y6z,12,True,Экзоброня «Миссионер»,armor/combined,Мастер,Комбинированные,RANK_MASTER,PERSONAL_ON_USE,24.0,100.0,100.0,239.43542,,9.0,,,,,,,18.0,-0.5,40.0,,,113.0,108.0,150.0,150.0,150.0,300.0,200.0,300.0,300.0,,,,,,,,,,,,,339.43542,109.0,0.5,stalzone-database/ru/items/armor/combined/_variants/96y6z/12.json
96y6z,96y6z,13,True,Экзоброня «Миссионер»,armor/combined,Мастер,Комбинированные,RANK_MASTER,PERSONAL_ON_USE,24.0,100.0,100.0,245.13074,,9.0,,,,,,,18.0,-0.5,40.0,,,113.0,108.0,150.0,150.0,150.0,300.0,200.0,300.0,300.0,,,,,,,,,,,,,345.13074,109.0,0.5,stalzone-database/ru/items/armor/combined/_variants/96y6z/13.json
96y6z,96y6z,14,True,Экзоброня «Миссионер»,armor/combined,Мастер,Комбинированные,RANK_MASTER,PERSONAL_ON_USE,24.0,100.0,100.0,250.82607,,9.0,,,,,,,18.0,-0.5,40.0,,,113.0,108.0,150.0,150.0,150.0,300.0,200.0,300.0,300.0,,,,,,,,,,,,,350.82606999999996,109.0,0.5,stalzone-database/ru/items/armor/combined/_variants/96y6z/14.json
96y6z,96y6z,15,True,Экзоброня «Миссионер»,armor/combined,Мастер,Комбинированные,RANK_MASTER,PERSONAL_ON_USE,24.0,100.0,100.0,267.912,,9.0,,,,,,,18.0,-0.5,40.0,,,113.0,108.0,150.0,150.0,150.0,300.0,200.0,300.0,300.0,,,,,,,,,,,,,367.912,109.0,0.5,stalzone-database/ru/items/armor/combined/_variants/96y6z/15.json
96yz0,96yz0,0,False,Сверхтяжелый бронекостюм «Рейтар»,armor/combat,Мастер,Боевые,RANK_MASTER,PERSONAL_ON_USE,65.0,100.0,100.0,282.0,,-10.0,,-30.0,,,,,15.0,,60.0,,,232.0,420.0,50.0,50.0,50.0,200.0,100.0,200.0,200.0,,50.0,,,,,,,,,,,382.0,90.0,0.5,stalzone-database/ru/items/armor/combat/96yz0.json
96yz0,96yz0,1,True,Сверхтяжелый бронекостюм «Рейтар»,armor/combat,Мастер,Боевые,RANK_MASTER,PERSONAL_ON_USE,65.0,100.0,100.0,285.4992,,-10.0,,-30.0,,,,,15.0,,60.0,,,232.0,420.0,50.0,50.0,50.0,200.0,100.0,200.0,200.0,,50.0,,,,,,,,,,,385.4992,90.0,0.5,stalzone-database/ru/items/armor/combat/_variants/96yz0/1.json
96yz0,96yz0,2,True,Сверхтяжелый бронекостюм «Рейтар»,armor/combat,Мастер,Боевые,RANK_MASTER,PERSONAL_ON_USE,65.0,100.0,100.0,288.9984,,-10.0,,-30.0,,,,,15.0,,60.0,,,232.0,420.0,50.0,50.0,50.0,200.0,100.0,200.0,200.0,,50.0,,,,,,,,,,,388.99840000000006,90.0,0.5,stalzone-database/ru/items/armor/combat/_variants/96yz0/2.json
96yz0,96yz0,3,True,Сверхтяжелый бронекостюм «Рейтар»,armor/combat,Мастер,Боевые,RANK_MASTER,PERSONAL_ON_USE,65.0,100.0,100.0,292.49762,,-10.0,,-30.0,,,,,15.0,,60.0,,,232.0,420.0,50.0,50.0,50.0,200.0,100.0,200.0,200.0,,50.0,,,,,,,,,,,392.4976199999999,90.0,0.5,stalzone-database/ru/items/armor/combat/_variants/96yz0/3.json
96yz0,96yz0,4,True,Сверхтяжелый бронекостюм «Рейтар»,armor/combat,Мастер,Боевые,RANK_MASTER,PERSONAL_ON_USE,65.0,100.0,100.0,295.99683,,-10.0,,-30.0,,,,,15.0,,60.0,,,232.0,420.0,50.0,50.0,50.0,200.0,100.0,200.0,200.0,,50.0,,,,,,,,,,,395.99683,90.0,0.5,stalzone-database/ru/items/armor/combat/_variants/96yz0/4.json
96yz0,96yz0,5,True,Сверхтяжелый бронекостюм «Рейтар»,armor/combat,Мастер,Боевые,RANK_MASTER,PERSONAL_ON_USE,65.0,100.0,100.0,306.49445,,-10.0,,-30.0,,,,,15.0,,60.0,,,232.0,420.0,50.0,50.0,50.0,200.0,100.0,200.0,200.0,,50.0,,,,,,,,,,,406.49445,90.0,0.5,stalzone-database/ru/items/armor/combat/_variants/96yz0/5.json
96yz0,96yz0,6,True,Сверхтяжелый бронекостюм «Рейтар»,armor/combat,Мастер,Боевые,RANK_MASTER,PERSONAL_ON_USE,65.0,100.0,100.0,311.74326,,-10.0,,-30.0,,,,,15.0,,60.0,,,232.0,420.0,50.0,50.0,50.0,200.0,100.0,200.0,200.0,,50.0,,,,,,,,,,,411.74326,90.0,0.5,stalzone-database/ru/items/armor/combat/_variants/96yz0/6.json
96yz0,96yz0,7,True,Сверхтяжелый бронекостюм «Рейтар»,armor/combat,Мастер,Боевые,RANK_MASTER,PERSONAL_ON_USE,65.0,100.0,100.0,316.99207,,-10.0,,-30.0,,,,,15.0,,60.0,,,232.0,420.0,50.0,50.0,50.0,200.0,100.0,200.0,200.0,,50.0,,,,,,,,,,,416.99207,90.0,0.5,stalzone-database/ru/items/armor/combat/_variants/96yz0/7.json
96yz0,96yz0,8,True,Сверхтяжелый бронекостюм «Рейтар»,armor/combat,Мастер,Боевые,RANK_MASTER,PERSONAL_ON_USE,65.0,100.0,100.0,322.24088,,-10.0,,-30.0,,,,,15.0,,60.0,,,232.0,420.0,50.0,50.0,50.0,200.0,100.0,200.0,200.0,,50.0,,,,,,,,,,,422.24088000000006,90.0,0.5,stalzone-database/ru/items/armor/combat/_variants/96yz0/8.json
96yz0,96yz0,9,True,Сверхтяжелый бронекостюм «Рейтар»,armor/combat,Мастер,Боевые,RANK_MASTER,PERSONAL_ON_USE,65.0,100.0,100.0,327.4897,,-10.0,,-30.0,,,,,15.0,,60.0,,,232.0,420.0,50.0,50.0,50.0,200.0,100.0,200.0,200.0,,50.0,,,,,,,,,,,427.4897,90.0,0.5,stalzone-database/ru/items/armor/combat/_variants/96yz0/9.json
96yz0,96yz0,10,True,Сверхтяжелый бронекостюм «Рейтар»,armor/combat,Мастер,Боевые,RANK_MASTER,PERSONAL_ON_USE,65.0,100.0,100.0,342.8862,,-10.0,,-30.0,,,,,15.0,,60.0,,,232.0,420.0,50.0,50.0,50.0,200.0,100.0,200.0,200.0,,50.0,,,,,,,,,,,442.8862,90.0,0.5,stalzone-database/ru/items/armor/combat/_variants/96yz0/10.json
96yz0,96yz0,11,True,Сверхтяжелый бронекостюм «Рейтар»,armor/combat,Мастер,Боевые,RANK_MASTER,PERSONAL_ON_USE,65.0,100.0,100.0,350.58447,,-10.0,,-30.0,,,,,15.0,,60.0,,,232.0,420.0,50.0,50.0,50.0,200.0,100.0,200.0,200.0,,50.0,,,,,,,,,,,450.58447,90.0,0.5,stalzone-database/ru/items/armor/combat/_variants/96yz0/11.json
96yz0,96yz0,12,True,Сверхтяжелый бронекостюм «Рейтар»,armor/combat,Мастер,Боевые,RANK_MASTER,PERSONAL_ON_USE,65.0,100.0,100.0,358.28275,,-10.0,,-30.0,,,,,15.0,,60.0,,,232.0,420.0,50.0,50.0,50.0,200.0,100.0,200.0,200.0,,50.0,,,,,,,,,,,458.28275,90.0,0.5,stalzone-database/ru/items/armor/combat/_variants/96yz0/12.json
96yz0,96yz0,13,True,Сверхтяжелый бронекостюм «Рейтар»,armor/combat,Мастер,Боевые,RANK_MASTER,PERSONAL_ON_USE,65.0,100.0,100.0,365.98096,,-10.0,,-30.0,,,,,15.0,,60.0,,,232.0,420.0,50.0,50.0,50.0,200.0,100.0,200.0,200.0,,50.0,,,,,,,,,,,465.98096,90.0,0.5,stalzone-database/ru/items/armor/combat/_variants/96yz0/13.json
96yz0,96yz0,14,True,Сверхтяжелый бронекостюм «Рейтар»,armor/combat,Мастер,Боевые,RANK_MASTER,PERSONAL_ON_USE,65.0,100.0,100.0,373.67923,,-10.0,,-30.0,,,,,15.0,,60.0,,,232.0,420.0,50.0,50.0,50.0,200.0,100.0,200.0,200.0,,50.0,,,,,,,,,,,473.67923,90.0,0.5,stalzone-database/ru/items/armor/combat/_variants/96yz0/14.json
96yz0,96yz0,15,True,Сверхтяжелый бронекостюм «Рейтар»,armor/combat,Мастер,Боевые,RANK_MASTER,PERSONAL_ON_USE,65.0,100.0,100.0,396.77402,,-10.0,,-30.0,,,,,15.0,,60.0,,,232.0,420.0,50.0,50.0,50.0,200.0,100.0,200.0,200.0,,50.0,,,,,,,,,,,496.77402,90.0,0.5,stalzone-database/ru/items/armor/combat/_variants/96yz0/15.json
dmgjj,dmgjj,0,False,Лечебный «Комбат»,armor/combat,Сталкер,Боевые,RANK_STALKER,PERSONAL_ON_USE,9.0,100.0,100.0,68.0,,,,,5.0,4.0,,,4.0,,50.0,,,72.0,80.0,10.0,10.0,10.0,110.0,40.0,100.0,100.0,,,,,,,,,,,,,168.0,100.0,1.3,stalzone-database/ru/items/armor/combat/dmgjj.json
dmgjj,dmgjj,1,True,Лечебный «Комбат»,armor/combat,Сталкер,Боевые,RANK_STALKER,PERSONAL_ON_USE,9.0,100.0,100.0,69.53829,,,,,5.0,4.0,,,4.0,,50.0,,,72.0,80.0,10.0,10.0,10.0,110.0,40.0,100.0,100.0,,,,,,,,,,,,,169.53829000000002,100.0,1.3,stalzone-database/ru/items/armor/combat/_variants/dmgjj/1.json
dmgjj,dmgjj,2,True,Лечебный «Комбат»,armor/combat,Сталкер,Боевые,RANK_STALKER,PERSONAL_ON_USE,9.0,100.0,100.0,71.076584,,,,,5.0,4.0,,,4.0,,50.0,,,72.0,80.0,10.0,10.0,10.0,110.0,40.0,100.0,100.0,,,,,,,,,,,,,171.076584,100.0,1.3,stalzone-database/ru/items/armor/combat/_variants/dmgjj/2.json
dmgjj,dmgjj,3,True,Лечебный «Комбат»,armor/combat,Сталкер,Боевые,RANK_STALKER,PERSONAL_ON_USE,9.0,100.0,100.0,72.614876,,,,,5.0,4.0,,,4.0,,50.0,,,72.0,80.0,10.0,10.0,10.0,110.0,40.0,100.0,100.0,,,,,,,,,,,,,172.61487599999998,100.0,1.3,stalzone-database/ru/items/armor/combat/_variants/dmgjj/3.json
dmgjj,dmgjj,4,True,Лечебный «Комбат»,armor/combat,Сталкер,Боевые,RANK_STALKER,PERSONAL_ON_USE,9.0,100.0,100.0,74.153175,,,,,5.0,4.0,,,4.0,,50.0,,,72.0,80.0,10.0,10.0,10.0,110.0,40.0,100.0,100.0,,,,,,,,,,,,,174.153175,100.0,1.3,stalzone-database/ru/items/armor/combat/_variants/dmgjj/4.json
dmgjj,dmgjj,5,True,Лечебный «Комбат»,armor/combat,Сталкер,Боевые,RANK_STALKER,PERSONAL_ON_USE,9.0,100.0,100.0,78.76804,,,,,5.0,4.0,,,4.0,,50.0,,,72.0,80.0,10.0,10.0,10.0,110.0,40.0,100.0,100.0,,,,,,,,,,,,,178.76804,100.0,1.3,stalzone-database/ru/items/armor/combat/_variants/dmgjj/5.json
dmgjj,dmgjj,6,True,Лечебный «Комбат»,armor/combat,Сталкер,Боевые,RANK_STALKER,PERSONAL_ON_USE,9.0,100.0,100.0,81.075485,,,,,5.0,4.0,,,4.0,,50.0,,,72.0,80.0,10.0,10.0,10.0,110.0,40.0,100.0,100.0,,,,,,,,,,,,,181.07548500000001,100.0,1.3,stalzone-database/ru/items/armor/combat/_variants/dmgjj/6.json
dmgjj,dmgjj,7,True,Лечебный «Комбат»,armor/combat,Сталкер,Боевые,RANK_STALKER,PERSONAL_ON_USE,9.0,100.0,100.0,83.38292,,,,,5.0,4.0,,,4.0,,50.0,,,72.0,80.0,10.0,10.0,10.0,110.0,40.0,100.0,100.0,,,,,,,,,,,,,183.38292,100.0,1.3,stalzone-database/ru/items/armor/combat/_variants/dmgjj/7.json
dmgjj,dmgjj,8,True,Лечебный «Комбат»,armor/combat,Сталкер,Боевые,RANK_STALKER,PERSONAL_ON_USE,9.0,100.0,100.0,85.69036,,,,,5.0,4.0,,,4.0,,50.0,,,72.0,80.0,10.0,10.0,10.0,110.0,40.0,100.0,100.0,,,,,,,,,,,,,185.69036,100.0,1.3,stalzone-database/ru/items/armor/combat/_variants/dmgjj/8.json
dmgjj,dmgjj,9,True,Лечебный «Комбат»,armor/combat,Сталкер,Боевые,RANK_STALKER,PERSONAL_ON_USE,9.0,100.0,100.0,87.997795,,,,,5.0,4.0,,,4.0,,50.0,,,72.0,80.0,10.0,10.0,10.0,110.0,40.0,100.0,100.0,,,,,,,,,,,,,187.997795,100.0,1.3,stalzone-database/ru/items/armor/combat/_variants/dmgjj/9.json
dmgjj,dmgjj,10,True,Лечебный «Комбат»,armor/combat,Сталкер,Боевые,RANK_STALKER,PERSONAL_ON_USE,9.0,100.0,100.0,94.76629,,,,,5.0,4.0,,,4.0,,50.0,,,72.0,80.0,10.0,10.0,10.0,110.0,40.0,100.0,100.0,,,,,,,,,,,,,194.76629,100.0,1.3,stalzone-database/ru/items/armor/combat/_variants/dmgjj/10.json
dmgjj,dmgjj,11,True,Лечебный «Комбат»,armor/combat,Сталкер,Боевые,RANK_STALKER,PERSONAL_ON_USE,9.0,100.0,100.0,98.15053,,,,,5.0,4.0,,,4.0,,50.0,,,72.0,80.0,10.0,10.0,10.0,110.0,40.0,100.0,100.0,,,,,,,,,,,,,198.15053,100.0,1.3,stalzone-database/ru/items/armor/combat/_variants/dmgjj/11.json
dmgjj,dmgjj,12,True,Лечебный «Комбат»,armor/combat,Сталкер,Боевые,RANK_STALKER,PERSONAL_ON_USE,9.0,100.0,100.0,101.534775,,,,,5.0,4.0,,,4.0,,50.0,,,72.0,80.0,10.0,10.0,10.0,110.0,40.0,100.0,100.0,,,,,,,,,,,,,201.534775,100.0,1.3,stalzone-database/ru/items/armor/combat/_variants/dmgjj/12.json
dmgjj,dmgjj,13,True,Лечебный «Комбат»,armor/combat,Сталкер,Боевые,RANK_STALKER,PERSONAL_ON_USE,9.0,100.0,100.0,104.91902,,,,,5.0,4.0,,,4.0,,50.0,,,72.0,80.0,10.0,10.0,10.0,110.0,40.0,100.0,100.0,,,,,,,,,,,,,204.91902,100.0,1.3,stalzone-database/ru/items/armor/combat/_variants/dmgjj/13.json
dmgjj,dmgjj,14,True,Лечебный «Комбат»,armor/combat,Сталкер,Боевые,RANK_STALKER,PERSONAL_ON_USE,9.0,100.0,100.0,108.30327,,,,,5.0,4.0,,,4.0,,50.0,,,72.0,80.0,10.0,10.0,10.0,110.0,40.0,100.0,100.0,,,,,,,,,,,,,208.30327,100.0,1.3,stalzone-database/ru/items/armor/combat/_variants/dmgjj/14.json
dmgjj,dmgjj,15,True,Лечебный «Комбат»,armor/combat,Сталкер,Боевые,RANK_STALKER,PERSONAL_ON_USE,9.0,100.0,100.0,118.456,,,,,5.0,4.0,,,4.0,,50.0,,,72.0,80.0,10.0,10.0,10.0,110.0,40.0,100.0,100.0,,,,,,,,,,,,,218.45600000000002,100.0,1.3,stalzone-database/ru/items/armor/combat/_variants/dmgjj/15.json
dmgqj,dmgqj,0,False,Охотничий плащ,armor/combat,Отмычка,Боевые,DEFAULT,PERSONAL_ON_USE,3.0,100.0,100.0,15.0,,,,,,,,,,,50.0,,,100.0,25.0,0.0,0.0,0.0,5.0,0.0,5.0,0.0,,,,,,,,,,,,,115.0,100.0,0.5,stalzone-database/ru/items/armor/combat/dmgqj.json
dmgqj,dmgqj,1,True,Охотничий плащ,armor/combat,Отмычка,Боевые,DEFAULT,PERSONAL_ON_USE,3.0,100.0,100.0,16.05183,,,,,,,,,,,50.0,,,100.0,25.0,0.0,0.0,0.0,5.0,0.0,5.0,0.0,,,,,,,,,,,,,116.05183,100.0,0.5,stalzone-database/ru/items/armor/combat/_variants/dmgqj/1.json
dmgqj,dmgqj,2,True,Охотничий плащ,armor/combat,Отмычка,Боевые,DEFAULT,PERSONAL_ON_USE,3.0,100.0,100.0,17.103659,,,,,,,,,,,50.0,,,100.0,25.0,0.0,0.0,0.0,5.0,0.0,5.0,0.0,,,,,,,,,,,,,117.103659,100.0,0.5,stalzone-database/ru/items/armor/combat/_variants/dmgqj/2.json
dmgqj,dmgqj,3,True,Охотничий плащ,armor/combat,Отмычка,Боевые,DEFAULT,PERSONAL_ON_USE,3.0,100.0,100.0,18.155489,,,,,,,,,,,50.0,,,100.0,25.0,0.0,0.0,0.0,5.0,0.0,5.0,0.0,,,,,,,,,,,,,118.155489,100.0,0.5,stalzone-database/ru/items/armor/combat/_variants/dmgqj/3.json
dmgqj,dmgqj,4,True,Охотничий плащ,armor/combat,Отмычка,Боевые,DEFAULT,PERSONAL_ON_USE,3.0,100.0,100.0,19.207317,,,,,,,,,,,50.0,,,100.0,25.0,0.0,0.0,0.0,5.0,0.0,5.0,0.0,,,,,,,,,,,,,119.207317,100.0,0.5,stalzone-database/ru/items/armor/combat/_variants/dmgqj/4.json
dmgqj,dmgqj,5,True,Охотничий плащ,armor/combat,Отмычка,Боевые,DEFAULT,PERSONAL_ON_USE,3.0,100.0,100.0,22.362803,,,,,,,,,,,50.0,,,100.0,25.0,0.0,0.0,0.0,5.0,0.0,5.0,0.0,,,,,,,,,,,,,122.362803,100.0,0.5,stalzone-database/ru/items/armor/combat/_variants/dmgqj/5.json
dmgqj,dmgqj,6,True,Охотничий плащ,armor/combat,Отмычка,Боевые,DEFAULT,PERSONAL_ON_USE,3.0,100.0,100.0,23.940546,,,,,,,,,,,50.0,,,100.0,25.0,0.0,0.0,0.0,5.0,0.0,5.0,0.0,,,,,,,,,,,,,123.940546,100.0,0.5,stalzone-database/ru/items/armor/combat/_variants/dmgqj/6.json
dmgqj,dmgqj,7,True,Охотничий плащ,armor/combat,Отмычка,Боевые,DEFAULT,PERSONAL_ON_USE,3.0,100.0,100.0,25.518293,,,,,,,,,,,50.0,,,100.0,25.0,0.0,0.0,0.0,5.0,0.0,5.0,0.0,,,,,,,,,,,,,125.518293,100.0,0.5,stalzone-database/ru/items/armor/combat/_variants/dmgqj/7.json
dmgqj,dmgqj,8,True,Охотничий плащ,armor/combat,Отмычка,Боевые,DEFAULT,PERSONAL_ON_USE,3.0,100.0,100.0,27.096037,,,,,,,,,,,50.0,,,100.0,25.0,0.0,0.0,0.0,5.0,0.0,5.0,0.0,,,,,,,,,,,,,127.096037,100.0,0.5,stalzone-database/ru/items/armor/combat/_variants/dmgqj/8.json
dmgqj,dmgqj,9,True,Охотничий плащ,armor/combat,Отмычка,Боевые,DEFAULT,PERSONAL_ON_USE,3.0,100.0,100.0,28.673779,,,,,,,,,,,50.0,,,100.0,25.0,0.0,0.0,0.0,5.0,0.0,5.0,0.0,,,,,,,,,,,,,128.673779,100.0,0.5,stalzone-database/ru/items/armor/combat/_variants/dmgqj/9.json
dmgqj,dmgqj,10,True,Охотничий плащ,armor/combat,Отмычка,Боевые,DEFAULT,PERSONAL_ON_USE,3.0,100.0,100.0,30.0,,,,,,,,,,,50.0,,,100.0,25.0,0.0,0.0,0.0,5.0,0.0,5.0,0.0,,,,,,,,,,,,,130.0,100.0,0.5,stalzone-database/ru/items/armor/combat/_variants/dmgqj/10.json
dmgqj,dmgqj,11,True,Охотничий плащ,armor/combat,Отмычка,Боевые,DEFAULT,PERSONAL_ON_USE,3.0,100.0,100.0,30.0,,,,,,,,,,,50.0,,,100.0,25.0,0.0,0.0,0.0,5.0,0.0,5.0,0.0,,,,,,,,,,,,,130.0,100.0,0.5,stalzone-database/ru/items/armor/combat/_variants/dmgqj/11.json
dmgqj,dmgqj,12,True,Охотничий плащ,armor/combat,Отмычка,Боевые,DEFAULT,PERSONAL_ON_USE,3.0,100.0,100.0,30.0,,,,,,,,,,,50.0,,,100.0,25.0,0.0,0.0,0.0,5.0,0.0,5.0,0.0,,,,,,,,,,,,,130.0,100.0,0.5,stalzone-database/ru/items/armor/combat/_variants/dmgqj/12.json
dmgqj,dmgqj,13,True,Охотничий плащ,armor/combat,Отмычка,Боевые,DEFAULT,PERSONAL_ON_USE,3.0,100.0,100.0,30.0,,,,,,,,,,,50.0,,,100.0,25.0,0.0,0.0,0.0,5.0,0.0,5.0,0.0,,,,,,,,,,,,,130.0,100.0,0.5,stalzone-database/ru/items/armor/combat/_variants/dmgqj/13.json
dmgqj,dmgqj,14,True,Охотничий плащ,armor/combat,Отмычка,Боевые,DEFAULT,PERSONAL_ON_USE,3.0,100.0,100.0,30.0,,,,,,,,,,,50.0,,,100.0,25.0,0.0,0.0,0.0,5.0,0.0,5.0,0.0,,,,,,,,,,,,,130.0,100.0,0.5,stalzone-database/ru/items/armor/combat/_variants/dmgqj/14.json
dmgqj,dmgqj,15,True,Охотничий плащ,armor/combat,Отмычка,Боевые,DEFAULT,PERSONAL_ON_USE,3.0,100.0,100.0,30.0,,,,,,,,,,,50.0,,,100.0,25.0,0.0,0.0,0.0,5.0,0.0,5.0,0.0,,,,,,,,,,,,,130.0,100.0,0.5,stalzone-database/ru/items/armor/combat/_variants/dmgqj/15.json
dmgvj,dmgvj,0,False,Бронекостюм «Ош»,armor/combat,Ветеран,Боевые,RANK_VETERAN,PERSONAL_ON_USE,8.0,100.0,100.0,133.0,,,,25.0,,,,,25.0,,70.0,,,219.0,100.0,30.0,30.0,30.0,190.0,80.0,190.0,110.0,,25.0,,,,,,,,,,,233.0,100.0,0.5,stalzone-database/ru/items/armor/combat/dmgvj.json
dmgvj,dmgvj,1,True,Бронекостюм «Ош»,armor/combat,Ветеран,Боевые,RANK_VETERAN,PERSONAL_ON_USE,8.0,100.0,100.0,135.13287,,,,25.0,,,,,25.0,,70.0,,,219.0,100.0,30.0,30.0,30.0,190.0,80.0,190.0,110.0,,25.0,,,,,,,,,,,235.13287,100.0,0.5,stalzone-database/ru/items/armor/combat/_variants/dmgvj/1.json
dmgvj,dmgvj,2,True,Бронекостюм «Ош»,armor/combat,Ветеран,Боевые,RANK_VETERAN,PERSONAL_ON_USE,8.0,100.0,100.0,137.26573,,,,25.0,,,,,25.0,,70.0,,,219.0,100.0,30.0,30.0,30.0,190.0,80.0,190.0,110.0,,25.0,,,,,,,,,,,237.26573,100.0,0.5,stalzone-database/ru/items/armor/combat/_variants/dmgvj/2.json
dmgvj,dmgvj,3,True,Бронекостюм «Ош»,armor/combat,Ветеран,Боевые,RANK_VETERAN,PERSONAL_ON_USE,8.0,100.0,100.0,139.3986,,,,25.0,,,,,25.0,,70.0,,,219.0,100.0,30.0,30.0,30.0,190.0,80.0,190.0,110.0,,25.0,,,,,,,,,,,239.39860000000002,100.0,0.5,stalzone-database/ru/items/armor/combat/_variants/dmgvj/3.json
dmgvj,dmgvj,4,True,Бронекостюм «Ош»,armor/combat,Ветеран,Боевые,RANK_VETERAN,PERSONAL_ON_USE,8.0,100.0,100.0,141.53145,,,,25.0,,,,,25.0,,70.0,,,219.0,100.0,30.0,30.0,30.0,190.0,80.0,190.0,110.0,,25.0,,,,,,,,,,,241.53145,100.0,0.5,stalzone-database/ru/items/armor/combat/_variants/dmgvj/4.json
dmgvj,dmgvj,5,True,Бронекостюм «Ош»,armor/combat,Ветеран,Боевые,RANK_VETERAN,PERSONAL_ON_USE,8.0,100.0,100.0,147.93005,,,,25.0,,,,,25.0,,70.0,,,219.0,100.0,30.0,30.0,30.0,190.0,80.0,190.0,110.0,,25.0,,,,,,,,,,,247.93005000000002,100.0,0.5,stalzone-database/ru/items/armor/combat/_variants/dmgvj/5.json
dmgvj,dmgvj,6,True,Бронекостюм «Ош»,armor/combat,Ветеран,Боевые,RANK_VETERAN,PERSONAL_ON_USE,8.0,100.0,100.0,151.12935,,,,25.0,,,,,25.0,,70.0,,,219.0,100.0,30.0,30.0,30.0,190.0,80.0,190.0,110.0,,25.0,,,,,,,,,,,251.12935,100.0,0.5,stalzone-database/ru/items/armor/combat/_variants/dmgvj/6.json
dmgvj,dmgvj,7,True,Бронекостюм «Ош»,armor/combat,Ветеран,Боевые,RANK_VETERAN,PERSONAL_ON_USE,8.0,100.0,100.0,154.32866,,,,25.0,,,,,25.0,,70.0,,,219.0,100.0,30.0,30.0,30.0,190.0,80.0,190.0,110.0,,25.0,,,,,,,,,,,254.32866,100.0,0.5,stalzone-database/ru/items/armor/combat/_variants/dmgvj/7.json
dmgvj,dmgvj,8,True,Бронекостюм «Ош»,armor/combat,Ветеран,Боевые,RANK_VETERAN,PERSONAL_ON_USE,8.0,100.0,100.0,157.52795,,,,25.0,,,,,25.0,,70.0,,,219.0,100.0,30.0,30.0,30.0,190.0,80.0,190.0,110.0,,25.0,,,,,,,,,,,257.52795000000003,100.0,0.5,stalzone-database/ru/items/armor/combat/_variants/dmgvj/8.json
dmgvj,dmgvj,9,True,Бронекостюм «Ош»,armor/combat,Ветеран,Боевые,RANK_VETERAN,PERSONAL_ON_USE,8.0,100.0,100.0,160.72725,,,,25.0,,,,,25.0,,70.0,,,219.0,100.0,30.0,30.0,30.0,190.0,80.0,190.0,110.0,,25.0,,,,,,,,,,,260.72725,100.0,0.5,stalzone-database/ru/items/armor/combat/_variants/dmgvj/9.json
dmgvj,dmgvj,10,True,Бронекостюм «Ош»,armor/combat,Ветеран,Боевые,RANK_VETERAN,PERSONAL_ON_USE,8.0,100.0,100.0,170.11186,,,,25.0,,,,,25.0,,70.0,,,219.0,100.0,30.0,30.0,30.0,190.0,80.0,190.0,110.0,,25.0,,,,,,,,,,,270.11186,100.0,0.5,stalzone-database/ru/items/armor/combat/_variants/dmgvj/10.json
dmgvj,dmgvj,11,True,Бронекостюм «Ош»,armor/combat,Ветеран,Боевые,RANK_VETERAN,PERSONAL_ON_USE,8.0,100.0,100.0,174.80415,,,,25.0,,,,,25.0,,70.0,,,219.0,100.0,30.0,30.0,30.0,190.0,80.0,190.0,110.0,,25.0,,,,,,,,,,,274.80415,100.0,0.5,stalzone-database/ru/items/armor/combat/_variants/dmgvj/11.json
dmgvj,dmgvj,12,True,Бронекостюм «Ош»,armor/combat,Ветеран,Боевые,RANK_VETERAN,PERSONAL_ON_USE,8.0,100.0,100.0,179.49648,,,,25.0,,,,,25.0,,70.0,,,219.0,100.0,30.0,30.0,30.0,190.0,80.0,190.0,110.0,,25.0,,,,,,,,,,,279.49648,100.0,0.5,stalzone-database/ru/items/armor/combat/_variants/dmgvj/12.json
dmgvj,dmgvj,13,True,Бронекостюм «Ош»,armor/combat,Ветеран,Боевые,RANK_VETERAN,PERSONAL_ON_USE,8.0,100.0,100.0,184.18878,,,,25.0,,,,,25.0,,70.0,,,219.0,100.0,30.0,30.0,30.0,190.0,80.0,190.0,110.0,,25.0,,,,,,,,,,,284.18878,100.0,0.5,stalzone-database/ru/items/armor/combat/_variants/dmgvj/13.json
dmgvj,dmgvj,14,True,Бронекостюм «Ош»,armor/combat,Ветеран,Боевые,RANK_VETERAN,PERSONAL_ON_USE,8.0,100.0,100.0,188.88109,,,,25.0,,,,,25.0,,70.0,,,219.0,100.0,30.0,30.0,30.0,190.0,80.0,190.0,110.0,,25.0,,,,,,,,,,,288.88109,100.0,0.5,stalzone-database/ru/items/armor/combat/_variants/dmgvj/14.json
dmgvj,dmgvj,15,True,Бронекостюм «Ош»,armor/combat,Ветеран,Боевые,RANK_VETERAN,PERSONAL_ON_USE,8.0,100.0,100.0,202.95801,,,,25.0,,,,,25.0,,70.0,,,219.0,100.0,30.0,30.0,30.0,190.0,80.0,190.0,110.0,,25.0,,,,,,,,,,,302.95801,100.0,0.5,stalzone-database/ru/items/armor/combat/_variants/dmgvj/15.json
dmgw2,dmgw2,0,False,Маскировочный костюм,armor/combat,Новичок,Боевые,RANK_NEWBIE,PERSONAL_ON_USE,9.0,100.0,100.0,68.0,,4.0,,,,,,,5.0,,40.0,,,76.0,82.0,20.0,20.0,20.0,140.0,20.0,70.0,40.0,,,,,,,,,,,,,168.0,104.0,0.5,stalzone-database/ru/items/armor/combat/dmgw2.json
dmgw2,dmgw2,1,True,Маскировочный костюм,armor/combat,Новичок,Боевые,RANK_NEWBIE,PERSONAL_ON_USE,9.0,100.0,100.0,69.53829,,4.0,,,,,,,5.0,,40.0,,,76.0,82.0,20.0,20.0,20.0,140.0,20.0,70.0,40.0,,,,,,,,,,,,,169.53829000000002,104.0,0.5,stalzone-database/ru/items/armor/combat/_variants/dmgw2/1.json
dmgw2,dmgw2,2,True,Маскировочный костюм,armor/combat,Новичок,Боевые,RANK_NEWBIE,PERSONAL_ON_USE,9.0,100.0,100.0,71.076584,,4.0,,,,,,,5.0,,40.0,,,76.0,82.0,20.0,20.0,20.0,140.0,20.0,70.0,40.0,,,,,,,,,,,,,171.076584,104.0,0.5,stalzone-database/ru/items/armor/combat/_variants/dmgw2/2.json
dmgw2,dmgw2,3,True,Маскировочный костюм,armor/combat,Новичок,Боевые,RANK_NEWBIE,PERSONAL_ON_USE,9.0,100.0,100.0,72.614876,,4.0,,,,,,,5.0,,40.0,,,76.0,82.0,20.0,20.0,20.0,140.0,20.0,70.0,40.0,,,,,,,,,,,,,172.61487599999998,104.0,0.5,stalzone-database/ru/items/armor/combat/_variants/dmgw2/3.json
dmgw2,dmgw2,4,True,Маскировочный костюм,armor/combat,Новичок,Боевые,RANK_NEWBIE,PERSONAL_ON_USE,9.0,100.0,100.0,74.153175,,4.0,,,,,,,5.0,,40.0,,,76.0,82.0,20.0,20.0,20.0,140.0,20.0,70.0,40.0,,,,,,,,,,,,,174.153175,104.0,0.5,stalzone-database/ru/items/armor/combat/_variants/dmgw2/4.json
dmgw2,dmgw2,5,True,Маскировочный костюм,armor/combat,Новичок,Боевые,RANK_NEWBIE,PERSONAL_ON_USE,9.0,100.0,100.0,78.76804,,4.0,,,,,,,5.0,,40.0,,,76.0,82.0,20.0,20.0,20.0,140.0,20.0,70.0,40.0,,,,,,,,,,,,,178.76804,104.0,0.5,stalzone-database/ru/items/armor/combat/_variants/dmgw2/5.json
dmgw2,dmgw2,6,True,Маскировочный костюм,armor/combat,Новичок,Боевые,RANK_NEWBIE,PERSONAL_ON_USE,9.0,100.0,100.0,81.075485,,4.0,,,,,,,5.0,,40.0,,,76.0,82.0,20.0,20.0,20.0,140.0,20.0,70.0,40.0,,,,,,,,,,,,,181.07548500000001,104.0,0.5,stalzone-database/ru/items/armor/combat/_variants/dmgw2/6.json
dmgw2,dmgw2,7,True,Маскировочный костюм,armor/combat,Новичок,Боевые,RANK_NEWBIE,PERSONAL_ON_USE,9.0,100.0,100.0,83.38292,,4.0,,,,,,,5.0,,40.0,,,76.0,82.0,20.0,20.0,20.0,140.0,20.0,70.0,40.0,,,,,,,,,,,,,183.38292,104.0,0.5,stalzone-database/ru/items/armor/combat/_variants/dmgw2/7.json
dmgw2,dmgw2,8,True,Маскировочный костюм,armor/combat,Новичок,Боевые,RANK_NEWBIE,PERSONAL_ON_USE,9.0,100.0,100.0,85.69036,,4.0,,,,,,,5.0,,40.0,,,76.0,82.0,20.0,20.0,20.0,140.0,20.0,70.0,40.0,,,,,,,,,,,,,185.69036,104.0,0.5,stalzone-database/ru/items/armor/combat/_variants/dmgw2/8.json
dmgw2,dmgw2,9,True,Маскировочный костюм,armor/combat,Новичок,Боевые,RANK_NEWBIE,PERSONAL_ON_USE,9.0,100.0,100.0,87.997795,,4.0,,,,,,,5.0,,40.0,,,76.0,82.0,20.0,20.0,20.0,140.0,20.0,70.0,40.0,,,,,,,,,,,,,187.997795,104.0,0.5,stalzone-database/ru/items/armor/combat/_variants/dmgw2/9.json
dmgw2,dmgw2,10,True,Маскировочный костюм,armor/combat,Новичок,Боевые,RANK_NEWBIE,PERSONAL_ON_USE,9.0,100.0,100.0,94.76629,,4.0,,,,,,,5.0,,40.0,,,76.0,82.0,20.0,20.0,20.0,140.0,20.0,70.0,40.0,,,,,,,,,,,,,194.76629,104.0,0.5,stalzone-database/ru/items/armor/combat/_variants/dmgw2/10.json
dmgw2,dmgw2,11,True,Маскировочный костюм,armor/combat,Новичок,Боевые,RANK_NEWBIE,PERSONAL_ON_USE,9.0,100.0,100.0,98.15053,,4.0,,,,,,,5.0,,40.0,,,76.0,82.0,20.0,20.0,20.0,140.0,20.0,70.0,40.0,,,,,,,,,,,,,198.15053,104.0,0.5,stalzone-database/ru/items/armor/combat/_variants/dmgw2/11.json
dmgw2,dmgw2,12,True,Маскировочный костюм,armor/combat,Новичок,Боевые,RANK_NEWBIE,PERSONAL_ON_USE,9.0,100.0,100.0,101.534775,,4.0,,,,,,,5.0,,40.0,,,76.0,82.0,20.0,20.0,20.0,140.0,20.0,70.0,40.0,,,,,,,,,,,,,201.534775,104.0,0.5,stalzone-database/ru/items/armor/combat/_variants/dmgw2/12.json
dmgw2,dmgw2,13,True,Маскировочный костюм,armor/combat,Новичок,Боевые,RANK_NEWBIE,PERSONAL_ON_USE,9.0,100.0,100.0,104.91902,,4.0,,,,,,,5.0,,40.0,,,76.0,82.0,20.0,20.0,20.0,140.0,20.0,70.0,40.0,,,,,,,,,,,,,204.91902,104.0,0.5,stalzone-database/ru/items/armor/combat/_variants/dmgw2/13.json
dmgw2,dmgw2,14,True,Маскировочный костюм,armor/combat,Новичок,Боевые,RANK_NEWBIE,PERSONAL_ON_USE,9.0,100.0,100.0,108.30327,,4.0,,,,,,,5.0,,40.0,,,76.0,82.0,20.0,20.0,20.0,140.0,20.0,70.0,40.0,,,,,,,,,,,,,208.30327,104.0,0.5,stalzone-database/ru/items/armor/combat/_variants/dmgw2/14.json
dmgw2,dmgw2,15,True,Маскировочный костюм,armor/combat,Новичок,Боевые,RANK_NEWBIE,PERSONAL_ON_USE,9.0,100.0,100.0,118.456,,4.0,,,,,,,5.0,,40.0,,,76.0,82.0,20.0,20.0,20.0,140.0,20.0,70.0,40.0,,,,,,,,,,,,,218.45600000000002,104.0,0.5,stalzone-database/ru/items/armor/combat/_variants/dmgw2/15.json
g4310,g4310,0,False,Сверхтяжелый бронекостюм «Вождь»,armor/combat,Мастер,Боевые,RANK_MASTER,PERSONAL_ON_USE,65.0,100.0,100.0,282.0,,-10.0,,-30.0,,,,,15.0,,60.0,,,232.0,420.0,50.0,50.0,50.0,200.0,100.0,200.0,200.0,,50.0,,,,,,,,,,,382.0,90.0,0.5,stalzone-database/ru/items/armor/combat/g4310.json
g4310,g4310,1,True,Сверхтяжелый бронекостюм «Вождь»,armor/combat,Мастер,Боевые,RANK_MASTER,PERSONAL_ON_USE,65.0,100.0,100.0,285.4992,,-10.0,,-30.0,,,,,15.0,,60.0,,,232.0,420.0,50.0,50.0,50.0,200.0,100.0,200.0,200.0,,50.0,,,,,,,,,,,385.4992,90.0,0.5,stalzone-database/ru/items/armor/combat/_variants/g4310/1.json
g4310,g4310,2,True,Сверхтяжелый бронекостюм «Вождь»,armor/combat,Мастер,Боевые,RANK_MASTER,PERSONAL_ON_USE,65.0,100.0,100.0,288.9984,,-10.0,,-30.0,,,,,15.0,,60.0,,,232.0,420.0,50.0,50.0,50.0,200.0,100.0,200.0,200.0,,50.0,,,,,,,,,,,388.99840000000006,90.0,0.5,stalzone-database/ru/items/armor/combat/_variants/g4310/2.json
g4310,g4310,3,True,Сверхтяжелый бронекостюм «Вождь»,armor/combat,Мастер,Боевые,RANK_MASTER,PERSONAL_ON_USE,65.0,100.0,100.0,292.49762,,-10.0,,-30.0,,,,,15.0,,60.0,,,232.0,420.0,50.0,50.0,50.0,200.0,100.0,200.0,200.0,,50.0,,,,,,,,,,,392.4976199999999,90.0,0.5,stalzone-database/ru/items/armor/combat/_variants/g4310/3.json
g4310,g4310,4,True,Сверхтяжелый бронекостюм «Вождь»,armor/combat,Мастер,Боевые,RANK_MASTER,PERSONAL_ON_USE,65.0,100.0,100.0,295.99683,,-10.0,,-30.0,,,,,15.0,,60.0,,,232.0,420.0,50.0,50.0,50.0,200.0,100.0,200.0,200.0,,50.0,,,,,,,,,,,395.99683,90.0,0.5,stalzone-database/ru/items/armor/combat/_variants/g4310/4.json
g4310,g4310,5,True,Сверхтяжелый бронекостюм «Вождь»,armor/combat,Мастер,Боевые,RANK_MASTER,PERSONAL_ON_USE,65.0,100.0,100.0,306.49445,,-10.0,,-30.0,,,,,15.0,,60.0,,,232.0,420.0,50.0,50.0,50.0,200.0,100.0,200.0,200.0,,50.0,,,,,,,,,,,406.49445,90.0,0.5,stalzone-database/ru/items/armor/combat/_variants/g4310/5.json
g4310,g4310,6,True,Сверхтяжелый бронекостюм «Вождь»,armor/combat,Мастер,Боевые,RANK_MASTER,PERSONAL_ON_USE,65.0,100.0,100.0,311.74326,,-10.0,,-30.0,,,,,15.0,,60.0,,,232.0,420.0,50.0,50.0,50.0,200.0,100.0,200.0,200.0,,50.0,,,,,,,,,,,411.74326,90.0,0.5,stalzone-database/ru/items/armor/combat/_variants/g4310/6.json
g4310,g4310,7,True,Сверхтяжелый бронекостюм «Вождь»,armor/combat,Мастер,Боевые,RANK_MASTER,PERSONAL_ON_USE,65.0,100.0,100.0,316.99207,,-10.0,,-30.0,,,,,15.0,,60.0,,,232.0,420.0,50.0,50.0,50.0,200.0,100.0,200.0,200.0,,50.0,,,,,,,,,,,416.99207,90.0,0.5,stalzone-database/ru/items/armor/combat/_variants/g4310/7.json
g4310,g4310,8,True,Сверхтяжелый бронекостюм «Вождь»,armor/combat,Мастер,Боевые,RANK_MASTER,PERSONAL_ON_USE,65.0,100.0,100.0,322.24088,,-10.0,,-30.0,,,,,15.0,,60.0,,,232.0,420.0,50.0,50.0,50.0,200.0,100.0,200.0,200.0,,50.0,,,,,,,,,,,422.24088000000006,90.0,0.5,stalzone-database/ru/items/armor/combat/_variants/g4310/8.json
g4310,g4310,9,True,Сверхтяжелый бронекостюм «Вождь»,armor/combat,Мастер,Боевые,RANK_MASTER,PERSONAL_ON_USE,65.0,100.0,100.0,327.4897,,-10.0,,-30.0,,,,,15.0,,60.0,,,232.0,420.0,50.0,50.0,50.0,200.0,100.0,200.0,200.0,,50.0,,,,,,,,,,,427.4897,90.0,0.5,stalzone-database/ru/items/armor/combat/_variants/g4310/9.json
g4310,g4310,10,True,Сверхтяжелый бронекостюм «Вождь»,armor/combat,Мастер,Боевые,RANK_MASTER,PERSONAL_ON_USE,65.0,100.0,100.0,342.8862,,-10.0,,-30.0,,,,,15.0,,60.0,,,232.0,420.0,50.0,50.0,50.0,200.0,100.0,200.0,200.0,,50.0,,,,,,,,,,,442.8862,90.0,0.5,stalzone-database/ru/items/armor/combat/_variants/g4310/10.json
g4310,g4310,11,True,Сверхтяжелый бронекостюм «Вождь»,armor/combat,Мастер,Боевые,RANK_MASTER,PERSONAL_ON_USE,65.0,100.0,100.0,350.58447,,-10.0,,-30.0,,,,,15.0,,60.0,,,232.0,420.0,50.0,50.0,50.0,200.0,100.0,200.0,200.0,,50.0,,,,,,,,,,,450.58447,90.0,0.5,stalzone-database/ru/items/armor/combat/_variants/g4310/11.json
g4310,g4310,12,True,Сверхтяжелый бронекостюм «Вождь»,armor/combat,Мастер,Боевые,RANK_MASTER,PERSONAL_ON_USE,65.0,100.0,100.0,358.28275,,-10.0,,-30.0,,,,,15.0,,60.0,,,232.0,420.0,50.0,50.0,50.0,200.0,100.0,200.0,200.0,,50.0,,,,,,,,,,,458.28275,90.0,0.5,stalzone-database/ru/items/armor/combat/_variants/g4310/12.json
g4310,g4310,13,True,Сверхтяжелый бронекостюм «Вождь»,armor/combat,Мастер,Боевые,RANK_MASTER,PERSONAL_ON_USE,65.0,100.0,100.0,365.98096,,-10.0,,-30.0,,,,,15.0,,60.0,,,232.0,420.0,50.0,50.0,50.0,200.0,100.0,200.0,200.0,,50.0,,,,,,,,,,,465.98096,90.0,0.5,stalzone-database/ru/items/armor/combat/_variants/g4310/13.json
g4310,g4310,14,True,Сверхтяжелый бронекостюм «Вождь»,armor/combat,Мастер,Боевые,RANK_MASTER,PERSONAL_ON_USE,65.0,100.0,100.0,373.67923,,-10.0,,-30.0,,,,,15.0,,60.0,,,232.0,420.0,50.0,50.0,50.0,200.0,100.0,200.0,200.0,,50.0,,,,,,,,,,,473.67923,90.0,0.5,stalzone-database/ru/items/armor/combat/_variants/g4310/14.json
g4310,g4310,15,True,Сверхтяжелый бронекостюм «Вождь»,armor/combat,Мастер,Боевые,RANK_MASTER,PERSONAL_ON_USE,65.0,100.0,100.0,396.77402,,-10.0,,-30.0,,,,,15.0,,60.0,,,232.0,420.0,50.0,50.0,50.0,200.0,100.0,200.0,200.0,,50.0,,,,,,,,,,,496.77402,90.0,0.5,stalzone-database/ru/items/armor/combat/_variants/g4310/15.json
g434p,g434p,0,False,Комбинезон «Ковчег»,armor/scientist,Мастер,Научные,RANK_MASTER,PERSONAL_ON_USE,17.0,100.0,100.0,203.0,,-4.0,,,,,,,13.0,,40.0,,,164.0,109.0,900.0,900.0,900.0,400.0,400.0,400.0,400.0,,,,,,,,,,,,,303.0,96.0,0.5,stalzone-database/ru/items/armor/scientist/g434p.json
g434p,g434p,1,True,Комбинезон «Ковчег»,armor/scientist,Мастер,Научные,RANK_MASTER,PERSONAL_ON_USE,17.0,100.0,100.0,205.82838,,-4.0,,,,,,,13.0,,40.0,,,164.0,109.0,900.0,900.0,900.0,400.0,400.0,400.0,400.0,,,,,,,,,,,,,305.82838000000004,96.0,0.5,stalzone-database/ru/items/armor/scientist/_variants/g434p/1.json
g434p,g434p,2,True,Комбинезон «Ковчег»,armor/scientist,Мастер,Научные,RANK_MASTER,PERSONAL_ON_USE,17.0,100.0,100.0,208.65677,,-4.0,,,,,,,13.0,,40.0,,,164.0,109.0,900.0,900.0,900.0,400.0,400.0,400.0,400.0,,,,,,,,,,,,,308.65677,96.0,0.5,stalzone-database/ru/items/armor/scientist/_variants/g434p/2.json
g434p,g434p,3,True,Комбинезон «Ковчег»,armor/scientist,Мастер,Научные,RANK_MASTER,PERSONAL_ON_USE,17.0,100.0,100.0,211.48517,,-4.0,,,,,,,13.0,,40.0,,,164.0,109.0,900.0,900.0,900.0,400.0,400.0,400.0,400.0,,,,,,,,,,,,,311.48517000000004,96.0,0.5,stalzone-database/ru/items/armor/scientist/_variants/g434p/3.json
g434p,g434p,4,True,Комбинезон «Ковчег»,armor/scientist,Мастер,Научные,RANK_MASTER,PERSONAL_ON_USE,17.0,100.0,100.0,214.31352,,-4.0,,,,,,,13.0,,40.0,,,164.0,109.0,900.0,900.0,900.0,400.0,400.0,400.0,400.0,,,,,,,,,,,,,314.31352000000004,96.0,0.5,stalzone-database/ru/items/armor/scientist/_variants/g434p/4.json
g434p,g434p,5,True,Комбинезон «Ковчег»,armor/scientist,Мастер,Научные,RANK_MASTER,PERSONAL_ON_USE,17.0,100.0,100.0,222.79869,,-4.0,,,,,,,13.0,,40.0,,,164.0,109.0,900.0,900.0,900.0,400.0,400.0,400.0,400.0,,,,,,,,,,,,,322.79868999999997,96.0,0.5,stalzone-database/ru/items/armor/scientist/_variants/g434p/5.json
g434p,g434p,6,True,Комбинезон «Ковчег»,armor/scientist,Мастер,Научные,RANK_MASTER,PERSONAL_ON_USE,17.0,100.0,100.0,227.04128,,-4.0,,,,,,,13.0,,40.0,,,164.0,109.0,900.0,900.0,900.0,400.0,400.0,400.0,400.0,,,,,,,,,,,,,327.04128000000003,96.0,0.5,stalzone-database/ru/items/armor/scientist/_variants/g434p/6.json
g434p,g434p,7,True,Комбинезон «Ковчег»,armor/scientist,Мастер,Научные,RANK_MASTER,PERSONAL_ON_USE,17.0,100.0,100.0,231.28383,,-4.0,,,,,,,13.0,,40.0,,,164.0,109.0,900.0,900.0,900.0,400.0,400.0,400.0,400.0,,,,,,,,,,,,,331.28382999999997,96.0,0.5,stalzone-database/ru/items/armor/scientist/_variants/g434p/7.json
g434p,g434p,8,True,Комбинезон «Ковчег»,armor/scientist,Мастер,Научные,RANK_MASTER,PERSONAL_ON_USE,17.0,100.0,100.0,235.52641,,-4.0,,,,,,,13.0,,40.0,,,164.0,109.0,900.0,900.0,900.0,400.0,400.0,400.0,400.0,,,,,,,,,,,,,335.52641000000006,96.0,0.5,stalzone-database/ru/items/armor/scientist/_variants/g434p/8.json
g434p,g434p,9,True,Комбинезон «Ковчег»,armor/scientist,Мастер,Научные,RANK_MASTER,PERSONAL_ON_USE,17.0,100.0,100.0,239.76898,,-4.0,,,,,,,13.0,,40.0,,,164.0,109.0,900.0,900.0,900.0,400.0,400.0,400.0,400.0,,,,,,,,,,,,,339.76898,96.0,0.5,stalzone-database/ru/items/armor/scientist/_variants/g434p/9.json
g434p,g434p,10,True,Комбинезон «Ковчег»,armor/scientist,Мастер,Научные,RANK_MASTER,PERSONAL_ON_USE,17.0,100.0,100.0,252.21387,,-4.0,,,,,,,13.0,,40.0,,,164.0,109.0,900.0,900.0,900.0,400.0,400.0,400.0,400.0,,,,,,,,,,,,,352.21386999999993,96.0,0.5,stalzone-database/ru/items/armor/scientist/_variants/g434p/10.json
g434p,g434p,11,True,Комбинезон «Ковчег»,armor/scientist,Мастер,Научные,RANK_MASTER,PERSONAL_ON_USE,17.0,100.0,100.0,258.43634,,-4.0,,,,,,,13.0,,40.0,,,164.0,109.0,900.0,900.0,900.0,400.0,400.0,400.0,400.0,,,,,,,,,,,,,358.43634,96.0,0.5,stalzone-database/ru/items/armor/scientist/_variants/g434p/11.json
g434p,g434p,12,True,Комбинезон «Ковчег»,armor/scientist,Мастер,Научные,RANK_MASTER,PERSONAL_ON_USE,17.0,100.0,100.0,264.65875,,-4.0,,,,,,,13.0,,40.0,,,164.0,109.0,900.0,900.0,900.0,400.0,400.0,400.0,400.0,,,,,,,,,,,,,364.65875,96.0,0.5,stalzone-database/ru/items/armor/scientist/_variants/g434p/12.json
g434p,g434p,13,True,Комбинезон «Ковчег»,armor/scientist,Мастер,Научные,RANK_MASTER,PERSONAL_ON_USE,17.0,100.0,100.0,270.88123,,-4.0,,,,,,,13.0,,40.0,,,164.0,109.0,900.0,900.0,900.0,400.0,400.0,400.0,400.0,,,,,,,,,,,,,370.88123,96.0,0.5,stalzone-database/ru/items/armor/scientist/_variants/g434p/13.json
g434p,g434p,14,True,Комбинезон «Ковчег»,armor/scientist,Мастер,Научные,RANK_MASTER,PERSONAL_ON_USE,17.0,100.0,100.0,277.10367,,-4.0,,,,,,,13.0,,40.0,,,164.0,109.0,900.0,900.0,900.0,400.0,400.0,400.0,400.0,,,,,,,,,,,,,377.1036700000001,96.0,0.5,stalzone-database/ru/items/armor/scientist/_variants/g434p/14.json
g434p,g434p,15,True,Комбинезон «Ковчег»,armor/scientist,Мастер,Научные,RANK_MASTER,PERSONAL_ON_USE,17.0,100.0,100.0,295.771,,-4.0,,,,,,,13.0,,40.0,,,164.0,109.0,900.0,900.0,900.0,400.0,400.0,400.0,400.0,,,,,,,,,,,,,395.77099999999996,96.0,0.5,stalzone-database/ru/items/armor/scientist/_variants/g434p/15.json
g43k0,g43k0,0,False,Экзоброня «Мул»,armor/combat,Мастер,Боевые,RANK_MASTER,PERSONAL_ON_USE,35.0,100.0,100.0,227.0,,,,,,,,,45.0,,45.0,,,213.0,180.0,100.0,100.0,100.0,240.0,120.0,240.0,220.0,,,,,,,,,,,,,327.0,100.0,0.5,stalzone-database/ru/items/armor/combat/g43k0.json
g43k0,g43k0,1,True,Экзоброня «Мул»,armor/combat,Мастер,Боевые,RANK_MASTER,PERSONAL_ON_USE,35.0,100.0,100.0,229.99667,,,,,,,,,45.0,,45.0,,,213.0,180.0,100.0,100.0,100.0,240.0,120.0,240.0,220.0,,,,,,,,,,,,,329.99667,100.0,0.5,stalzone-database/ru/items/armor/combat/_variants/g43k0/1.json
g43k0,g43k0,2,True,Экзоброня «Мул»,armor/combat,Мастер,Боевые,RANK_MASTER,PERSONAL_ON_USE,35.0,100.0,100.0,232.99336,,,,,,,,,45.0,,45.0,,,213.0,180.0,100.0,100.0,100.0,240.0,120.0,240.0,220.0,,,,,,,,,,,,,332.99336000000005,100.0,0.5,stalzone-database/ru/items/armor/combat/_variants/g43k0/2.json
g43k0,g43k0,3,True,Экзоброня «Мул»,armor/combat,Мастер,Боевые,RANK_MASTER,PERSONAL_ON_USE,35.0,100.0,100.0,235.99004,,,,,,,,,45.0,,45.0,,,213.0,180.0,100.0,100.0,100.0,240.0,120.0,240.0,220.0,,,,,,,,,,,,,335.99004,100.0,0.5,stalzone-database/ru/items/armor/combat/_variants/g43k0/3.json
g43k0,g43k0,4,True,Экзоброня «Мул»,armor/combat,Мастер,Боевые,RANK_MASTER,PERSONAL_ON_USE,35.0,100.0,100.0,238.9867,,,,,,,,,45.0,,45.0,,,213.0,180.0,100.0,100.0,100.0,240.0,120.0,240.0,220.0,,,,,,,,,,,,,338.98670000000004,100.0,0.5,stalzone-database/ru/items/armor/combat/_variants/g43k0/4.json
g43k0,g43k0,5,True,Экзоброня «Мул»,armor/combat,Мастер,Боевые,RANK_MASTER,PERSONAL_ON_USE,35.0,100.0,100.0,247.97675,,,,,,,,,45.0,,45.0,,,213.0,180.0,100.0,100.0,100.0,240.0,120.0,240.0,220.0,,,,,,,,,,,,,347.97675000000004,100.0,0.5,stalzone-database/ru/items/armor/combat/_variants/g43k0/5.json
g43k0,g43k0,6,True,Экзоброня «Мул»,armor/combat,Мастер,Боевые,RANK_MASTER,PERSONAL_ON_USE,35.0,100.0,100.0,252.47176,,,,,,,,,45.0,,45.0,,,213.0,180.0,100.0,100.0,100.0,240.0,120.0,240.0,220.0,,,,,,,,,,,,,352.47176,100.0,0.5,stalzone-database/ru/items/armor/combat/_variants/g43k0/6.json
g43k0,g43k0,7,True,Экзоброня «Мул»,armor/combat,Мастер,Боевые,RANK_MASTER,PERSONAL_ON_USE,35.0,100.0,100.0,256.96677,,,,,,,,,45.0,,45.0,,,213.0,180.0,100.0,100.0,100.0,240.0,120.0,240.0,220.0,,,,,,,,,,,,,356.96676999999994,100.0,0.5,stalzone-database/ru/items/armor/combat/_variants/g43k0/7.json
g43k0,g43k0,8,True,Экзоброня «Мул»,armor/combat,Мастер,Боевые,RANK_MASTER,PERSONAL_ON_USE,35.0,100.0,100.0,261.46176,,,,,,,,,45.0,,45.0,,,213.0,180.0,100.0,100.0,100.0,240.0,120.0,240.0,220.0,,,,,,,,,,,,,361.46175999999997,100.0,0.5,stalzone-database/ru/items/armor/combat/_variants/g43k0/8.json
g43k0,g43k0,9,True,Экзоброня «Мул»,armor/combat,Мастер,Боевые,RANK_MASTER,PERSONAL_ON_USE,35.0,100.0,100.0,265.9568,,,,,,,,,45.0,,45.0,,,213.0,180.0,100.0,100.0,100.0,240.0,120.0,240.0,220.0,,,,,,,,,,,,,365.9568,100.0,0.5,stalzone-database/ru/items/armor/combat/_variants/g43k0/9.json
g43k0,g43k0,10,True,Экзоброня «Мул»,armor/combat,Мастер,Боевые,RANK_MASTER,PERSONAL_ON_USE,35.0,100.0,100.0,279.14215,,,,,,,,,45.0,,45.0,,,213.0,180.0,100.0,100.0,100.0,240.0,120.0,240.0,220.0,,,,,,,,,,,,,379.14215,100.0,0.5,stalzone-database/ru/items/armor/combat/_variants/g43k0/10.json
g43k0,g43k0,11,True,Экзоброня «Мул»,armor/combat,Мастер,Боевые,RANK_MASTER,PERSONAL_ON_USE,35.0,100.0,100.0,285.73486,,,,,,,,,45.0,,45.0,,,213.0,180.0,100.0,100.0,100.0,240.0,120.0,240.0,220.0,,,,,,,,,,,,,385.73486,100.0,0.5,stalzone-database/ru/items/armor/combat/_variants/g43k0/11.json
g43k0,g43k0,12,True,Экзоброня «Мул»,armor/combat,Мастер,Боевые,RANK_MASTER,PERSONAL_ON_USE,35.0,100.0,100.0,292.32755,,,,,,,,,45.0,,45.0,,,213.0,180.0,100.0,100.0,100.0,240.0,120.0,240.0,220.0,,,,,,,,,,,,,392.32755,100.0,0.5,stalzone-database/ru/items/armor/combat/_variants/g43k0/12.json
g43k0,g43k0,13,True,Экзоброня «Мул»,armor/combat,Мастер,Боевые,RANK_MASTER,PERSONAL_ON_USE,35.0,100.0,100.0,298.92023,,,,,,,,,45.0,,45.0,,,213.0,180.0,100.0,100.0,100.0,240.0,120.0,240.0,220.0,,,,,,,,,,,,,398.92023,100.0,0.5,stalzone-database/ru/items/armor/combat/_variants/g43k0/13.json
g43k0,g43k0,14,True,Экзоброня «Мул»,armor/combat,Мастер,Боевые,RANK_MASTER,PERSONAL_ON_USE,35.0,100.0,100.0,305.51294,,,,,,,,,45.0,,45.0,,,213.0,180.0,100.0,100.0,100.0,240.0,120.0,240.0,220.0,,,,,,,,,,,,,405.51294,100.0,0.5,stalzone-database/ru/items/armor/combat/_variants/g43k0/14.json
g43k0,g43k0,15,True,Экзоброня «Мул»,armor/combat,Мастер,Боевые,RANK_MASTER,PERSONAL_ON_USE,35.0,100.0,100.0,325.291,,,,,,,,,45.0,,45.0,,,213.0,180.0,100.0,100.0,100.0,240.0,120.0,240.0,220.0,,,,,,,,,,,,,425.291,100.0,0.5,stalzone-database/ru/items/armor/combat/_variants/g43k0/15.json
g43rp,g43rp,0,False,Экзоброня JD ZIVCAS 2A,armor/combined,Мастер,Комбинированные,RANK_MASTER,PERSONAL_ON_USE,26.0,100.0,100.0,189.0,,,,,,,3.0,,25.0,,40.0,,,127.0,122.0,300.0,300.0,600.0,300.0,200.0,300.0,300.0,,,,,,,,,,,,,289.0,100.0,3.5,stalzone-database/ru/items/armor/combined/g43rp.json
g43rp,g43rp,1,True,Экзоброня JD ZIVCAS 2A,armor/combined,Мастер,Комбинированные,RANK_MASTER,PERSONAL_ON_USE,26.0,100.0,100.0,191.64484,,,,,,,3.0,,25.0,,40.0,,,127.0,122.0,300.0,300.0,600.0,300.0,200.0,300.0,300.0,,,,,,,,,,,,,291.64484,100.0,3.5,stalzone-database/ru/items/armor/combined/_variants/g43rp/1.json
g43rp,g43rp,2,True,Экзоброня JD ZIVCAS 2A,armor/combined,Мастер,Комбинированные,RANK_MASTER,PERSONAL_ON_USE,26.0,100.0,100.0,194.2897,,,,,,,3.0,,25.0,,40.0,,,127.0,122.0,300.0,300.0,600.0,300.0,200.0,300.0,300.0,,,,,,,,,,,,,294.28970000000004,100.0,3.5,stalzone-database/ru/items/armor/combined/_variants/g43rp/2.json
g43rp,g43rp,3,True,Экзоброня JD ZIVCAS 2A,armor/combined,Мастер,Комбинированные,RANK_MASTER,PERSONAL_ON_USE,26.0,100.0,100.0,196.93454,,,,,,,3.0,,25.0,,40.0,,,127.0,122.0,300.0,300.0,600.0,300.0,200.0,300.0,300.0,,,,,,,,,,,,,296.93453999999997,100.0,3.5,stalzone-database/ru/items/armor/combined/_variants/g43rp/3.json
g43rp,g43rp,4,True,Экзоброня JD ZIVCAS 2A,armor/combined,Мастер,Комбинированные,RANK_MASTER,PERSONAL_ON_USE,26.0,100.0,100.0,199.57938,,,,,,,3.0,,25.0,,40.0,,,127.0,122.0,300.0,300.0,600.0,300.0,200.0,300.0,300.0,,,,,,,,,,,,,299.57938,100.0,3.5,stalzone-database/ru/items/armor/combined/_variants/g43rp/4.json
g43rp,g43rp,5,True,Экзоброня JD ZIVCAS 2A,armor/combined,Мастер,Комбинированные,RANK_MASTER,PERSONAL_ON_USE,26.0,100.0,100.0,207.51392,,,,,,,3.0,,25.0,,40.0,,,127.0,122.0,300.0,300.0,600.0,300.0,200.0,300.0,300.0,,,,,,,,,,,,,307.51392,100.0,3.5,stalzone-database/ru/items/armor/combined/_variants/g43rp/5.json
g43rp,g43rp,6,True,Экзоброня JD ZIVCAS 2A,armor/combined,Мастер,Комбинированные,RANK_MASTER,PERSONAL_ON_USE,26.0,100.0,100.0,211.48119,,,,,,,3.0,,25.0,,40.0,,,127.0,122.0,300.0,300.0,600.0,300.0,200.0,300.0,300.0,,,,,,,,,,,,,311.48118999999997,100.0,3.5,stalzone-database/ru/items/armor/combined/_variants/g43rp/6.json
g43rp,g43rp,7,True,Экзоброня JD ZIVCAS 2A,armor/combined,Мастер,Комбинированные,RANK_MASTER,PERSONAL_ON_USE,26.0,100.0,100.0,215.44849,,,,,,,3.0,,25.0,,40.0,,,127.0,122.0,300.0,300.0,600.0,300.0,200.0,300.0,300.0,,,,,,,,,,,,,315.44849,100.0,3.5,stalzone-database/ru/items/armor/combined/_variants/g43rp/7.json
g43rp,g43rp,8,True,Экзоброня JD ZIVCAS 2A,armor/combined,Мастер,Комбинированные,RANK_MASTER,PERSONAL_ON_USE,26.0,100.0,100.0,219.41576,,,,,,,3.0,,25.0,,40.0,,,127.0,122.0,300.0,300.0,600.0,300.0,200.0,300.0,300.0,,,,,,,,,,,,,319.41576,100.0,3.5,stalzone-database/ru/items/armor/combined/_variants/g43rp/8.json
g43rp,g43rp,9,True,Экзоброня JD ZIVCAS 2A,armor/combined,Мастер,Комбинированные,RANK_MASTER,PERSONAL_ON_USE,26.0,100.0,100.0,223.38303,,,,,,,3.0,,25.0,,40.0,,,127.0,122.0,300.0,300.0,600.0,300.0,200.0,300.0,300.0,,,,,,,,,,,,,323.38302999999996,100.0,3.5,stalzone-database/ru/items/armor/combined/_variants/g43rp/9.json
g43rp,g43rp,10,True,Экзоброня JD ZIVCAS 2A,armor/combined,Мастер,Комбинированные,RANK_MASTER,PERSONAL_ON_USE,26.0,100.0,100.0,235.02032,,,,,,,3.0,,25.0,,40.0,,,127.0,122.0,300.0,300.0,600.0,300.0,200.0,300.0,300.0,,,,,,,,,,,,,335.02031999999997,100.0,3.5,stalzone-database/ru/items/armor/combined/_variants/g43rp/10.json
g43rp,g43rp,11,True,Экзоброня JD ZIVCAS 2A,armor/combined,Мастер,Комбинированные,RANK_MASTER,PERSONAL_ON_USE,26.0,100.0,100.0,240.83902,,,,,,,3.0,,25.0,,40.0,,,127.0,122.0,300.0,300.0,600.0,300.0,200.0,300.0,300.0,,,,,,,,,,,,,340.83902,100.0,3.5,stalzone-database/ru/items/armor/combined/_variants/g43rp/11.json
g43rp,g43rp,12,True,Экзоброня JD ZIVCAS 2A,armor/combined,Мастер,Комбинированные,RANK_MASTER,PERSONAL_ON_USE,26.0,100.0,100.0,246.65767,,,,,,,3.0,,25.0,,40.0,,,127.0,122.0,300.0,300.0,600.0,300.0,200.0,300.0,300.0,,,,,,,,,,,,,346.65767,100.0,3.5,stalzone-database/ru/items/armor/combined/_variants/g43rp/12.json
g43rp,g43rp,13,True,Экзоброня JD ZIVCAS 2A,armor/combined,Мастер,Комбинированные,RANK_MASTER,PERSONAL_ON_USE,26.0,100.0,100.0,252.47635,,,,,,,3.0,,25.0,,40.0,,,127.0,122.0,300.0,300.0,600.0,300.0,200.0,300.0,300.0,,,,,,,,,,,,,352.47635,100.0,3.5,stalzone-database/ru/items/armor/combined/_variants/g43rp/13.json
g43rp,g43rp,14,True,Экзоброня JD ZIVCAS 2A,armor/combined,Мастер,Комбинированные,RANK_MASTER,PERSONAL_ON_USE,26.0,100.0,100.0,258.295,,,,,,,3.0,,25.0,,40.0,,,127.0,122.0,300.0,300.0,600.0,300.0,200.0,300.0,300.0,,,,,,,,,,,,,358.295,100.0,3.5,stalzone-database/ru/items/armor/combined/_variants/g43rp/14.json
g43rp,g43rp,15,True,Экзоброня JD ZIVCAS 2A,armor/combined,Мастер,Комбинированные,RANK_MASTER,PERSONAL_ON_USE,26.0,100.0,100.0,275.751,,,,,,,3.0,,25.0,,40.0,,,127.0,122.0,300.0,300.0,600.0,300.0,200.0,300.0,300.0,,,,,,,,,,,,,375.751,100.0,3.5,stalzone-database/ru/items/armor/combined/_variants/g43rp/15.json
g4y25,g4y25,0,False,Бронекостюм «Скиталец»,armor/combat,Ветеран,Боевые,RANK_VETERAN,PERSONAL_ON_USE,12.0,100.0,100.0,141.0,,,,,,,,,14.0,,45.0,,,155.0,124.0,60.0,60.0,60.0,190.0,80.0,190.0,110.0,60.0,,,,,,,,,,,,241.0,100.0,0.5,stalzone-database/ru/items/armor/combat/g4y25.json
g4y25,g4y25,1,True,Бронекостюм «Скиталец»,armor/combat,Ветеран,Боевые,RANK_VETERAN,PERSONAL_ON_USE,12.0,100.0,100.0,143.20528,,,,,,,,,14.0,,45.0,,,155.0,124.0,60.0,60.0,60.0,190.0,80.0,190.0,110.0,60.0,,,,,,,,,,,,243.20528,100.0,0.5,stalzone-database/ru/items/armor/combat/_variants/g4y25/1.json
g4y25,g4y25,2,True,Бронекостюм «Скиталец»,armor/combat,Ветеран,Боевые,RANK_VETERAN,PERSONAL_ON_USE,12.0,100.0,100.0,145.41055,,,,,,,,,14.0,,45.0,,,155.0,124.0,60.0,60.0,60.0,190.0,80.0,190.0,110.0,60.0,,,,,,,,,,,,245.41055,100.0,0.5,stalzone-database/ru/items/armor/combat/_variants/g4y25/2.json
g4y25,g4y25,3,True,Бронекостюм «Скиталец»,armor/combat,Ветеран,Боевые,RANK_VETERAN,PERSONAL_ON_USE,12.0,100.0,100.0,147.61583,,,,,,,,,14.0,,45.0,,,155.0,124.0,60.0,60.0,60.0,190.0,80.0,190.0,110.0,60.0,,,,,,,,,,,,247.61583,100.0,0.5,stalzone-database/ru/items/armor/combat/_variants/g4y25/3.json
g4y25,g4y25,4,True,Бронекостюм «Скиталец»,armor/combat,Ветеран,Боевые,RANK_VETERAN,PERSONAL_ON_USE,12.0,100.0,100.0,149.82109,,,,,,,,,14.0,,45.0,,,155.0,124.0,60.0,60.0,60.0,190.0,80.0,190.0,110.0,60.0,,,,,,,,,,,,249.82109,100.0,0.5,stalzone-database/ru/items/armor/combat/_variants/g4y25/4.json
g4y25,g4y25,5,True,Бронекостюм «Скиталец»,armor/combat,Ветеран,Боевые,RANK_VETERAN,PERSONAL_ON_USE,12.0,100.0,100.0,156.43692,,,,,,,,,14.0,,45.0,,,155.0,124.0,60.0,60.0,60.0,190.0,80.0,190.0,110.0,60.0,,,,,,,,,,,,256.43692,100.0,0.5,stalzone-database/ru/items/armor/combat/_variants/g4y25/5.json
g4y25,g4y25,6,True,Бронекостюм «Скиталец»,armor/combat,Ветеран,Боевые,RANK_VETERAN,PERSONAL_ON_USE,12.0,100.0,100.0,159.74483,,,,,,,,,14.0,,45.0,,,155.0,124.0,60.0,60.0,60.0,190.0,80.0,190.0,110.0,60.0,,,,,,,,,,,,259.74483,100.0,0.5,stalzone-database/ru/items/armor/combat/_variants/g4y25/6.json
g4y25,g4y25,7,True,Бронекостюм «Скиталец»,armor/combat,Ветеран,Боевые,RANK_VETERAN,PERSONAL_ON_USE,12.0,100.0,100.0,163.05275,,,,,,,,,14.0,,45.0,,,155.0,124.0,60.0,60.0,60.0,190.0,80.0,190.0,110.0,60.0,,,,,,,,,,,,263.05275,100.0,0.5,stalzone-database/ru/items/armor/combat/_variants/g4y25/7.json
g4y25,g4y25,8,True,Бронекостюм «Скиталец»,armor/combat,Ветеран,Боевые,RANK_VETERAN,PERSONAL_ON_USE,12.0,100.0,100.0,166.36064,,,,,,,,,14.0,,45.0,,,155.0,124.0,60.0,60.0,60.0,190.0,80.0,190.0,110.0,60.0,,,,,,,,,,,,266.36064,100.0,0.5,stalzone-database/ru/items/armor/combat/_variants/g4y25/8.json
g4y25,g4y25,9,True,Бронекостюм «Скиталец»,armor/combat,Ветеран,Боевые,RANK_VETERAN,PERSONAL_ON_USE,12.0,100.0,100.0,169.66856,,,,,,,,,14.0,,45.0,,,155.0,124.0,60.0,60.0,60.0,190.0,80.0,190.0,110.0,60.0,,,,,,,,,,,,269.66856,100.0,0.5,stalzone-database/ru/items/armor/combat/_variants/g4y25/9.json
g4y25,g4y25,10,True,Бронекостюм «Скиталец»,armor/combat,Ветеран,Боевые,RANK_VETERAN,PERSONAL_ON_USE,12.0,100.0,100.0,179.37178,,,,,,,,,14.0,,45.0,,,155.0,124.0,60.0,60.0,60.0,190.0,80.0,190.0,110.0,60.0,,,,,,,,,,,,279.37178,100.0,0.5,stalzone-database/ru/items/armor/combat/_variants/g4y25/10.json
g4y25,g4y25,11,True,Бронекостюм «Скиталец»,armor/combat,Ветеран,Боевые,RANK_VETERAN,PERSONAL_ON_USE,12.0,100.0,100.0,184.22339,,,,,,,,,14.0,,45.0,,,155.0,124.0,60.0,60.0,60.0,190.0,80.0,190.0,110.0,60.0,,,,,,,,,,,,284.22339,100.0,0.5,stalzone-database/ru/items/armor/combat/_variants/g4y25/11.json
g4y25,g4y25,12,True,Бронекостюм «Скиталец»,armor/combat,Ветеран,Боевые,RANK_VETERAN,PERSONAL_ON_USE,12.0,100.0,100.0,189.07498,,,,,,,,,14.0,,45.0,,,155.0,124.0,60.0,60.0,60.0,190.0,80.0,190.0,110.0,60.0,,,,,,,,,,,,289.07498,100.0,0.5,stalzone-database/ru/items/armor/combat/_variants/g4y25/12.json
g4y25,g4y25,13,True,Бронекостюм «Скиталец»,armor/combat,Ветеран,Боевые,RANK_VETERAN,PERSONAL_ON_USE,12.0,100.0,100.0,193.92659,,,,,,,,,14.0,,45.0,,,155.0,124.0,60.0,60.0,60.0,190.0,80.0,190.0,110.0,60.0,,,,,,,,,,,,293.92659000000003,100.0,0.5,stalzone-database/ru/items/armor/combat/_variants/g4y25/13.json
g4y25,g4y25,14,True,Бронекостюм «Скиталец»,armor/combat,Ветеран,Боевые,RANK_VETERAN,PERSONAL_ON_USE,12.0,100.0,100.0,198.7782,,,,,,,,,14.0,,45.0,,,155.0,124.0,60.0,60.0,60.0,190.0,80.0,190.0,110.0,60.0,,,,,,,,,,,,298.77819999999997,100.0,0.5,stalzone-database/ru/items/armor/combat/_variants/g4y25/14.json
g4y25,g4y25,15,True,Бронекостюм «Скиталец»,armor/combat,Ветеран,Боевые,RANK_VETERAN,PERSONAL_ON_USE,12.0,100.0,100.0,213.33301,,,,,,,,,14.0,,45.0,,,155.0,124.0,60.0,60.0,60.0,190.0,80.0,190.0,110.0,60.0,,,,,,,,,,,,313.33301,100.0,0.5,stalzone-database/ru/items/armor/combat/_variants/g4y25/15.json
g4y3n,g4y3n,0,False,Костюм «КЗ-1»,armor/combat,Новичок,Боевые,RANK_NEWBIE,PERSONAL_ON_USE,5.0,100.0,100.0,57.0,,,,20.0,,,,,8.0,,55.0,,,103.0,62.0,30.0,30.0,30.0,20.0,0.0,20.0,0.0,,,,,,,,,,,,,157.0,100.0,0.5,stalzone-database/ru/items/armor/combat/g4y3n.json
g4y3n,g4y3n,1,True,Костюм «КЗ-1»,armor/combat,Новичок,Боевые,RANK_NEWBIE,PERSONAL_ON_USE,5.0,100.0,100.0,58.43716,,,,20.0,,,,,8.0,,55.0,,,103.0,62.0,30.0,30.0,30.0,20.0,0.0,20.0,0.0,,,,,,,,,,,,,158.43716,100.0,0.5,stalzone-database/ru/items/armor/combat/_variants/g4y3n/1.json
g4y3n,g4y3n,2,True,Костюм «КЗ-1»,armor/combat,Новичок,Боевые,RANK_NEWBIE,PERSONAL_ON_USE,5.0,100.0,100.0,59.87433,,,,20.0,,,,,8.0,,55.0,,,103.0,62.0,30.0,30.0,30.0,20.0,0.0,20.0,0.0,,,,,,,,,,,,,159.87433,100.0,0.5,stalzone-database/ru/items/armor/combat/_variants/g4y3n/2.json
g4y3n,g4y3n,3,True,Костюм «КЗ-1»,armor/combat,Новичок,Боевые,RANK_NEWBIE,PERSONAL_ON_USE,5.0,100.0,100.0,61.311493,,,,20.0,,,,,8.0,,55.0,,,103.0,62.0,30.0,30.0,30.0,20.0,0.0,20.0,0.0,,,,,,,,,,,,,161.31149299999998,100.0,0.5,stalzone-database/ru/items/armor/combat/_variants/g4y3n/3.json
g4y3n,g4y3n,4,True,Костюм «КЗ-1»,armor/combat,Новичок,Боевые,RANK_NEWBIE,PERSONAL_ON_USE,5.0,100.0,100.0,62.74866,,,,20.0,,,,,8.0,,55.0,,,103.0,62.0,30.0,30.0,30.0,20.0,0.0,20.0,0.0,,,,,,,,,,,,,162.74866,100.0,0.5,stalzone-database/ru/items/armor/combat/_variants/g4y3n/4.json
g4y3n,g4y3n,5,True,Костюм «КЗ-1»,armor/combat,Новичок,Боевые,RANK_NEWBIE,PERSONAL_ON_USE,5.0,100.0,100.0,67.06015,,,,20.0,,,,,8.0,,55.0,,,103.0,62.0,30.0,30.0,30.0,20.0,0.0,20.0,0.0,,,,,,,,,,,,,167.06015,100.0,0.5,stalzone-database/ru/items/armor/combat/_variants/g4y3n/5.json
g4y3n,g4y3n,6,True,Костюм «КЗ-1»,armor/combat,Новичок,Боевые,RANK_NEWBIE,PERSONAL_ON_USE,5.0,100.0,100.0,69.2159,,,,20.0,,,,,8.0,,55.0,,,103.0,62.0,30.0,30.0,30.0,20.0,0.0,20.0,0.0,,,,,,,,,,,,,169.2159,100.0,0.5,stalzone-database/ru/items/armor/combat/_variants/g4y3n/6.json
g4y3n,g4y3n,7,True,Костюм «КЗ-1»,armor/combat,Новичок,Боевые,RANK_NEWBIE,PERSONAL_ON_USE,5.0,100.0,100.0,71.37164,,,,20.0,,,,,8.0,,55.0,,,103.0,62.0,30.0,30.0,30.0,20.0,0.0,20.0,0.0,,,,,,,,,,,,,171.37164,100.0,0.5,stalzone-database/ru/items/armor/combat/_variants/g4y3n/7.json
g4y3n,g4y3n,8,True,Костюм «КЗ-1»,armor/combat,Новичок,Боевые,RANK_NEWBIE,PERSONAL_ON_USE,5.0,100.0,100.0,73.52739,,,,20.0,,,,,8.0,,55.0,,,103.0,62.0,30.0,30.0,30.0,20.0,0.0,20.0,0.0,,,,,,,,,,,,,173.52739000000003,100.0,0.5,stalzone-database/ru/items/armor/combat/_variants/g4y3n/8.json
g4y3n,g4y3n,9,True,Костюм «КЗ-1»,armor/combat,Новичок,Боевые,RANK_NEWBIE,PERSONAL_ON_USE,5.0,100.0,100.0,75.683136,,,,20.0,,,,,8.0,,55.0,,,103.0,62.0,30.0,30.0,30.0,20.0,0.0,20.0,0.0,,,,,,,,,,,,,175.683136,100.0,0.5,stalzone-database/ru/items/armor/combat/_variants/g4y3n/9.json
g4y3n,g4y3n,10,True,Костюм «КЗ-1»,armor/combat,Новичок,Боевые,RANK_NEWBIE,PERSONAL_ON_USE,5.0,100.0,100.0,82.00666,,,,20.0,,,,,8.0,,55.0,,,103.0,62.0,30.0,30.0,30.0,20.0,0.0,20.0,0.0,,,,,,,,,,,,,182.00666,100.0,0.5,stalzone-database/ru/items/armor/combat/_variants/g4y3n/10.json
g4y3n,g4y3n,11,True,Костюм «КЗ-1»,armor/combat,Новичок,Боевые,RANK_NEWBIE,PERSONAL_ON_USE,5.0,100.0,100.0,85.16842,,,,20.0,,,,,8.0,,55.0,,,103.0,62.0,30.0,30.0,30.0,20.0,0.0,20.0,0.0,,,,,,,,,,,,,185.16842,100.0,0.5,stalzone-database/ru/items/armor/combat/_variants/g4y3n/11.json
g4y3n,g4y3n,12,True,Костюм «КЗ-1»,armor/combat,Новичок,Боевые,RANK_NEWBIE,PERSONAL_ON_USE,5.0,100.0,100.0,88.330185,,,,20.0,,,,,8.0,,55.0,,,103.0,62.0,30.0,30.0,30.0,20.0,0.0,20.0,0.0,,,,,,,,,,,,,188.33018499999997,100.0,0.5,stalzone-database/ru/items/armor/combat/_variants/g4y3n/12.json
g4y3n,g4y3n,13,True,Костюм «КЗ-1»,armor/combat,Новичок,Боевые,RANK_NEWBIE,PERSONAL_ON_USE,5.0,100.0,100.0,91.49195,,,,20.0,,,,,8.0,,55.0,,,103.0,62.0,30.0,30.0,30.0,20.0,0.0,20.0,0.0,,,,,,,,,,,,,191.49195,100.0,0.5,stalzone-database/ru/items/armor/combat/_variants/g4y3n/13.json
g4y3n,g4y3n,14,True,Костюм «КЗ-1»,armor/combat,Новичок,Боевые,RANK_NEWBIE,PERSONAL_ON_USE,5.0,100.0,100.0,94.65371,,,,20.0,,,,,8.0,,55.0,,,103.0,62.0,30.0,30.0,30.0,20.0,0.0,20.0,0.0,,,,,,,,,,,,,194.65371,100.0,0.5,stalzone-database/ru/items/armor/combat/_variants/g4y3n/14.json
g4y3n,g4y3n,15,True,Костюм «КЗ-1»,armor/combat,Новичок,Боевые,RANK_NEWBIE,PERSONAL_ON_USE,5.0,100.0,100.0,104.13899,,,,20.0,,,,,8.0,,55.0,,,103.0,62.0,30.0,30.0,30.0,20.0,0.0,20.0,0.0,,,,,,,,,,,,,204.13899,100.0,0.5,stalzone-database/ru/items/armor/combat/_variants/g4y3n/15.json
g4y5p,g4y5p,0,False,Бронекостюм «КЗ-3а»,armor/combat,Сталкер,Боевые,RANK_STALKER,PERSONAL_ON_USE,9.0,100.0,100.0,123.0,,,,20.0,,,,,13.0,,55.0,,,156.0,116.0,90.0,90.0,90.0,160.0,60.0,150.0,60.0,,,,,,,,,,,,,223.0,100.0,0.5,stalzone-database/ru/items/armor/combat/g4y5p.json
g4y5p,g4y5p,1,True,Бронекостюм «КЗ-3а»,armor/combat,Сталкер,Боевые,RANK_STALKER,PERSONAL_ON_USE,9.0,100.0,100.0,125.04,,,,20.0,,,,,13.0,,55.0,,,156.0,116.0,90.0,90.0,90.0,160.0,60.0,150.0,60.0,,,,,,,,,,,,,225.04000000000005,100.0,0.5,stalzone-database/ru/items/armor/combat/_variants/g4y5p/1.json
g4y5p,g4y5p,2,True,Бронекостюм «КЗ-3а»,armor/combat,Сталкер,Боевые,RANK_STALKER,PERSONAL_ON_USE,9.0,100.0,100.0,127.079994,,,,20.0,,,,,13.0,,55.0,,,156.0,116.0,90.0,90.0,90.0,160.0,60.0,150.0,60.0,,,,,,,,,,,,,227.079994,100.0,0.5,stalzone-database/ru/items/armor/combat/_variants/g4y5p/2.json
g4y5p,g4y5p,3,True,Бронекостюм «КЗ-3а»,armor/combat,Сталкер,Боевые,RANK_STALKER,PERSONAL_ON_USE,9.0,100.0,100.0,129.12,,,,20.0,,,,,13.0,,55.0,,,156.0,116.0,90.0,90.0,90.0,160.0,60.0,150.0,60.0,,,,,,,,,,,,,229.12,100.0,0.5,stalzone-database/ru/items/armor/combat/_variants/g4y5p/3.json
g4y5p,g4y5p,4,True,Бронекостюм «КЗ-3а»,armor/combat,Сталкер,Боевые,RANK_STALKER,PERSONAL_ON_USE,9.0,100.0,100.0,131.15999,,,,20.0,,,,,13.0,,55.0,,,156.0,116.0,90.0,90.0,90.0,160.0,60.0,150.0,60.0,,,,,,,,,,,,,231.15999,100.0,0.5,stalzone-database/ru/items/armor/combat/_variants/g4y5p/4.json
g4y5p,g4y5p,5,True,Бронекостюм «КЗ-3а»,armor/combat,Сталкер,Боевые,RANK_STALKER,PERSONAL_ON_USE,9.0,100.0,100.0,137.28,,,,20.0,,,,,13.0,,55.0,,,156.0,116.0,90.0,90.0,90.0,160.0,60.0,150.0,60.0,,,,,,,,,,,,,237.28,100.0,0.5,stalzone-database/ru/items/armor/combat/_variants/g4y5p/5.json
g4y5p,g4y5p,6,True,Бронекостюм «КЗ-3а»,armor/combat,Сталкер,Боевые,RANK_STALKER,PERSONAL_ON_USE,9.0,100.0,100.0,140.34,,,,20.0,,,,,13.0,,55.0,,,156.0,116.0,90.0,90.0,90.0,160.0,60.0,150.0,60.0,,,,,,,,,,,,,240.34,100.0,0.5,stalzone-database/ru/items/armor/combat/_variants/g4y5p/6.json
g4y5p,g4y5p,7,True,Бронекостюм «КЗ-3а»,armor/combat,Сталкер,Боевые,RANK_STALKER,PERSONAL_ON_USE,9.0,100.0,100.0,143.4,,,,20.0,,,,,13.0,,55.0,,,156.0,116.0,90.0,90.0,90.0,160.0,60.0,150.0,60.0,,,,,,,,,,,,,243.4,100.0,0.5,stalzone-database/ru/items/armor/combat/_variants/g4y5p/7.json
g4y5p,g4y5p,8,True,Бронекостюм «КЗ-3а»,armor/combat,Сталкер,Боевые,RANK_STALKER,PERSONAL_ON_USE,9.0,100.0,100.0,146.46,,,,20.0,,,,,13.0,,55.0,,,156.0,116.0,90.0,90.0,90.0,160.0,60.0,150.0,60.0,,,,,,,,,,,,,246.46,100.0,0.5,stalzone-database/ru/items/armor/combat/_variants/g4y5p/8.json
g4y5p,g4y5p,9,True,Бронекостюм «КЗ-3а»,armor/combat,Сталкер,Боевые,RANK_STALKER,PERSONAL_ON_USE,9.0,100.0,100.0,149.52,,,,20.0,,,,,13.0,,55.0,,,156.0,116.0,90.0,90.0,90.0,160.0,60.0,150.0,60.0,,,,,,,,,,,,,249.52,100.0,0.5,stalzone-database/ru/items/armor/combat/_variants/g4y5p/9.json
g4y5p,g4y5p,10,True,Бронекостюм «КЗ-3а»,armor/combat,Сталкер,Боевые,RANK_STALKER,PERSONAL_ON_USE,9.0,100.0,100.0,158.49599,,,,20.0,,,,,13.0,,55.0,,,156.0,116.0,90.0,90.0,90.0,160.0,60.0,150.0,60.0,,,,,,,,,,,,,258.49599,100.0,0.5,stalzone-database/ru/items/armor/combat/_variants/g4y5p/10.json
g4y5p,g4y5p,11,True,Бронекостюм «КЗ-3а»,armor/combat,Сталкер,Боевые,RANK_STALKER,PERSONAL_ON_USE,9.0,100.0,100.0,162.984,,,,20.0,,,,,13.0,,55.0,,,156.0,116.0,90.0,90.0,90.0,160.0,60.0,150.0,60.0,,,,,,,,,,,,,262.98400000000004,100.0,0.5,stalzone-database/ru/items/armor/combat/_variants/g4y5p/11.json
g4y5p,g4y5p,12,True,Бронекостюм «КЗ-3а»,armor/combat,Сталкер,Боевые,RANK_STALKER,PERSONAL_ON_USE,9.0,100.0,100.0,167.472,,,,20.0,,,,,13.0,,55.0,,,156.0,116.0,90.0,90.0,90.0,160.0,60.0,150.0,60.0,,,,,,,,,,,,,267.472,100.0,0.5,stalzone-database/ru/items/armor/combat/_variants/g4y5p/12.json
g4y5p,g4y5p,13,True,Бронекостюм «КЗ-3а»,armor/combat,Сталкер,Боевые,RANK_STALKER,PERSONAL_ON_USE,9.0,100.0,100.0,171.95999,,,,20.0,,,,,13.0,,55.0,,,156.0,116.0,90.0,90.0,90.0,160.0,60.0,150.0,60.0,,,,,,,,,,,,,271.95999,100.0,0.5,stalzone-database/ru/items/armor/combat/_variants/g4y5p/13.json
g4y5p,g4y5p,14,True,Бронекостюм «КЗ-3а»,armor/combat,Сталкер,Боевые,RANK_STALKER,PERSONAL_ON_USE,9.0,100.0,100.0,176.448,,,,20.0,,,,,13.0,,55.0,,,156.0,116.0,90.0,90.0,90.0,160.0,60.0,150.0,60.0,,,,,,,,,,,,,276.448,100.0,0.5,stalzone-database/ru/items/armor/combat/_variants/g4y5p/14.json
g4y5p,g4y5p,15,True,Бронекостюм «КЗ-3а»,armor/combat,Сталкер,Боевые,RANK_STALKER,PERSONAL_ON_USE,9.0,100.0,100.0,189.912,,,,20.0,,,,,13.0,,55.0,,,156.0,116.0,90.0,90.0,90.0,160.0,60.0,150.0,60.0,,,,,,,,,,,,,289.91200000000003,100.0,0.5,stalzone-database/ru/items/armor/combat/_variants/g4y5p/15.json
g4ym6,g4ym6,0,False,Комбинезон «Уран»,armor/scientist,Ветеран,Научные,RANK_VETERAN,PERSONAL_ON_USE,12.0,100.0,100.0,144.0,,,,,,,,,12.0,,30.0,,,79.0,80.0,850.0,850.0,850.0,400.0,395.0,400.0,330.0,,,,,,,,,,,,,244.0,100.0,0.5,stalzone-database/ru/items/armor/scientist/g4ym6.json
g4ym6,g4ym6,1,True,Комбинезон «Уран»,armor/scientist,Ветеран,Научные,RANK_VETERAN,PERSONAL_ON_USE,12.0,100.0,100.0,146.23463,,,,,,,,,12.0,,30.0,,,79.0,80.0,850.0,850.0,850.0,400.0,395.0,400.0,330.0,,,,,,,,,,,,,246.23463,100.0,0.5,stalzone-database/ru/items/armor/scientist/_variants/g4ym6/1.json
g4ym6,g4ym6,2,True,Комбинезон «Уран»,armor/scientist,Ветеран,Научные,RANK_VETERAN,PERSONAL_ON_USE,12.0,100.0,100.0,148.46927,,,,,,,,,12.0,,30.0,,,79.0,80.0,850.0,850.0,850.0,400.0,395.0,400.0,330.0,,,,,,,,,,,,,248.46927,100.0,0.5,stalzone-database/ru/items/armor/scientist/_variants/g4ym6/2.json
g4ym6,g4ym6,3,True,Комбинезон «Уран»,armor/scientist,Ветеран,Научные,RANK_VETERAN,PERSONAL_ON_USE,12.0,100.0,100.0,150.7039,,,,,,,,,12.0,,30.0,,,79.0,80.0,850.0,850.0,850.0,400.0,395.0,400.0,330.0,,,,,,,,,,,,,250.7039,100.0,0.5,stalzone-database/ru/items/armor/scientist/_variants/g4ym6/3.json
g4ym6,g4ym6,4,True,Комбинезон «Уран»,armor/scientist,Ветеран,Научные,RANK_VETERAN,PERSONAL_ON_USE,12.0,100.0,100.0,152.93852,,,,,,,,,12.0,,30.0,,,79.0,80.0,850.0,850.0,850.0,400.0,395.0,400.0,330.0,,,,,,,,,,,,,252.93852000000004,100.0,0.5,stalzone-database/ru/items/armor/scientist/_variants/g4ym6/4.json
g4ym6,g4ym6,5,True,Комбинезон «Уран»,armor/scientist,Ветеран,Научные,RANK_VETERAN,PERSONAL_ON_USE,12.0,100.0,100.0,159.64244,,,,,,,,,12.0,,30.0,,,79.0,80.0,850.0,850.0,850.0,400.0,395.0,400.0,330.0,,,,,,,,,,,,,259.64243999999997,100.0,0.5,stalzone-database/ru/items/armor/scientist/_variants/g4ym6/5.json
g4ym6,g4ym6,6,True,Комбинезон «Уран»,armor/scientist,Ветеран,Научные,RANK_VETERAN,PERSONAL_ON_USE,12.0,100.0,100.0,162.99438,,,,,,,,,12.0,,30.0,,,79.0,80.0,850.0,850.0,850.0,400.0,395.0,400.0,330.0,,,,,,,,,,,,,262.99438,100.0,0.5,stalzone-database/ru/items/armor/scientist/_variants/g4ym6/6.json
g4ym6,g4ym6,7,True,Комбинезон «Уран»,armor/scientist,Ветеран,Научные,RANK_VETERAN,PERSONAL_ON_USE,12.0,100.0,100.0,166.34634,,,,,,,,,12.0,,30.0,,,79.0,80.0,850.0,850.0,850.0,400.0,395.0,400.0,330.0,,,,,,,,,,,,,266.34634,100.0,0.5,stalzone-database/ru/items/armor/scientist/_variants/g4ym6/7.json
g4ym6,g4ym6,8,True,Комбинезон «Уран»,armor/scientist,Ветеран,Научные,RANK_VETERAN,PERSONAL_ON_USE,12.0,100.0,100.0,169.69829,,,,,,,,,12.0,,30.0,,,79.0,80.0,850.0,850.0,850.0,400.0,395.0,400.0,330.0,,,,,,,,,,,,,269.69829,100.0,0.5,stalzone-database/ru/items/armor/scientist/_variants/g4ym6/8.json
g4ym6,g4ym6,9,True,Комбинезон «Уран»,armor/scientist,Ветеран,Научные,RANK_VETERAN,PERSONAL_ON_USE,12.0,100.0,100.0,173.05023,,,,,,,,,12.0,,30.0,,,79.0,80.0,850.0,850.0,850.0,400.0,395.0,400.0,330.0,,,,,,,,,,,,,273.05023,100.0,0.5,stalzone-database/ru/items/armor/scientist/_variants/g4ym6/9.json
g4ym6,g4ym6,10,True,Комбинезон «Уран»,armor/scientist,Ветеран,Научные,RANK_VETERAN,PERSONAL_ON_USE,12.0,100.0,100.0,182.88263,,,,,,,,,12.0,,30.0,,,79.0,80.0,850.0,850.0,850.0,400.0,395.0,400.0,330.0,,,,,,,,,,,,,282.88263,100.0,0.5,stalzone-database/ru/items/armor/scientist/_variants/g4ym6/10.json
g4ym6,g4ym6,11,True,Комбинезон «Уран»,armor/scientist,Ветеран,Научные,RANK_VETERAN,PERSONAL_ON_USE,12.0,100.0,100.0,187.79883,,,,,,,,,12.0,,30.0,,,79.0,80.0,850.0,850.0,850.0,400.0,395.0,400.0,330.0,,,,,,,,,,,,,287.79883,100.0,0.5,stalzone-database/ru/items/armor/scientist/_variants/g4ym6/11.json
g4ym6,g4ym6,12,True,Комбинезон «Уран»,armor/scientist,Ветеран,Научные,RANK_VETERAN,PERSONAL_ON_USE,12.0,100.0,100.0,192.71503,,,,,,,,,12.0,,30.0,,,79.0,80.0,850.0,850.0,850.0,400.0,395.0,400.0,330.0,,,,,,,,,,,,,292.71503,100.0,0.5,stalzone-database/ru/items/armor/scientist/_variants/g4ym6/12.json
g4ym6,g4ym6,13,True,Комбинезон «Уран»,armor/scientist,Ветеран,Научные,RANK_VETERAN,PERSONAL_ON_USE,12.0,100.0,100.0,197.63123,,,,,,,,,12.0,,30.0,,,79.0,80.0,850.0,850.0,850.0,400.0,395.0,400.0,330.0,,,,,,,,,,,,,297.63122999999996,100.0,0.5,stalzone-database/ru/items/armor/scientist/_variants/g4ym6/13.json
g4ym6,g4ym6,14,True,Комбинезон «Уран»,armor/scientist,Ветеран,Научные,RANK_VETERAN,PERSONAL_ON_USE,12.0,100.0,100.0,202.54741,,,,,,,,,12.0,,30.0,,,79.0,80.0,850.0,850.0,850.0,400.0,395.0,400.0,330.0,,,,,,,,,,,,,302.54741,100.0,0.5,stalzone-database/ru/items/armor/scientist/_variants/g4ym6/14.json
g4ym6,g4ym6,15,True,Комбинезон «Уран»,armor/scientist,Ветеран,Научные,RANK_VETERAN,PERSONAL_ON_USE,12.0,100.0,100.0,217.296,,,,,,,,,12.0,,30.0,,,79.0,80.0,850.0,850.0,850.0,400.0,395.0,400.0,330.0,,,,,,,,,,,,,317.296,100.0,0.5,stalzone-database/ru/items/armor/scientist/_variants/g4ym6/15.json
g4yq5,g4yq5,0,False,Экзоброня «Гренадер»,armor/combat,Ветеран,Боевые,RANK_VETERAN,PERSONAL_ON_USE,20.0,100.0,100.0,166.0,,3.0,,,,,,,25.0,,50.0,,,152.0,188.0,80.0,80.0,80.0,200.0,100.0,200.0,180.0,,,,,,,,,,,,,266.0,103.0,0.5,stalzone-database/ru/items/armor/combat/g4yq5.json
g4yq5,g4yq5,1,True,Экзоброня «Гренадер»,armor/combat,Ветеран,Боевые,RANK_VETERAN,PERSONAL_ON_USE,20.0,100.0,100.0,168.43433,,3.0,,,,,,,25.0,,50.0,,,152.0,188.0,80.0,80.0,80.0,200.0,100.0,200.0,180.0,,,,,,,,,,,,,268.43433,103.0,0.5,stalzone-database/ru/items/armor/combat/_variants/g4yq5/1.json
g4yq5,g4yq5,2,True,Экзоброня «Гренадер»,armor/combat,Ветеран,Боевые,RANK_VETERAN,PERSONAL_ON_USE,20.0,100.0,100.0,170.86867,,3.0,,,,,,,25.0,,50.0,,,152.0,188.0,80.0,80.0,80.0,200.0,100.0,200.0,180.0,,,,,,,,,,,,,270.86867,103.0,0.5,stalzone-database/ru/items/armor/combat/_variants/g4yq5/2.json
g4yq5,g4yq5,3,True,Экзоброня «Гренадер»,armor/combat,Ветеран,Боевые,RANK_VETERAN,PERSONAL_ON_USE,20.0,100.0,100.0,173.303,,3.0,,,,,,,25.0,,50.0,,,152.0,188.0,80.0,80.0,80.0,200.0,100.0,200.0,180.0,,,,,,,,,,,,,273.303,103.0,0.5,stalzone-database/ru/items/armor/combat/_variants/g4yq5/3.json
g4yq5,g4yq5,4,True,Экзоброня «Гренадер»,armor/combat,Ветеран,Боевые,RANK_VETERAN,PERSONAL_ON_USE,20.0,100.0,100.0,175.7373,,3.0,,,,,,,25.0,,50.0,,,152.0,188.0,80.0,80.0,80.0,200.0,100.0,200.0,180.0,,,,,,,,,,,,,275.7373,103.0,0.5,stalzone-database/ru/items/armor/combat/_variants/g4yq5/4.json
g4yq5,g4yq5,5,True,Экзоброня «Гренадер»,armor/combat,Ветеран,Боевые,RANK_VETERAN,PERSONAL_ON_USE,20.0,100.0,100.0,183.0403,,3.0,,,,,,,25.0,,50.0,,,152.0,188.0,80.0,80.0,80.0,200.0,100.0,200.0,180.0,,,,,,,,,,,,,283.0403,103.0,0.5,stalzone-database/ru/items/armor/combat/_variants/g4yq5/5.json
g4yq5,g4yq5,6,True,Экзоброня «Гренадер»,armor/combat,Ветеран,Боевые,RANK_VETERAN,PERSONAL_ON_USE,20.0,100.0,100.0,186.6918,,3.0,,,,,,,25.0,,50.0,,,152.0,188.0,80.0,80.0,80.0,200.0,100.0,200.0,180.0,,,,,,,,,,,,,286.6918,103.0,0.5,stalzone-database/ru/items/armor/combat/_variants/g4yq5/6.json
g4yq5,g4yq5,7,True,Экзоброня «Гренадер»,armor/combat,Ветеран,Боевые,RANK_VETERAN,PERSONAL_ON_USE,20.0,100.0,100.0,190.34328,,3.0,,,,,,,25.0,,50.0,,,152.0,188.0,80.0,80.0,80.0,200.0,100.0,200.0,180.0,,,,,,,,,,,,,290.34328,103.0,0.5,stalzone-database/ru/items/armor/combat/_variants/g4yq5/7.json
g4yq5,g4yq5,8,True,Экзоброня «Гренадер»,armor/combat,Ветеран,Боевые,RANK_VETERAN,PERSONAL_ON_USE,20.0,100.0,100.0,193.99478,,3.0,,,,,,,25.0,,50.0,,,152.0,188.0,80.0,80.0,80.0,200.0,100.0,200.0,180.0,,,,,,,,,,,,,293.99478,103.0,0.5,stalzone-database/ru/items/armor/combat/_variants/g4yq5/8.json
g4yq5,g4yq5,9,True,Экзоброня «Гренадер»,armor/combat,Ветеран,Боевые,RANK_VETERAN,PERSONAL_ON_USE,20.0,100.0,100.0,197.64627,,3.0,,,,,,,25.0,,50.0,,,152.0,188.0,80.0,80.0,80.0,200.0,100.0,200.0,180.0,,,,,,,,,,,,,297.64626999999996,103.0,0.5,stalzone-database/ru/items/armor/combat/_variants/g4yq5/9.json
g4yq5,g4yq5,10,True,Экзоброня «Гренадер»,armor/combat,Ветеран,Боевые,RANK_VETERAN,PERSONAL_ON_USE,20.0,100.0,100.0,208.35733,,3.0,,,,,,,25.0,,50.0,,,152.0,188.0,80.0,80.0,80.0,200.0,100.0,200.0,180.0,,,,,,,,,,,,,308.35733,103.0,0.5,stalzone-database/ru/items/armor/combat/_variants/g4yq5/10.json
g4yq5,g4yq5,11,True,Экзоброня «Гренадер»,armor/combat,Ветеран,Боевые,RANK_VETERAN,PERSONAL_ON_USE,20.0,100.0,100.0,213.71286,,3.0,,,,,,,25.0,,50.0,,,152.0,188.0,80.0,80.0,80.0,200.0,100.0,200.0,180.0,,,,,,,,,,,,,313.71286,103.0,0.5,stalzone-database/ru/items/armor/combat/_variants/g4yq5/11.json
g4yq5,g4yq5,12,True,Экзоброня «Гренадер»,armor/combat,Ветеран,Боевые,RANK_VETERAN,PERSONAL_ON_USE,20.0,100.0,100.0,219.06837,,3.0,,,,,,,25.0,,50.0,,,152.0,188.0,80.0,80.0,80.0,200.0,100.0,200.0,180.0,,,,,,,,,,,,,319.06836999999996,103.0,0.5,stalzone-database/ru/items/armor/combat/_variants/g4yq5/12.json
g4yq5,g4yq5,13,True,Экзоброня «Гренадер»,armor/combat,Ветеран,Боевые,RANK_VETERAN,PERSONAL_ON_USE,20.0,100.0,100.0,224.4239,,3.0,,,,,,,25.0,,50.0,,,152.0,188.0,80.0,80.0,80.0,200.0,100.0,200.0,180.0,,,,,,,,,,,,,324.4239,103.0,0.5,stalzone-database/ru/items/armor/combat/_variants/g4yq5/13.json
g4yq5,g4yq5,14,True,Экзоброня «Гренадер»,armor/combat,Ветеран,Боевые,RANK_VETERAN,PERSONAL_ON_USE,20.0,100.0,100.0,229.77943,,3.0,,,,,,,25.0,,50.0,,,152.0,188.0,80.0,80.0,80.0,200.0,100.0,200.0,180.0,,,,,,,,,,,,,329.77943,103.0,0.5,stalzone-database/ru/items/armor/combat/_variants/g4yq5/14.json
g4yq5,g4yq5,15,True,Экзоброня «Гренадер»,armor/combat,Ветеран,Боевые,RANK_VETERAN,PERSONAL_ON_USE,20.0,100.0,100.0,245.846,,3.0,,,,,,,25.0,,50.0,,,152.0,188.0,80.0,80.0,80.0,200.0,100.0,200.0,180.0,,,,,,,,,,,,,345.846,103.0,0.5,stalzone-database/ru/items/armor/combat/_variants/g4yq5/15.json
g4yw6,g4yw6,0,False,Бандитский кожак,armor/clothes,Отмычка,Одежда,DEFAULT,PERSONAL_ON_USE,1.0,100.0,100.0,18.0,,3.0,,,,,,,,,20.0,,,39.0,30.0,11.0,11.0,11.0,20.0,0.0,20.0,0.0,,,,,,,,,,,,,118.0,103.0,0.5,stalzone-database/ru/items/armor/clothes/g4yw6.json
g4yw6,g4yw6,1,True,Бандитский кожак,armor/clothes,Отмычка,Одежда,DEFAULT,PERSONAL_ON_USE,1.0,100.0,100.0,19.994267,,3.0,,,,,,,,,20.0,,,39.0,30.0,11.0,11.0,11.0,20.0,0.0,20.0,0.0,,,,,,,,,,,,,119.994267,103.0,0.5,stalzone-database/ru/items/armor/clothes/_variants/g4yw6/1.json
g4yw6,g4yw6,2,True,Бандитский кожак,armor/clothes,Отмычка,Одежда,DEFAULT,PERSONAL_ON_USE,1.0,100.0,100.0,21.988535,,3.0,,,,,,,,,20.0,,,39.0,30.0,11.0,11.0,11.0,20.0,0.0,20.0,0.0,,,,,,,,,,,,,121.988535,103.0,0.5,stalzone-database/ru/items/armor/clothes/_variants/g4yw6/2.json
g4yw6,g4yw6,3,True,Бандитский кожак,armor/clothes,Отмычка,Одежда,DEFAULT,PERSONAL_ON_USE,1.0,100.0,100.0,23.982805,,3.0,,,,,,,,,20.0,,,39.0,30.0,11.0,11.0,11.0,20.0,0.0,20.0,0.0,,,,,,,,,,,,,123.98280500000001,103.0,0.5,stalzone-database/ru/items/armor/clothes/_variants/g4yw6/3.json
g4yw6,g4yw6,4,True,Бандитский кожак,armor/clothes,Отмычка,Одежда,DEFAULT,PERSONAL_ON_USE,1.0,100.0,100.0,25.977072,,3.0,,,,,,,,,20.0,,,39.0,30.0,11.0,11.0,11.0,20.0,0.0,20.0,0.0,,,,,,,,,,,,,125.97707199999999,103.0,0.5,stalzone-database/ru/items/armor/clothes/_variants/g4yw6/4.json
g4yw6,g4yw6,5,True,Бандитский кожак,armor/clothes,Отмычка,Одежда,DEFAULT,PERSONAL_ON_USE,1.0,100.0,100.0,31.959877,,3.0,,,,,,,,,20.0,,,39.0,30.0,11.0,11.0,11.0,20.0,0.0,20.0,0.0,,,,,,,,,,,,,131.959877,103.0,0.5,stalzone-database/ru/items/armor/clothes/_variants/g4yw6/5.json
g4yw6,g4yw6,6,True,Бандитский кожак,armor/clothes,Отмычка,Одежда,DEFAULT,PERSONAL_ON_USE,1.0,100.0,100.0,34.95128,,3.0,,,,,,,,,20.0,,,39.0,30.0,11.0,11.0,11.0,20.0,0.0,20.0,0.0,,,,,,,,,,,,,134.95128,103.0,0.5,stalzone-database/ru/items/armor/clothes/_variants/g4yw6/6.json
g4yw6,g4yw6,7,True,Бандитский кожак,armor/clothes,Отмычка,Одежда,DEFAULT,PERSONAL_ON_USE,1.0,100.0,100.0,36.0,,3.0,,,,,,,,,20.0,,,39.0,30.0,11.0,11.0,11.0,20.0,0.0,20.0,0.0,,,,,,,,,,,,,136.0,103.0,0.5,stalzone-database/ru/items/armor/clothes/_variants/g4yw6/7.json
g4yw6,g4yw6,8,True,Бандитский кожак,armor/clothes,Отмычка,Одежда,DEFAULT,PERSONAL_ON_USE,1.0,100.0,100.0,36.0,,3.0,,,,,,,,,20.0,,,39.0,30.0,11.0,11.0,11.0,20.0,0.0,20.0,0.0,,,,,,,,,,,,,136.0,103.0,0.5,stalzone-database/ru/items/armor/clothes/_variants/g4yw6/8.json
g4yw6,g4yw6,9,True,Бандитский кожак,armor/clothes,Отмычка,Одежда,DEFAULT,PERSONAL_ON_USE,1.0,100.0,100.0,36.0,,3.0,,,,,,,,,20.0,,,39.0,30.0,11.0,11.0,11.0,20.0,0.0,20.0,0.0,,,,,,,,,,,,,136.0,103.0,0.5,stalzone-database/ru/items/armor/clothes/_variants/g4yw6/9.json
g4yw6,g4yw6,10,True,Бандитский кожак,armor/clothes,Отмычка,Одежда,DEFAULT,PERSONAL_ON_USE,1.0,100.0,100.0,36.0,,3.0,,,,,,,,,20.0,,,39.0,30.0,11.0,11.0,11.0,20.0,0.0,20.0,0.0,,,,,,,,,,,,,136.0,103.0,0.5,stalzone-database/ru/items/armor/clothes/_variants/g4yw6/10.json
g4yw6,g4yw6,11,True,Бандитский кожак,armor/clothes,Отмычка,Одежда,DEFAULT,PERSONAL_ON_USE,1.0,100.0,100.0,36.0,,3.0,,,,,,,,,20.0,,,39.0,30.0,11.0,11.0,11.0,20.0,0.0,20.0,0.0,,,,,,,,,,,,,136.0,103.0,0.5,stalzone-database/ru/items/armor/clothes/_variants/g4yw6/11.json
g4yw6,g4yw6,12,True,Бандитский кожак,armor/clothes,Отмычка,Одежда,DEFAULT,PERSONAL_ON_USE,1.0,100.0,100.0,36.0,,3.0,,,,,,,,,20.0,,,39.0,30.0,11.0,11.0,11.0,20.0,0.0,20.0,0.0,,,,,,,,,,,,,136.0,103.0,0.5,stalzone-database/ru/items/armor/clothes/_variants/g4yw6/12.json
g4yw6,g4yw6,13,True,Бандитский кожак,armor/clothes,Отмычка,Одежда,DEFAULT,PERSONAL_ON_USE,1.0,100.0,100.0,36.0,,3.0,,,,,,,,,20.0,,,39.0,30.0,11.0,11.0,11.0,20.0,0.0,20.0,0.0,,,,,,,,,,,,,136.0,103.0,0.5,stalzone-database/ru/items/armor/clothes/_variants/g4yw6/13.json
g4yw6,g4yw6,14,True,Бандитский кожак,armor/clothes,Отмычка,Одежда,DEFAULT,PERSONAL_ON_USE,1.0,100.0,100.0,36.0,,3.0,,,,,,,,,20.0,,,39.0,30.0,11.0,11.0,11.0,20.0,0.0,20.0,0.0,,,,,,,,,,,,,136.0,103.0,0.5,stalzone-database/ru/items/armor/clothes/_variants/g4yw6/14.json
g4yw6,g4yw6,15,True,Бандитский кожак,armor/clothes,Отмычка,Одежда,DEFAULT,PERSONAL_ON_USE,1.0,100.0,100.0,36.0,,3.0,,,,,,,,,20.0,,,39.0,30.0,11.0,11.0,11.0,20.0,0.0,20.0,0.0,,,,,,,,,,,,,136.0,103.0,0.5,stalzone-database/ru/items/armor/clothes/_variants/g4yw6/15.json
j5ko0,j5ko0,0,False,Костюм «Аврора» с противогазом,armor/combined,Новичок,Комбинированные,RANK_NEWBIE,PERSONAL_ON_USE,3.7,100.0,100.0,29.0,,1.0,,,,,,,6.0,,25.0,,,37.0,20.0,15.0,15.0,15.0,50.0,30.0,50.0,0.0,,,,,,,,,,,,,129.0,101.0,0.5,stalzone-database/ru/items/armor/combined/j5ko0.json
j5ko0,j5ko0,1,True,Костюм «Аврора» с противогазом,armor/combined,Новичок,Комбинированные,RANK_NEWBIE,PERSONAL_ON_USE,3.7,100.0,100.0,30.180336,,1.0,,,,,,,6.0,,25.0,,,37.0,20.0,15.0,15.0,15.0,50.0,30.0,50.0,0.0,,,,,,,,,,,,,130.180336,101.0,0.5,stalzone-database/ru/items/armor/combined/_variants/j5ko0/1.json
j5ko0,j5ko0,2,True,Костюм «Аврора» с противогазом,armor/combined,Новичок,Комбинированные,RANK_NEWBIE,PERSONAL_ON_USE,3.7,100.0,100.0,31.36067,,1.0,,,,,,,6.0,,25.0,,,37.0,20.0,15.0,15.0,15.0,50.0,30.0,50.0,0.0,,,,,,,,,,,,,131.36067,101.0,0.5,stalzone-database/ru/items/armor/combined/_variants/j5ko0/2.json
j5ko0,j5ko0,3,True,Костюм «Аврора» с противогазом,armor/combined,Новичок,Комбинированные,RANK_NEWBIE,PERSONAL_ON_USE,3.7,100.0,100.0,32.541008,,1.0,,,,,,,6.0,,25.0,,,37.0,20.0,15.0,15.0,15.0,50.0,30.0,50.0,0.0,,,,,,,,,,,,,132.541008,101.0,0.5,stalzone-database/ru/items/armor/combined/_variants/j5ko0/3.json
j5ko0,j5ko0,4,True,Костюм «Аврора» с противогазом,armor/combined,Новичок,Комбинированные,RANK_NEWBIE,PERSONAL_ON_USE,3.7,100.0,100.0,33.72134,,1.0,,,,,,,6.0,,25.0,,,37.0,20.0,15.0,15.0,15.0,50.0,30.0,50.0,0.0,,,,,,,,,,,,,133.72134,101.0,0.5,stalzone-database/ru/items/armor/combined/_variants/j5ko0/4.json
j5ko0,j5ko0,5,True,Костюм «Аврора» с противогазом,armor/combined,Новичок,Комбинированные,RANK_NEWBIE,PERSONAL_ON_USE,3.7,100.0,100.0,37.26235,,1.0,,,,,,,6.0,,25.0,,,37.0,20.0,15.0,15.0,15.0,50.0,30.0,50.0,0.0,,,,,,,,,,,,,137.26235,101.0,0.5,stalzone-database/ru/items/armor/combined/_variants/j5ko0/5.json
j5ko0,j5ko0,6,True,Костюм «Аврора» с противогазом,armor/combined,Новичок,Комбинированные,RANK_NEWBIE,PERSONAL_ON_USE,3.7,100.0,100.0,39.032852,,1.0,,,,,,,6.0,,25.0,,,37.0,20.0,15.0,15.0,15.0,50.0,30.0,50.0,0.0,,,,,,,,,,,,,139.032852,101.0,0.5,stalzone-database/ru/items/armor/combined/_variants/j5ko0/6.json
j5ko0,j5ko0,7,True,Костюм «Аврора» с противогазом,armor/combined,Новичок,Комбинированные,RANK_NEWBIE,PERSONAL_ON_USE,3.7,100.0,100.0,40.803356,,1.0,,,,,,,6.0,,25.0,,,37.0,20.0,15.0,15.0,15.0,50.0,30.0,50.0,0.0,,,,,,,,,,,,,140.803356,101.0,0.5,stalzone-database/ru/items/armor/combined/_variants/j5ko0/7.json
j5ko0,j5ko0,8,True,Костюм «Аврора» с противогазом,armor/combined,Новичок,Комбинированные,RANK_NEWBIE,PERSONAL_ON_USE,3.7,100.0,100.0,42.573856,,1.0,,,,,,,6.0,,25.0,,,37.0,20.0,15.0,15.0,15.0,50.0,30.0,50.0,0.0,,,,,,,,,,,,,142.573856,101.0,0.5,stalzone-database/ru/items/armor/combined/_variants/j5ko0/8.json
j5ko0,j5ko0,9,True,Костюм «Аврора» с противогазом,armor/combined,Новичок,Комбинированные,RANK_NEWBIE,PERSONAL_ON_USE,3.7,100.0,100.0,44.344357,,1.0,,,,,,,6.0,,25.0,,,37.0,20.0,15.0,15.0,15.0,50.0,30.0,50.0,0.0,,,,,,,,,,,,,144.344357,101.0,0.5,stalzone-database/ru/items/armor/combined/_variants/j5ko0/9.json
j5ko0,j5ko0,10,True,Костюм «Аврора» с противогазом,armor/combined,Новичок,Комбинированные,RANK_NEWBIE,PERSONAL_ON_USE,3.7,100.0,100.0,49.53783,,1.0,,,,,,,6.0,,25.0,,,37.0,20.0,15.0,15.0,15.0,50.0,30.0,50.0,0.0,,,,,,,,,,,,,149.53782999999999,101.0,0.5,stalzone-database/ru/items/armor/combined/_variants/j5ko0/10.json
j5ko0,j5ko0,11,True,Костюм «Аврора» с противогазом,armor/combined,Новичок,Комбинированные,RANK_NEWBIE,PERSONAL_ON_USE,3.7,100.0,100.0,52.13457,,1.0,,,,,,,6.0,,25.0,,,37.0,20.0,15.0,15.0,15.0,50.0,30.0,50.0,0.0,,,,,,,,,,,,,152.13457,101.0,0.5,stalzone-database/ru/items/armor/combined/_variants/j5ko0/11.json
j5ko0,j5ko0,12,True,Костюм «Аврора» с противогазом,armor/combined,Новичок,Комбинированные,RANK_NEWBIE,PERSONAL_ON_USE,3.7,100.0,100.0,54.731308,,1.0,,,,,,,6.0,,25.0,,,37.0,20.0,15.0,15.0,15.0,50.0,30.0,50.0,0.0,,,,,,,,,,,,,154.731308,101.0,0.5,stalzone-database/ru/items/armor/combined/_variants/j5ko0/12.json
j5ko0,j5ko0,13,True,Костюм «Аврора» с противогазом,armor/combined,Новичок,Комбинированные,RANK_NEWBIE,PERSONAL_ON_USE,3.7,100.0,100.0,57.32805,,1.0,,,,,,,6.0,,25.0,,,37.0,20.0,15.0,15.0,15.0,50.0,30.0,50.0,0.0,,,,,,,,,,,,,157.32805,101.0,0.5,stalzone-database/ru/items/armor/combined/_variants/j5ko0/13.json
j5ko0,j5ko0,14,True,Костюм «Аврора» с противогазом,armor/combined,Новичок,Комбинированные,RANK_NEWBIE,PERSONAL_ON_USE,3.7,100.0,100.0,58.0,,1.0,,,,,,,6.0,,25.0,,,37.0,20.0,15.0,15.0,15.0,50.0,30.0,50.0,0.0,,,,,,,,,,,,,158.0,101.0,0.5,stalzone-database/ru/items/armor/combined/_variants/j5ko0/14.json
j5ko0,j5ko0,15,True,Костюм «Аврора» с противогазом,armor/combined,Новичок,Комбинированные,RANK_NEWBIE,PERSONAL_ON_USE,3.7,100.0,100.0,58.0,,1.0,,,,,,,6.0,,25.0,,,37.0,20.0,15.0,15.0,15.0,50.0,30.0,50.0,0.0,,,,,,,,,,,,,158.0,101.0,0.5,stalzone-database/ru/items/armor/combined/_variants/j5ko0/15.json
j5krg,j5krg,0,False,Бронекостюм «Призрачный охотник»,armor/combat,Ветеран,Боевые,RANK_VETERAN,PERSONAL_ON_USE,14.0,100.0,100.0,154.0,,3.0,,,,,,,20.0,,50.0,,,145.0,143.0,80.0,80.0,80.0,200.0,100.0,200.0,160.0,,,,,,,,,,,,,254.0,103.0,0.5,stalzone-database/ru/items/armor/combat/j5krg.json
j5krg,j5krg,1,True,Бронекостюм «Призрачный охотник»,armor/combat,Ветеран,Боевые,RANK_VETERAN,PERSONAL_ON_USE,14.0,100.0,100.0,156.32408,,3.0,,,,,,,20.0,,50.0,,,145.0,143.0,80.0,80.0,80.0,200.0,100.0,200.0,160.0,,,,,,,,,,,,,256.32408,103.0,0.5,stalzone-database/ru/items/armor/combat/_variants/j5krg/1.json
j5krg,j5krg,2,True,Бронекостюм «Призрачный охотник»,armor/combat,Ветеран,Боевые,RANK_VETERAN,PERSONAL_ON_USE,14.0,100.0,100.0,158.64818,,3.0,,,,,,,20.0,,50.0,,,145.0,143.0,80.0,80.0,80.0,200.0,100.0,200.0,160.0,,,,,,,,,,,,,258.64818,103.0,0.5,stalzone-database/ru/items/armor/combat/_variants/j5krg/2.json
j5krg,j5krg,3,True,Бронекостюм «Призрачный охотник»,armor/combat,Ветеран,Боевые,RANK_VETERAN,PERSONAL_ON_USE,14.0,100.0,100.0,160.97226,,3.0,,,,,,,20.0,,50.0,,,145.0,143.0,80.0,80.0,80.0,200.0,100.0,200.0,160.0,,,,,,,,,,,,,260.97226,103.0,0.5,stalzone-database/ru/items/armor/combat/_variants/j5krg/3.json
j5krg,j5krg,4,True,Бронекостюм «Призрачный охотник»,armor/combat,Ветеран,Боевые,RANK_VETERAN,PERSONAL_ON_USE,14.0,100.0,100.0,163.29633,,3.0,,,,,,,20.0,,50.0,,,145.0,143.0,80.0,80.0,80.0,200.0,100.0,200.0,160.0,,,,,,,,,,,,,263.29633,103.0,0.5,stalzone-database/ru/items/armor/combat/_variants/j5krg/4.json
j5krg,j5krg,5,True,Бронекостюм «Призрачный охотник»,armor/combat,Ветеран,Боевые,RANK_VETERAN,PERSONAL_ON_USE,14.0,100.0,100.0,170.26859,,3.0,,,,,,,20.0,,50.0,,,145.0,143.0,80.0,80.0,80.0,200.0,100.0,200.0,160.0,,,,,,,,,,,,,270.26859,103.0,0.5,stalzone-database/ru/items/armor/combat/_variants/j5krg/5.json
j5krg,j5krg,6,True,Бронекостюм «Призрачный охотник»,armor/combat,Ветеран,Боевые,RANK_VETERAN,PERSONAL_ON_USE,14.0,100.0,100.0,173.75473,,3.0,,,,,,,20.0,,50.0,,,145.0,143.0,80.0,80.0,80.0,200.0,100.0,200.0,160.0,,,,,,,,,,,,,273.75473,103.0,0.5,stalzone-database/ru/items/armor/combat/_variants/j5krg/6.json
j5krg,j5krg,7,True,Бронекостюм «Призрачный охотник»,armor/combat,Ветеран,Боевые,RANK_VETERAN,PERSONAL_ON_USE,14.0,100.0,100.0,177.24086,,3.0,,,,,,,20.0,,50.0,,,145.0,143.0,80.0,80.0,80.0,200.0,100.0,200.0,160.0,,,,,,,,,,,,,277.24086,103.0,0.5,stalzone-database/ru/items/armor/combat/_variants/j5krg/7.json
j5krg,j5krg,8,True,Бронекостюм «Призрачный охотник»,armor/combat,Ветеран,Боевые,RANK_VETERAN,PERSONAL_ON_USE,14.0,100.0,100.0,180.72697,,3.0,,,,,,,20.0,,50.0,,,145.0,143.0,80.0,80.0,80.0,200.0,100.0,200.0,160.0,,,,,,,,,,,,,280.72697,103.0,0.5,stalzone-database/ru/items/armor/combat/_variants/j5krg/8.json
j5krg,j5krg,9,True,Бронекостюм «Призрачный охотник»,armor/combat,Ветеран,Боевые,RANK_VETERAN,PERSONAL_ON_USE,14.0,100.0,100.0,184.21312,,3.0,,,,,,,20.0,,50.0,,,145.0,143.0,80.0,80.0,80.0,200.0,100.0,200.0,160.0,,,,,,,,,,,,,284.21312,103.0,0.5,stalzone-database/ru/items/armor/combat/_variants/j5krg/9.json
j5krg,j5krg,10,True,Бронекостюм «Призрачный охотник»,armor/combat,Ветеран,Боевые,RANK_VETERAN,PERSONAL_ON_USE,14.0,100.0,100.0,194.43907,,3.0,,,,,,,20.0,,50.0,,,145.0,143.0,80.0,80.0,80.0,200.0,100.0,200.0,160.0,,,,,,,,,,,,,294.43907,103.0,0.5,stalzone-database/ru/items/armor/combat/_variants/j5krg/10.json
j5krg,j5krg,11,True,Бронекостюм «Призрачный охотник»,armor/combat,Ветеран,Боевые,RANK_VETERAN,PERSONAL_ON_USE,14.0,100.0,100.0,199.55208,,3.0,,,,,,,20.0,,50.0,,,145.0,143.0,80.0,80.0,80.0,200.0,100.0,200.0,160.0,,,,,,,,,,,,,299.55208,103.0,0.5,stalzone-database/ru/items/armor/combat/_variants/j5krg/11.json
j5krg,j5krg,12,True,Бронекостюм «Призрачный охотник»,armor/combat,Ветеран,Боевые,RANK_VETERAN,PERSONAL_ON_USE,14.0,100.0,100.0,204.66507,,3.0,,,,,,,20.0,,50.0,,,145.0,143.0,80.0,80.0,80.0,200.0,100.0,200.0,160.0,,,,,,,,,,,,,304.66507,103.0,0.5,stalzone-database/ru/items/armor/combat/_variants/j5krg/12.json
j5krg,j5krg,13,True,Бронекостюм «Призрачный охотник»,armor/combat,Ветеран,Боевые,RANK_VETERAN,PERSONAL_ON_USE,14.0,100.0,100.0,209.77805,,3.0,,,,,,,20.0,,50.0,,,145.0,143.0,80.0,80.0,80.0,200.0,100.0,200.0,160.0,,,,,,,,,,,,,309.77805,103.0,0.5,stalzone-database/ru/items/armor/combat/_variants/j5krg/13.json
j5krg,j5krg,14,True,Бронекостюм «Призрачный охотник»,armor/combat,Ветеран,Боевые,RANK_VETERAN,PERSONAL_ON_USE,14.0,100.0,100.0,214.89104,,3.0,,,,,,,20.0,,50.0,,,145.0,143.0,80.0,80.0,80.0,200.0,100.0,200.0,160.0,,,,,,,,,,,,,314.89104,103.0,0.5,stalzone-database/ru/items/armor/combat/_variants/j5krg/14.json
j5krg,j5krg,15,True,Бронекостюм «Призрачный охотник»,armor/combat,Ветеран,Боевые,RANK_VETERAN,PERSONAL_ON_USE,14.0,100.0,100.0,230.23,,3.0,,,,,,,20.0,,50.0,,,145.0,143.0,80.0,80.0,80.0,200.0,100.0,200.0,160.0,,,,,,,,,,,,,330.23,103.0,0.5,stalzone-database/ru/items/armor/combat/_variants/j5krg/15.json
j5kv0,j5kv0,0,False,Костюм АО-2 «Странник»,armor/combined,Новичок,Комбинированные,RANK_NEWBIE,PERSONAL_ON_USE,4.5,100.0,100.0,48.0,,-1.0,,,,,2.0,,6.0,-0.25,40.0,,,45.0,37.0,90.0,90.0,90.0,140.0,40.0,100.0,70.0,,,,,,,,,,,,,148.0,99.0,2.5,stalzone-database/ru/items/armor/combined/j5kv0.json
j5kv0,j5kv0,1,True,Костюм АО-2 «Странник»,armor/combined,Новичок,Комбинированные,RANK_NEWBIE,PERSONAL_ON_USE,4.5,100.0,100.0,49.35366,,-1.0,,,,,2.0,,6.0,-0.25,40.0,,,45.0,37.0,90.0,90.0,90.0,140.0,40.0,100.0,70.0,,,,,,,,,,,,,149.35366,99.0,2.5,stalzone-database/ru/items/armor/combined/_variants/j5kv0/1.json
j5kv0,j5kv0,2,True,Костюм АО-2 «Странник»,armor/combined,Новичок,Комбинированные,RANK_NEWBIE,PERSONAL_ON_USE,4.5,100.0,100.0,50.707317,,-1.0,,,,,2.0,,6.0,-0.25,40.0,,,45.0,37.0,90.0,90.0,90.0,140.0,40.0,100.0,70.0,,,,,,,,,,,,,150.707317,99.0,2.5,stalzone-database/ru/items/armor/combined/_variants/j5kv0/2.json
j5kv0,j5kv0,3,True,Костюм АО-2 «Странник»,armor/combined,Новичок,Комбинированные,RANK_NEWBIE,PERSONAL_ON_USE,4.5,100.0,100.0,52.060974,,-1.0,,,,,2.0,,6.0,-0.25,40.0,,,45.0,37.0,90.0,90.0,90.0,140.0,40.0,100.0,70.0,,,,,,,,,,,,,152.060974,99.0,2.5,stalzone-database/ru/items/armor/combined/_variants/j5kv0/3.json
j5kv0,j5kv0,4,True,Костюм АО-2 «Странник»,armor/combined,Новичок,Комбинированные,RANK_NEWBIE,PERSONAL_ON_USE,4.5,100.0,100.0,53.414635,,-1.0,,,,,2.0,,6.0,-0.25,40.0,,,45.0,37.0,90.0,90.0,90.0,140.0,40.0,100.0,70.0,,,,,,,,,,,,,153.414635,99.0,2.5,stalzone-database/ru/items/armor/combined/_variants/j5kv0/4.json
j5kv0,j5kv0,5,True,Костюм АО-2 «Странник»,armor/combined,Новичок,Комбинированные,RANK_NEWBIE,PERSONAL_ON_USE,4.5,100.0,100.0,57.475605,,-1.0,,,,,2.0,,6.0,-0.25,40.0,,,45.0,37.0,90.0,90.0,90.0,140.0,40.0,100.0,70.0,,,,,,,,,,,,,157.475605,99.0,2.5,stalzone-database/ru/items/armor/combined/_variants/j5kv0/5.json
j5kv0,j5kv0,6,True,Костюм АО-2 «Странник»,armor/combined,Новичок,Комбинированные,RANK_NEWBIE,PERSONAL_ON_USE,4.5,100.0,100.0,59.506096,,-1.0,,,,,2.0,,6.0,-0.25,40.0,,,45.0,37.0,90.0,90.0,90.0,140.0,40.0,100.0,70.0,,,,,,,,,,,,,159.506096,99.0,2.5,stalzone-database/ru/items/armor/combined/_variants/j5kv0/6.json
j5kv0,j5kv0,7,True,Костюм АО-2 «Странник»,armor/combined,Новичок,Комбинированные,RANK_NEWBIE,PERSONAL_ON_USE,4.5,100.0,100.0,61.536587,,-1.0,,,,,2.0,,6.0,-0.25,40.0,,,45.0,37.0,90.0,90.0,90.0,140.0,40.0,100.0,70.0,,,,,,,,,,,,,161.536587,99.0,2.5,stalzone-database/ru/items/armor/combined/_variants/j5kv0/7.json
j5kv0,j5kv0,8,True,Костюм АО-2 «Странник»,armor/combined,Новичок,Комбинированные,RANK_NEWBIE,PERSONAL_ON_USE,4.5,100.0,100.0,63.56707,,-1.0,,,,,2.0,,6.0,-0.25,40.0,,,45.0,37.0,90.0,90.0,90.0,140.0,40.0,100.0,70.0,,,,,,,,,,,,,163.56707,99.0,2.5,stalzone-database/ru/items/armor/combined/_variants/j5kv0/8.json
j5kv0,j5kv0,9,True,Костюм АО-2 «Странник»,armor/combined,Новичок,Комбинированные,RANK_NEWBIE,PERSONAL_ON_USE,4.5,100.0,100.0,65.59756,,-1.0,,,,,2.0,,6.0,-0.25,40.0,,,45.0,37.0,90.0,90.0,90.0,140.0,40.0,100.0,70.0,,,,,,,,,,,,,165.59756,99.0,2.5,stalzone-database/ru/items/armor/combined/_variants/j5kv0/9.json
j5kv0,j5kv0,10,True,Костюм АО-2 «Странник»,armor/combined,Новичок,Комбинированные,RANK_NEWBIE,PERSONAL_ON_USE,4.5,100.0,100.0,71.55366,,-1.0,,,,,2.0,,6.0,-0.25,40.0,,,45.0,37.0,90.0,90.0,90.0,140.0,40.0,100.0,70.0,,,,,,,,,,,,,171.55365999999998,99.0,2.5,stalzone-database/ru/items/armor/combined/_variants/j5kv0/10.json
j5kv0,j5kv0,11,True,Костюм АО-2 «Странник»,armor/combined,Новичок,Комбинированные,RANK_NEWBIE,PERSONAL_ON_USE,4.5,100.0,100.0,74.53171,,-1.0,,,,,2.0,,6.0,-0.25,40.0,,,45.0,37.0,90.0,90.0,90.0,140.0,40.0,100.0,70.0,,,,,,,,,,,,,174.53171000000003,99.0,2.5,stalzone-database/ru/items/armor/combined/_variants/j5kv0/11.json
j5kv0,j5kv0,12,True,Костюм АО-2 «Странник»,armor/combined,Новичок,Комбинированные,RANK_NEWBIE,PERSONAL_ON_USE,4.5,100.0,100.0,77.50976,,-1.0,,,,,2.0,,6.0,-0.25,40.0,,,45.0,37.0,90.0,90.0,90.0,140.0,40.0,100.0,70.0,,,,,,,,,,,,,177.50976,99.0,2.5,stalzone-database/ru/items/armor/combined/_variants/j5kv0/12.json
j5kv0,j5kv0,13,True,Костюм АО-2 «Странник»,armor/combined,Новичок,Комбинированные,RANK_NEWBIE,PERSONAL_ON_USE,4.5,100.0,100.0,80.48781,,-1.0,,,,,2.0,,6.0,-0.25,40.0,,,45.0,37.0,90.0,90.0,90.0,140.0,40.0,100.0,70.0,,,,,,,,,,,,,180.48781,99.0,2.5,stalzone-database/ru/items/armor/combined/_variants/j5kv0/13.json
j5kv0,j5kv0,14,True,Костюм АО-2 «Странник»,armor/combined,Новичок,Комбинированные,RANK_NEWBIE,PERSONAL_ON_USE,4.5,100.0,100.0,83.46586,,-1.0,,,,,2.0,,6.0,-0.25,40.0,,,45.0,37.0,90.0,90.0,90.0,140.0,40.0,100.0,70.0,,,,,,,,,,,,,183.46586000000002,99.0,2.5,stalzone-database/ru/items/armor/combined/_variants/j5kv0/14.json
j5kv0,j5kv0,15,True,Костюм АО-2 «Странник»,armor/combined,Новичок,Комбинированные,RANK_NEWBIE,PERSONAL_ON_USE,4.5,100.0,100.0,92.399994,,-1.0,,,,,2.0,,6.0,-0.25,40.0,,,45.0,37.0,90.0,90.0,90.0,140.0,40.0,100.0,70.0,,,,,,,,,,,,,192.399994,99.0,2.5,stalzone-database/ru/items/armor/combined/_variants/j5kv0/15.json
kn3yv,kn3yv,0,False,Экзоброня «Ригель»,armor/combined,Мастер,Комбинированные,RANK_MASTER,PERSONAL_ON_USE,32.0,100.0,100.0,235.0,,-4.0,,-5.0,,,,,20.0,,40.0,,,164.0,160.0,300.0,600.0,300.0,300.0,200.0,300.0,300.0,,20.0,,,,,,,,,,,335.0,96.0,0.5,stalzone-database/ru/items/armor/combined/kn3yv.json
kn3yv,kn3yv,1,True,Экзоброня «Ригель»,armor/combined,Мастер,Комбинированные,RANK_MASTER,PERSONAL_ON_USE,32.0,100.0,100.0,238.06647,,-4.0,,-5.0,,,,,20.0,,40.0,,,164.0,160.0,300.0,600.0,300.0,300.0,200.0,300.0,300.0,,20.0,,,,,,,,,,,338.06647,96.0,0.5,stalzone-database/ru/items/armor/combined/_variants/kn3yv/1.json
kn3yv,kn3yv,2,True,Экзоброня «Ригель»,armor/combined,Мастер,Комбинированные,RANK_MASTER,PERSONAL_ON_USE,32.0,100.0,100.0,241.13292,,-4.0,,-5.0,,,,,20.0,,40.0,,,164.0,160.0,300.0,600.0,300.0,300.0,200.0,300.0,300.0,,20.0,,,,,,,,,,,341.13292,96.0,0.5,stalzone-database/ru/items/armor/combined/_variants/kn3yv/2.json
kn3yv,kn3yv,3,True,Экзоброня «Ригель»,armor/combined,Мастер,Комбинированные,RANK_MASTER,PERSONAL_ON_USE,32.0,100.0,100.0,244.19939,,-4.0,,-5.0,,,,,20.0,,40.0,,,164.0,160.0,300.0,600.0,300.0,300.0,200.0,300.0,300.0,,20.0,,,,,,,,,,,344.19939,96.0,0.5,stalzone-database/ru/items/armor/combined/_variants/kn3yv/3.json
kn3yv,kn3yv,4,True,Экзоброня «Ригель»,armor/combined,Мастер,Комбинированные,RANK_MASTER,PERSONAL_ON_USE,32.0,100.0,100.0,247.26584,,-4.0,,-5.0,,,,,20.0,,40.0,,,164.0,160.0,300.0,600.0,300.0,300.0,200.0,300.0,300.0,,20.0,,,,,,,,,,,347.26584,96.0,0.5,stalzone-database/ru/items/armor/combined/_variants/kn3yv/4.json
kn3yv,kn3yv,5,True,Экзоброня «Ригель»,armor/combined,Мастер,Комбинированные,RANK_MASTER,PERSONAL_ON_USE,32.0,100.0,100.0,256.46524,,-4.0,,-5.0,,,,,20.0,,40.0,,,164.0,160.0,300.0,600.0,300.0,300.0,200.0,300.0,300.0,,20.0,,,,,,,,,,,356.46524,96.0,0.5,stalzone-database/ru/items/armor/combined/_variants/kn3yv/5.json
kn3yv,kn3yv,6,True,Экзоброня «Ригель»,armor/combined,Мастер,Комбинированные,RANK_MASTER,PERSONAL_ON_USE,32.0,100.0,100.0,261.06494,,-4.0,,-5.0,,,,,20.0,,40.0,,,164.0,160.0,300.0,600.0,300.0,300.0,200.0,300.0,300.0,,20.0,,,,,,,,,,,361.06494,96.0,0.5,stalzone-database/ru/items/armor/combined/_variants/kn3yv/6.json
kn3yv,kn3yv,7,True,Экзоброня «Ригель»,armor/combined,Мастер,Комбинированные,RANK_MASTER,PERSONAL_ON_USE,32.0,100.0,100.0,265.66464,,-4.0,,-5.0,,,,,20.0,,40.0,,,164.0,160.0,300.0,600.0,300.0,300.0,200.0,300.0,300.0,,20.0,,,,,,,,,,,365.66464,96.0,0.5,stalzone-database/ru/items/armor/combined/_variants/kn3yv/7.json
kn3yv,kn3yv,8,True,Экзоброня «Ригель»,armor/combined,Мастер,Комбинированные,RANK_MASTER,PERSONAL_ON_USE,32.0,100.0,100.0,270.2643,,-4.0,,-5.0,,,,,20.0,,40.0,,,164.0,160.0,300.0,600.0,300.0,300.0,200.0,300.0,300.0,,20.0,,,,,,,,,,,370.2643,96.0,0.5,stalzone-database/ru/items/armor/combined/_variants/kn3yv/8.json
kn3yv,kn3yv,9,True,Экзоброня «Ригель»,armor/combined,Мастер,Комбинированные,RANK_MASTER,PERSONAL_ON_USE,32.0,100.0,100.0,274.864,,-4.0,,-5.0,,,,,20.0,,40.0,,,164.0,160.0,300.0,600.0,300.0,300.0,200.0,300.0,300.0,,20.0,,,,,,,,,,,374.8639999999999,96.0,0.5,stalzone-database/ru/items/armor/combined/_variants/kn3yv/9.json
kn3yv,kn3yv,10,True,Экзоброня «Ригель»,armor/combined,Мастер,Комбинированные,RANK_MASTER,PERSONAL_ON_USE,32.0,100.0,100.0,288.35645,,-4.0,,-5.0,,,,,20.0,,40.0,,,164.0,160.0,300.0,600.0,300.0,300.0,200.0,300.0,300.0,,20.0,,,,,,,,,,,388.35645,96.0,0.5,stalzone-database/ru/items/armor/combined/_variants/kn3yv/10.json
kn3yv,kn3yv,11,True,Экзоброня «Ригель»,armor/combined,Мастер,Комбинированные,RANK_MASTER,PERSONAL_ON_USE,32.0,100.0,100.0,295.1027,,-4.0,,-5.0,,,,,20.0,,40.0,,,164.0,160.0,300.0,600.0,300.0,300.0,200.0,300.0,300.0,,20.0,,,,,,,,,,,395.1027,96.0,0.5,stalzone-database/ru/items/armor/combined/_variants/kn3yv/11.json
kn3yv,kn3yv,12,True,Экзоброня «Ригель»,armor/combined,Мастер,Комбинированные,RANK_MASTER,PERSONAL_ON_USE,32.0,100.0,100.0,301.8489,,-4.0,,-5.0,,,,,20.0,,40.0,,,164.0,160.0,300.0,600.0,300.0,300.0,200.0,300.0,300.0,,20.0,,,,,,,,,,,401.8489,96.0,0.5,stalzone-database/ru/items/armor/combined/_variants/kn3yv/12.json
kn3yv,kn3yv,13,True,Экзоброня «Ригель»,armor/combined,Мастер,Комбинированные,RANK_MASTER,PERSONAL_ON_USE,32.0,100.0,100.0,308.5951,,-4.0,,-5.0,,,,,20.0,,40.0,,,164.0,160.0,300.0,600.0,300.0,300.0,200.0,300.0,300.0,,20.0,,,,,,,,,,,408.5951,96.0,0.5,stalzone-database/ru/items/armor/combined/_variants/kn3yv/13.json
kn3yv,kn3yv,14,True,Экзоброня «Ригель»,armor/combined,Мастер,Комбинированные,RANK_MASTER,PERSONAL_ON_USE,32.0,100.0,100.0,315.34134,,-4.0,,-5.0,,,,,20.0,,40.0,,,164.0,160.0,300.0,600.0,300.0,300.0,200.0,300.0,300.0,,20.0,,,,,,,,,,,415.34134,96.0,0.5,stalzone-database/ru/items/armor/combined/_variants/kn3yv/14.json
kn3yv,kn3yv,15,True,Экзоброня «Ригель»,armor/combined,Мастер,Комбинированные,RANK_MASTER,PERSONAL_ON_USE,32.0,100.0,100.0,335.58,,-4.0,,-5.0,,,,,20.0,,40.0,,,164.0,160.0,300.0,600.0,300.0,300.0,200.0,300.0,300.0,,20.0,,,,,,,,,,,435.58,96.0,0.5,stalzone-database/ru/items/armor/combined/_variants/kn3yv/15.json
knq0p,knq0p,0,False,Бронекостюм «Рысь»,armor/combat,Сталкер,Боевые,RANK_STALKER,PERSONAL_ON_USE,9.0,100.0,100.0,125.0,,-2.0,,-10.0,,,,,9.0,,50.0,,,119.0,180.0,20.0,20.0,20.0,120.0,30.0,100.0,40.0,,20.0,,,,,,,,,,,225.0,98.0,0.5,stalzone-database/ru/items/armor/combat/knq0p.json
knq0p,knq0p,1,True,Бронекостюм «Рысь»,armor/combat,Сталкер,Боевые,RANK_STALKER,PERSONAL_ON_USE,9.0,100.0,100.0,127.05792,,-2.0,,-10.0,,,,,9.0,,50.0,,,119.0,180.0,20.0,20.0,20.0,120.0,30.0,100.0,40.0,,20.0,,,,,,,,,,,227.05792000000002,98.0,0.5,stalzone-database/ru/items/armor/combat/_variants/knq0p/1.json
knq0p,knq0p,2,True,Бронекостюм «Рысь»,armor/combat,Сталкер,Боевые,RANK_STALKER,PERSONAL_ON_USE,9.0,100.0,100.0,129.11584,,-2.0,,-10.0,,,,,9.0,,50.0,,,119.0,180.0,20.0,20.0,20.0,120.0,30.0,100.0,40.0,,20.0,,,,,,,,,,,229.11584,98.0,0.5,stalzone-database/ru/items/armor/combat/_variants/knq0p/2.json
knq0p,knq0p,3,True,Бронекостюм «Рысь»,armor/combat,Сталкер,Боевые,RANK_STALKER,PERSONAL_ON_USE,9.0,100.0,100.0,131.17377,,-2.0,,-10.0,,,,,9.0,,50.0,,,119.0,180.0,20.0,20.0,20.0,120.0,30.0,100.0,40.0,,20.0,,,,,,,,,,,231.17377,98.0,0.5,stalzone-database/ru/items/armor/combat/_variants/knq0p/3.json
knq0p,knq0p,4,True,Бронекостюм «Рысь»,armor/combat,Сталкер,Боевые,RANK_STALKER,PERSONAL_ON_USE,9.0,100.0,100.0,133.2317,,-2.0,,-10.0,,,,,9.0,,50.0,,,119.0,180.0,20.0,20.0,20.0,120.0,30.0,100.0,40.0,,20.0,,,,,,,,,,,233.2317,98.0,0.5,stalzone-database/ru/items/armor/combat/_variants/knq0p/4.json
knq0p,knq0p,5,True,Бронекостюм «Рысь»,armor/combat,Сталкер,Боевые,RANK_STALKER,PERSONAL_ON_USE,9.0,100.0,100.0,139.40549,,-2.0,,-10.0,,,,,9.0,,50.0,,,119.0,180.0,20.0,20.0,20.0,120.0,30.0,100.0,40.0,,20.0,,,,,,,,,,,239.40549,98.0,0.5,stalzone-database/ru/items/armor/combat/_variants/knq0p/5.json
knq0p,knq0p,6,True,Бронекостюм «Рысь»,armor/combat,Сталкер,Боевые,RANK_STALKER,PERSONAL_ON_USE,9.0,100.0,100.0,142.49239,,-2.0,,-10.0,,,,,9.0,,50.0,,,119.0,180.0,20.0,20.0,20.0,120.0,30.0,100.0,40.0,,20.0,,,,,,,,,,,242.49239,98.0,0.5,stalzone-database/ru/items/armor/combat/_variants/knq0p/6.json
knq0p,knq0p,7,True,Бронекостюм «Рысь»,armor/combat,Сталкер,Боевые,RANK_STALKER,PERSONAL_ON_USE,9.0,100.0,100.0,145.57927,,-2.0,,-10.0,,,,,9.0,,50.0,,,119.0,180.0,20.0,20.0,20.0,120.0,30.0,100.0,40.0,,20.0,,,,,,,,,,,245.57927,98.0,0.5,stalzone-database/ru/items/armor/combat/_variants/knq0p/7.json
knq0p,knq0p,8,True,Бронекостюм «Рысь»,armor/combat,Сталкер,Боевые,RANK_STALKER,PERSONAL_ON_USE,9.0,100.0,100.0,148.66615,,-2.0,,-10.0,,,,,9.0,,50.0,,,119.0,180.0,20.0,20.0,20.0,120.0,30.0,100.0,40.0,,20.0,,,,,,,,,,,248.66615,98.0,0.5,stalzone-database/ru/items/armor/combat/_variants/knq0p/8.json
knq0p,knq0p,9,True,Бронекостюм «Рысь»,armor/combat,Сталкер,Боевые,RANK_STALKER,PERSONAL_ON_USE,9.0,100.0,100.0,151.75304,,-2.0,,-10.0,,,,,9.0,,50.0,,,119.0,180.0,20.0,20.0,20.0,120.0,30.0,100.0,40.0,,20.0,,,,,,,,,,,251.75304,98.0,0.5,stalzone-database/ru/items/armor/combat/_variants/knq0p/9.json
knq0p,knq0p,10,True,Бронекостюм «Рысь»,armor/combat,Сталкер,Боевые,RANK_STALKER,PERSONAL_ON_USE,9.0,100.0,100.0,160.80792,,-2.0,,-10.0,,,,,9.0,,50.0,,,119.0,180.0,20.0,20.0,20.0,120.0,30.0,100.0,40.0,,20.0,,,,,,,,,,,260.80791999999997,98.0,0.5,stalzone-database/ru/items/armor/combat/_variants/knq0p/10.json
knq0p,knq0p,11,True,Бронекостюм «Рысь»,armor/combat,Сталкер,Боевые,RANK_STALKER,PERSONAL_ON_USE,9.0,100.0,100.0,165.33536,,-2.0,,-10.0,,,,,9.0,,50.0,,,119.0,180.0,20.0,20.0,20.0,120.0,30.0,100.0,40.0,,20.0,,,,,,,,,,,265.33536000000004,98.0,0.5,stalzone-database/ru/items/armor/combat/_variants/knq0p/11.json
knq0p,knq0p,12,True,Бронекостюм «Рысь»,armor/combat,Сталкер,Боевые,RANK_STALKER,PERSONAL_ON_USE,9.0,100.0,100.0,169.86281,,-2.0,,-10.0,,,,,9.0,,50.0,,,119.0,180.0,20.0,20.0,20.0,120.0,30.0,100.0,40.0,,20.0,,,,,,,,,,,269.86280999999997,98.0,0.5,stalzone-database/ru/items/armor/combat/_variants/knq0p/12.json
knq0p,knq0p,13,True,Бронекостюм «Рысь»,armor/combat,Сталкер,Боевые,RANK_STALKER,PERSONAL_ON_USE,9.0,100.0,100.0,174.39024,,-2.0,,-10.0,,,,,9.0,,50.0,,,119.0,180.0,20.0,20.0,20.0,120.0,30.0,100.0,40.0,,20.0,,,,,,,,,,,274.39024,98.0,0.5,stalzone-database/ru/items/armor/combat/_variants/knq0p/13.json
knq0p,knq0p,14,True,Бронекостюм «Рысь»,armor/combat,Сталкер,Боевые,RANK_STALKER,PERSONAL_ON_USE,9.0,100.0,100.0,178.91768,,-2.0,,-10.0,,,,,9.0,,50.0,,,119.0,180.0,20.0,20.0,20.0,120.0,30.0,100.0,40.0,,20.0,,,,,,,,,,,278.91768,98.0,0.5,stalzone-database/ru/items/armor/combat/_variants/knq0p/14.json
knq0p,knq0p,15,True,Бронекостюм «Рысь»,armor/combat,Сталкер,Боевые,RANK_STALKER,PERSONAL_ON_USE,9.0,100.0,100.0,192.5,,-2.0,,-10.0,,,,,9.0,,50.0,,,119.0,180.0,20.0,20.0,20.0,120.0,30.0,100.0,40.0,,20.0,,,,,,,,,,,292.5,98.0,0.5,stalzone-database/ru/items/armor/combat/_variants/knq0p/15.json
knqkv,knqkv,0,False,Экзоброня «Альбатрос-Разведчик»,armor/combined,Ветеран,Комбинированные,RANK_VETERAN,PERSONAL_ON_USE,18.0,100.0,100.0,141.0,,12.0,,,,,,,18.0,-0.5,40.0,,,100.0,98.0,120.0,120.0,120.0,300.0,200.0,300.0,240.0,,,,,,,,,,,,,241.0,112.0,0.5,stalzone-database/ru/items/armor/combined/knqkv.json
knqkv,knqkv,1,True,Экзоброня «Альбатрос-Разведчик»,armor/combined,Ветеран,Комбинированные,RANK_VETERAN,PERSONAL_ON_USE,18.0,100.0,100.0,143.20528,,12.0,,,,,,,18.0,-0.5,40.0,,,100.0,98.0,120.0,120.0,120.0,300.0,200.0,300.0,240.0,,,,,,,,,,,,,243.20528,112.0,0.5,stalzone-database/ru/items/armor/combined/_variants/knqkv/1.json
knqkv,knqkv,2,True,Экзоброня «Альбатрос-Разведчик»,armor/combined,Ветеран,Комбинированные,RANK_VETERAN,PERSONAL_ON_USE,18.0,100.0,100.0,145.41055,,12.0,,,,,,,18.0,-0.5,40.0,,,100.0,98.0,120.0,120.0,120.0,300.0,200.0,300.0,240.0,,,,,,,,,,,,,245.41055,112.0,0.5,stalzone-database/ru/items/armor/combined/_variants/knqkv/2.json
knqkv,knqkv,3,True,Экзоброня «Альбатрос-Разведчик»,armor/combined,Ветеран,Комбинированные,RANK_VETERAN,PERSONAL_ON_USE,18.0,100.0,100.0,147.61583,,12.0,,,,,,,18.0,-0.5,40.0,,,100.0,98.0,120.0,120.0,120.0,300.0,200.0,300.0,240.0,,,,,,,,,,,,,247.61583,112.0,0.5,stalzone-database/ru/items/armor/combined/_variants/knqkv/3.json
knqkv,knqkv,4,True,Экзоброня «Альбатрос-Разведчик»,armor/combined,Ветеран,Комбинированные,RANK_VETERAN,PERSONAL_ON_USE,18.0,100.0,100.0,149.82109,,12.0,,,,,,,18.0,-0.5,40.0,,,100.0,98.0,120.0,120.0,120.0,300.0,200.0,300.0,240.0,,,,,,,,,,,,,249.82109,112.0,0.5,stalzone-database/ru/items/armor/combined/_variants/knqkv/4.json
knqkv,knqkv,5,True,Экзоброня «Альбатрос-Разведчик»,armor/combined,Ветеран,Комбинированные,RANK_VETERAN,PERSONAL_ON_USE,18.0,100.0,100.0,156.43692,,12.0,,,,,,,18.0,-0.5,40.0,,,100.0,98.0,120.0,120.0,120.0,300.0,200.0,300.0,240.0,,,,,,,,,,,,,256.43692,112.0,0.5,stalzone-database/ru/items/armor/combined/_variants/knqkv/5.json
knqkv,knqkv,6,True,Экзоброня «Альбатрос-Разведчик»,armor/combined,Ветеран,Комбинированные,RANK_VETERAN,PERSONAL_ON_USE,18.0,100.0,100.0,159.74483,,12.0,,,,,,,18.0,-0.5,40.0,,,100.0,98.0,120.0,120.0,120.0,300.0,200.0,300.0,240.0,,,,,,,,,,,,,259.74483,112.0,0.5,stalzone-database/ru/items/armor/combined/_variants/knqkv/6.json
knqkv,knqkv,7,True,Экзоброня «Альбатрос-Разведчик»,armor/combined,Ветеран,Комбинированные,RANK_VETERAN,PERSONAL_ON_USE,18.0,100.0,100.0,163.05275,,12.0,,,,,,,18.0,-0.5,40.0,,,100.0,98.0,120.0,120.0,120.0,300.0,200.0,300.0,240.0,,,,,,,,,,,,,263.05275,112.0,0.5,stalzone-database/ru/items/armor/combined/_variants/knqkv/7.json
knqkv,knqkv,8,True,Экзоброня «Альбатрос-Разведчик»,armor/combined,Ветеран,Комбинированные,RANK_VETERAN,PERSONAL_ON_USE,18.0,100.0,100.0,166.36064,,12.0,,,,,,,18.0,-0.5,40.0,,,100.0,98.0,120.0,120.0,120.0,300.0,200.0,300.0,240.0,,,,,,,,,,,,,266.36064,112.0,0.5,stalzone-database/ru/items/armor/combined/_variants/knqkv/8.json
knqkv,knqkv,9,True,Экзоброня «Альбатрос-Разведчик»,armor/combined,Ветеран,Комбинированные,RANK_VETERAN,PERSONAL_ON_USE,18.0,100.0,100.0,169.66856,,12.0,,,,,,,18.0,-0.5,40.0,,,100.0,98.0,120.0,120.0,120.0,300.0,200.0,300.0,240.0,,,,,,,,,,,,,269.66856,112.0,0.5,stalzone-database/ru/items/armor/combined/_variants/knqkv/9.json
knqkv,knqkv,10,True,Экзоброня «Альбатрос-Разведчик»,armor/combined,Ветеран,Комбинированные,RANK_VETERAN,PERSONAL_ON_USE,18.0,100.0,100.0,179.37178,,12.0,,,,,,,18.0,-0.5,40.0,,,100.0,98.0,120.0,120.0,120.0,300.0,200.0,300.0,240.0,,,,,,,,,,,,,279.37178,112.0,0.5,stalzone-database/ru/items/armor/combined/_variants/knqkv/10.json
knqkv,knqkv,11,True,Экзоброня «Альбатрос-Разведчик»,armor/combined,Ветеран,Комбинированные,RANK_VETERAN,PERSONAL_ON_USE,18.0,100.0,100.0,184.22339,,12.0,,,,,,,18.0,-0.5,40.0,,,100.0,98.0,120.0,120.0,120.0,300.0,200.0,300.0,240.0,,,,,,,,,,,,,284.22339,112.0,0.5,stalzone-database/ru/items/armor/combined/_variants/knqkv/11.json
knqkv,knqkv,12,True,Экзоброня «Альбатрос-Разведчик»,armor/combined,Ветеран,Комбинированные,RANK_VETERAN,PERSONAL_ON_USE,18.0,100.0,100.0,189.07498,,12.0,,,,,,,18.0,-0.5,40.0,,,100.0,98.0,120.0,120.0,120.0,300.0,200.0,300.0,240.0,,,,,,,,,,,,,289.07498,112.0,0.5,stalzone-database/ru/items/armor/combined/_variants/knqkv/12.json
knqkv,knqkv,13,True,Экзоброня «Альбатрос-Разведчик»,armor/combined,Ветеран,Комбинированные,RANK_VETERAN,PERSONAL_ON_USE,18.0,100.0,100.0,193.92659,,12.0,,,,,,,18.0,-0.5,40.0,,,100.0,98.0,120.0,120.0,120.0,300.0,200.0,300.0,240.0,,,,,,,,,,,,,293.92659000000003,112.0,0.5,stalzone-database/ru/items/armor/combined/_variants/knqkv/13.json
knqkv,knqkv,14,True,Экзоброня «Альбатрос-Разведчик»,armor/combined,Ветеран,Комбинированные,RANK_VETERAN,PERSONAL_ON_USE,18.0,100.0,100.0,198.7782,,12.0,,,,,,,18.0,-0.5,40.0,,,100.0,98.0,120.0,120.0,120.0,300.0,200.0,300.0,240.0,,,,,,,,,,,,,298.77819999999997,112.0,0.5,stalzone-database/ru/items/armor/combined/_variants/knqkv/14.json
knqkv,knqkv,15,True,Экзоброня «Альбатрос-Разведчик»,armor/combined,Ветеран,Комбинированные,RANK_VETERAN,PERSONAL_ON_USE,18.0,100.0,100.0,213.33301,,12.0,,,,,,,18.0,-0.5,40.0,,,100.0,98.0,120.0,120.0,120.0,300.0,200.0,300.0,240.0,,,,,,,,,,,,,313.33301,112.0,0.5,stalzone-database/ru/items/armor/combined/_variants/knqkv/15.json
knqly,knqly,0,False,Броня репортера,armor/combat,Ветеран,Боевые,RANK_VETERAN,PERSONAL_ON_USE,11.0,100.0,100.0,202.0,,-2.0,,-5.0,,,,,18.0,,50.0,,,160.0,224.0,40.0,40.0,40.0,200.0,100.0,200.0,200.0,,,,,,,,,,,,,302.0,98.0,0.5,stalzone-database/ru/items/armor/combat/knqly.json
knqly,knqly,1,True,Броня репортера,armor/combat,Ветеран,Боевые,RANK_VETERAN,PERSONAL_ON_USE,11.0,100.0,100.0,204.76518,,-2.0,,-5.0,,,,,18.0,,50.0,,,160.0,224.0,40.0,40.0,40.0,200.0,100.0,200.0,200.0,,,,,,,,,,,,,304.76518,98.0,0.5,stalzone-database/ru/items/armor/combat/_variants/knqly/1.json
knqly,knqly,2,True,Броня репортера,armor/combat,Ветеран,Боевые,RANK_VETERAN,PERSONAL_ON_USE,11.0,100.0,100.0,207.53036,,-2.0,,-5.0,,,,,18.0,,50.0,,,160.0,224.0,40.0,40.0,40.0,200.0,100.0,200.0,200.0,,,,,,,,,,,,,307.53036,98.0,0.5,stalzone-database/ru/items/armor/combat/_variants/knqly/2.json
knqly,knqly,3,True,Броня репортера,armor/combat,Ветеран,Боевые,RANK_VETERAN,PERSONAL_ON_USE,11.0,100.0,100.0,210.29556,,-2.0,,-5.0,,,,,18.0,,50.0,,,160.0,224.0,40.0,40.0,40.0,200.0,100.0,200.0,200.0,,,,,,,,,,,,,310.29556,98.0,0.5,stalzone-database/ru/items/armor/combat/_variants/knqly/3.json
knqly,knqly,4,True,Броня репортера,armor/combat,Ветеран,Боевые,RANK_VETERAN,PERSONAL_ON_USE,11.0,100.0,100.0,213.06071,,-2.0,,-5.0,,,,,18.0,,50.0,,,160.0,224.0,40.0,40.0,40.0,200.0,100.0,200.0,200.0,,,,,,,,,,,,,313.06071,98.0,0.5,stalzone-database/ru/items/armor/combat/_variants/knqly/4.json
knqly,knqly,5,True,Броня репортера,armor/combat,Ветеран,Боевые,RANK_VETERAN,PERSONAL_ON_USE,11.0,100.0,100.0,221.35628,,-2.0,,-5.0,,,,,18.0,,50.0,,,160.0,224.0,40.0,40.0,40.0,200.0,100.0,200.0,200.0,,,,,,,,,,,,,321.35627999999997,98.0,0.5,stalzone-database/ru/items/armor/combat/_variants/knqly/5.json
knqly,knqly,6,True,Броня репортера,armor/combat,Ветеран,Боевые,RANK_VETERAN,PERSONAL_ON_USE,11.0,100.0,100.0,225.50406,,-2.0,,-5.0,,,,,18.0,,50.0,,,160.0,224.0,40.0,40.0,40.0,200.0,100.0,200.0,200.0,,,,,,,,,,,,,325.50406,98.0,0.5,stalzone-database/ru/items/armor/combat/_variants/knqly/6.json
knqly,knqly,7,True,Броня репортера,armor/combat,Ветеран,Боевые,RANK_VETERAN,PERSONAL_ON_USE,11.0,100.0,100.0,229.65181,,-2.0,,-5.0,,,,,18.0,,50.0,,,160.0,224.0,40.0,40.0,40.0,200.0,100.0,200.0,200.0,,,,,,,,,,,,,329.65181000000007,98.0,0.5,stalzone-database/ru/items/armor/combat/_variants/knqly/7.json
knqly,knqly,8,True,Броня репортера,armor/combat,Ветеран,Боевые,RANK_VETERAN,PERSONAL_ON_USE,11.0,100.0,100.0,233.79959,,-2.0,,-5.0,,,,,18.0,,50.0,,,160.0,224.0,40.0,40.0,40.0,200.0,100.0,200.0,200.0,,,,,,,,,,,,,333.79958999999997,98.0,0.5,stalzone-database/ru/items/armor/combat/_variants/knqly/8.json
knqly,knqly,9,True,Броня репортера,armor/combat,Ветеран,Боевые,RANK_VETERAN,PERSONAL_ON_USE,11.0,100.0,100.0,237.94737,,-2.0,,-5.0,,,,,18.0,,50.0,,,160.0,224.0,40.0,40.0,40.0,200.0,100.0,200.0,200.0,,,,,,,,,,,,,337.94737000000003,98.0,0.5,stalzone-database/ru/items/armor/combat/_variants/knqly/9.json
knqly,knqly,10,True,Броня репортера,armor/combat,Ветеран,Боевые,RANK_VETERAN,PERSONAL_ON_USE,11.0,100.0,100.0,250.11418,,-2.0,,-5.0,,,,,18.0,,50.0,,,160.0,224.0,40.0,40.0,40.0,200.0,100.0,200.0,200.0,,,,,,,,,,,,,350.11418000000003,98.0,0.5,stalzone-database/ru/items/armor/combat/_variants/knqly/10.json
knqly,knqly,11,True,Броня репортера,armor/combat,Ветеран,Боевые,RANK_VETERAN,PERSONAL_ON_USE,11.0,100.0,100.0,256.19757,,-2.0,,-5.0,,,,,18.0,,50.0,,,160.0,224.0,40.0,40.0,40.0,200.0,100.0,200.0,200.0,,,,,,,,,,,,,356.19757,98.0,0.5,stalzone-database/ru/items/armor/combat/_variants/knqly/11.json
knqly,knqly,12,True,Броня репортера,armor/combat,Ветеран,Боевые,RANK_VETERAN,PERSONAL_ON_USE,11.0,100.0,100.0,262.28098,,-2.0,,-5.0,,,,,18.0,,50.0,,,160.0,224.0,40.0,40.0,40.0,200.0,100.0,200.0,200.0,,,,,,,,,,,,,362.28098,98.0,0.5,stalzone-database/ru/items/armor/combat/_variants/knqly/12.json
knqly,knqly,13,True,Броня репортера,armor/combat,Ветеран,Боевые,RANK_VETERAN,PERSONAL_ON_USE,11.0,100.0,100.0,268.3644,,-2.0,,-5.0,,,,,18.0,,50.0,,,160.0,224.0,40.0,40.0,40.0,200.0,100.0,200.0,200.0,,,,,,,,,,,,,368.36440000000005,98.0,0.5,stalzone-database/ru/items/armor/combat/_variants/knqly/13.json
knqly,knqly,14,True,Броня репортера,armor/combat,Ветеран,Боевые,RANK_VETERAN,PERSONAL_ON_USE,11.0,100.0,100.0,274.44778,,-2.0,,-5.0,,,,,18.0,,50.0,,,160.0,224.0,40.0,40.0,40.0,200.0,100.0,200.0,200.0,,,,,,,,,,,,,374.4477800000001,98.0,0.5,stalzone-database/ru/items/armor/combat/_variants/knqly/14.json
knqly,knqly,15,True,Броня репортера,armor/combat,Ветеран,Боевые,RANK_VETERAN,PERSONAL_ON_USE,11.0,100.0,100.0,292.698,,-2.0,,-5.0,,,,,18.0,,50.0,,,160.0,224.0,40.0,40.0,40.0,200.0,100.0,200.0,200.0,,,,,,,,,,,,,392.698,98.0,0.5,stalzone-database/ru/items/armor/combat/_variants/knqly/15.json
knqmy,knqmy,0,False,Бандитский плащ,armor/combat,Отмычка,Боевые,DEFAULT,PERSONAL_ON_USE,2.0,100.0,100.0,26.0,,,,,,,,,5.0,,45.0,,,112.0,25.0,0.0,0.0,0.0,10.0,0.0,10.0,0.0,,,,,,,,,,,,,126.0,100.0,0.5,stalzone-database/ru/items/armor/combat/knqmy.json
knqmy,knqmy,1,True,Бандитский плащ,armor/combat,Отмычка,Боевые,DEFAULT,PERSONAL_ON_USE,2.0,100.0,100.0,27.152561,,,,,,,,,5.0,,45.0,,,112.0,25.0,0.0,0.0,0.0,10.0,0.0,10.0,0.0,,,,,,,,,,,,,127.15256099999999,100.0,0.5,stalzone-database/ru/items/armor/combat/_variants/knqmy/1.json
knqmy,knqmy,2,True,Бандитский плащ,armor/combat,Отмычка,Боевые,DEFAULT,PERSONAL_ON_USE,2.0,100.0,100.0,28.305122,,,,,,,,,5.0,,45.0,,,112.0,25.0,0.0,0.0,0.0,10.0,0.0,10.0,0.0,,,,,,,,,,,,,128.305122,100.0,0.5,stalzone-database/ru/items/armor/combat/_variants/knqmy/2.json
knqmy,knqmy,3,True,Бандитский плащ,armor/combat,Отмычка,Боевые,DEFAULT,PERSONAL_ON_USE,2.0,100.0,100.0,29.457682,,,,,,,,,5.0,,45.0,,,112.0,25.0,0.0,0.0,0.0,10.0,0.0,10.0,0.0,,,,,,,,,,,,,129.457682,100.0,0.5,stalzone-database/ru/items/armor/combat/_variants/knqmy/3.json
knqmy,knqmy,4,True,Бандитский плащ,armor/combat,Отмычка,Боевые,DEFAULT,PERSONAL_ON_USE,2.0,100.0,100.0,30.610243,,,,,,,,,5.0,,45.0,,,112.0,25.0,0.0,0.0,0.0,10.0,0.0,10.0,0.0,,,,,,,,,,,,,130.610243,100.0,0.5,stalzone-database/ru/items/armor/combat/_variants/knqmy/4.json
knqmy,knqmy,5,True,Бандитский плащ,armor/combat,Отмычка,Боевые,DEFAULT,PERSONAL_ON_USE,2.0,100.0,100.0,34.06793,,,,,,,,,5.0,,45.0,,,112.0,25.0,0.0,0.0,0.0,10.0,0.0,10.0,0.0,,,,,,,,,,,,,134.06793,100.0,0.5,stalzone-database/ru/items/armor/combat/_variants/knqmy/5.json
knqmy,knqmy,6,True,Бандитский плащ,armor/combat,Отмычка,Боевые,DEFAULT,PERSONAL_ON_USE,2.0,100.0,100.0,35.79677,,,,,,,,,5.0,,45.0,,,112.0,25.0,0.0,0.0,0.0,10.0,0.0,10.0,0.0,,,,,,,,,,,,,135.79677,100.0,0.5,stalzone-database/ru/items/armor/combat/_variants/knqmy/6.json
knqmy,knqmy,7,True,Бандитский плащ,armor/combat,Отмычка,Боевые,DEFAULT,PERSONAL_ON_USE,2.0,100.0,100.0,37.525608,,,,,,,,,5.0,,45.0,,,112.0,25.0,0.0,0.0,0.0,10.0,0.0,10.0,0.0,,,,,,,,,,,,,137.525608,100.0,0.5,stalzone-database/ru/items/armor/combat/_variants/knqmy/7.json
knqmy,knqmy,8,True,Бандитский плащ,armor/combat,Отмычка,Боевые,DEFAULT,PERSONAL_ON_USE,2.0,100.0,100.0,39.25445,,,,,,,,,5.0,,45.0,,,112.0,25.0,0.0,0.0,0.0,10.0,0.0,10.0,0.0,,,,,,,,,,,,,139.25445,100.0,0.5,stalzone-database/ru/items/armor/combat/_variants/knqmy/8.json
knqmy,knqmy,9,True,Бандитский плащ,armor/combat,Отмычка,Боевые,DEFAULT,PERSONAL_ON_USE,2.0,100.0,100.0,40.983288,,,,,,,,,5.0,,45.0,,,112.0,25.0,0.0,0.0,0.0,10.0,0.0,10.0,0.0,,,,,,,,,,,,,140.98328800000002,100.0,0.5,stalzone-database/ru/items/armor/combat/_variants/knqmy/9.json
knqmy,knqmy,10,True,Бандитский плащ,armor/combat,Отмычка,Боевые,DEFAULT,PERSONAL_ON_USE,2.0,100.0,100.0,46.054558,,,,,,,,,5.0,,45.0,,,112.0,25.0,0.0,0.0,0.0,10.0,0.0,10.0,0.0,,,,,,,,,,,,,146.054558,100.0,0.5,stalzone-database/ru/items/armor/combat/_variants/knqmy/10.json
knqmy,knqmy,11,True,Бандитский плащ,armor/combat,Отмычка,Боевые,DEFAULT,PERSONAL_ON_USE,2.0,100.0,100.0,48.590195,,,,,,,,,5.0,,45.0,,,112.0,25.0,0.0,0.0,0.0,10.0,0.0,10.0,0.0,,,,,,,,,,,,,148.590195,100.0,0.5,stalzone-database/ru/items/armor/combat/_variants/knqmy/11.json
knqmy,knqmy,12,True,Бандитский плащ,armor/combat,Отмычка,Боевые,DEFAULT,PERSONAL_ON_USE,2.0,100.0,100.0,51.125828,,,,,,,,,5.0,,45.0,,,112.0,25.0,0.0,0.0,0.0,10.0,0.0,10.0,0.0,,,,,,,,,,,,,151.125828,100.0,0.5,stalzone-database/ru/items/armor/combat/_variants/knqmy/12.json
knqmy,knqmy,13,True,Бандитский плащ,armor/combat,Отмычка,Боевые,DEFAULT,PERSONAL_ON_USE,2.0,100.0,100.0,52.0,,,,,,,,,5.0,,45.0,,,112.0,25.0,0.0,0.0,0.0,10.0,0.0,10.0,0.0,,,,,,,,,,,,,152.0,100.0,0.5,stalzone-database/ru/items/armor/combat/_variants/knqmy/13.json
knqmy,knqmy,14,True,Бандитский плащ,armor/combat,Отмычка,Боевые,DEFAULT,PERSONAL_ON_USE,2.0,100.0,100.0,52.0,,,,,,,,,5.0,,45.0,,,112.0,25.0,0.0,0.0,0.0,10.0,0.0,10.0,0.0,,,,,,,,,,,,,152.0,100.0,0.5,stalzone-database/ru/items/armor/combat/_variants/knqmy/14.json
knqmy,knqmy,15,True,Бандитский плащ,armor/combat,Отмычка,Боевые,DEFAULT,PERSONAL_ON_USE,2.0,100.0,100.0,52.0,,,,,,,,,5.0,,45.0,,,112.0,25.0,0.0,0.0,0.0,10.0,0.0,10.0,0.0,,,,,,,,,,,,,152.0,100.0,0.5,stalzone-database/ru/items/armor/combat/_variants/knqmy/15.json
knqvy,knqvy,0,False,Костюм «Сокол»,armor/combined,Сталкер,Комбинированные,RANK_STALKER,PERSONAL_ON_USE,9.0,100.0,100.0,91.0,,1.0,,,,,,,10.0,,40.0,,,78.0,68.0,60.0,60.0,60.0,200.0,70.0,200.0,120.0,,,,,,,,,,,,,191.0,101.0,0.5,stalzone-database/ru/items/armor/combined/knqvy.json
knqvy,knqvy,1,True,Костюм «Сокол»,armor/combined,Сталкер,Комбинированные,RANK_STALKER,PERSONAL_ON_USE,9.0,100.0,100.0,92.74787,,1.0,,,,,,,10.0,,40.0,,,78.0,68.0,60.0,60.0,60.0,200.0,70.0,200.0,120.0,,,,,,,,,,,,,192.74787,101.0,0.5,stalzone-database/ru/items/armor/combined/_variants/knqvy/1.json
knqvy,knqvy,2,True,Костюм «Сокол»,armor/combined,Сталкер,Комбинированные,RANK_STALKER,PERSONAL_ON_USE,9.0,100.0,100.0,94.49573,,1.0,,,,,,,10.0,,40.0,,,78.0,68.0,60.0,60.0,60.0,200.0,70.0,200.0,120.0,,,,,,,,,,,,,194.49572999999998,101.0,0.5,stalzone-database/ru/items/armor/combined/_variants/knqvy/2.json
knqvy,knqvy,3,True,Костюм «Сокол»,armor/combined,Сталкер,Комбинированные,RANK_STALKER,PERSONAL_ON_USE,9.0,100.0,100.0,96.2436,,1.0,,,,,,,10.0,,40.0,,,78.0,68.0,60.0,60.0,60.0,200.0,70.0,200.0,120.0,,,,,,,,,,,,,196.24360000000001,101.0,0.5,stalzone-database/ru/items/armor/combined/_variants/knqvy/3.json
knqvy,knqvy,4,True,Костюм «Сокол»,armor/combined,Сталкер,Комбинированные,RANK_STALKER,PERSONAL_ON_USE,9.0,100.0,100.0,97.99147,,1.0,,,,,,,10.0,,40.0,,,78.0,68.0,60.0,60.0,60.0,200.0,70.0,200.0,120.0,,,,,,,,,,,,,197.99147000000002,101.0,0.5,stalzone-database/ru/items/armor/combined/_variants/knqvy/4.json
knqvy,knqvy,5,True,Костюм «Сокол»,armor/combined,Сталкер,Комбинированные,RANK_STALKER,PERSONAL_ON_USE,9.0,100.0,100.0,103.235054,,1.0,,,,,,,10.0,,40.0,,,78.0,68.0,60.0,60.0,60.0,200.0,70.0,200.0,120.0,,,,,,,,,,,,,203.235054,101.0,0.5,stalzone-database/ru/items/armor/combined/_variants/knqvy/5.json
knqvy,knqvy,6,True,Костюм «Сокол»,armor/combined,Сталкер,Комбинированные,RANK_STALKER,PERSONAL_ON_USE,9.0,100.0,100.0,105.85686,,1.0,,,,,,,10.0,,40.0,,,78.0,68.0,60.0,60.0,60.0,200.0,70.0,200.0,120.0,,,,,,,,,,,,,205.85685999999998,101.0,0.5,stalzone-database/ru/items/armor/combined/_variants/knqvy/6.json
knqvy,knqvy,7,True,Костюм «Сокол»,armor/combined,Сталкер,Комбинированные,RANK_STALKER,PERSONAL_ON_USE,9.0,100.0,100.0,108.47865,,1.0,,,,,,,10.0,,40.0,,,78.0,68.0,60.0,60.0,60.0,200.0,70.0,200.0,120.0,,,,,,,,,,,,,208.47865000000002,101.0,0.5,stalzone-database/ru/items/armor/combined/_variants/knqvy/7.json
knqvy,knqvy,8,True,Костюм «Сокол»,armor/combined,Сталкер,Комбинированные,RANK_STALKER,PERSONAL_ON_USE,9.0,100.0,100.0,111.10045,,1.0,,,,,,,10.0,,40.0,,,78.0,68.0,60.0,60.0,60.0,200.0,70.0,200.0,120.0,,,,,,,,,,,,,211.10045,101.0,0.5,stalzone-database/ru/items/armor/combined/_variants/knqvy/8.json
knqvy,knqvy,9,True,Костюм «Сокол»,armor/combined,Сталкер,Комбинированные,RANK_STALKER,PERSONAL_ON_USE,9.0,100.0,100.0,113.72225,,1.0,,,,,,,10.0,,40.0,,,78.0,68.0,60.0,60.0,60.0,200.0,70.0,200.0,120.0,,,,,,,,,,,,,213.72224999999997,101.0,0.5,stalzone-database/ru/items/armor/combined/_variants/knqvy/9.json
knqvy,knqvy,10,True,Костюм «Сокол»,armor/combined,Сталкер,Комбинированные,RANK_STALKER,PERSONAL_ON_USE,9.0,100.0,100.0,121.412865,,1.0,,,,,,,10.0,,40.0,,,78.0,68.0,60.0,60.0,60.0,200.0,70.0,200.0,120.0,,,,,,,,,,,,,221.412865,101.0,0.5,stalzone-database/ru/items/armor/combined/_variants/knqvy/10.json
knqvy,knqvy,11,True,Костюм «Сокол»,armor/combined,Сталкер,Комбинированные,RANK_STALKER,PERSONAL_ON_USE,9.0,100.0,100.0,125.25817,,1.0,,,,,,,10.0,,40.0,,,78.0,68.0,60.0,60.0,60.0,200.0,70.0,200.0,120.0,,,,,,,,,,,,,225.25816999999998,101.0,0.5,stalzone-database/ru/items/armor/combined/_variants/knqvy/11.json
knqvy,knqvy,12,True,Костюм «Сокол»,armor/combined,Сталкер,Комбинированные,RANK_STALKER,PERSONAL_ON_USE,9.0,100.0,100.0,129.10347,,1.0,,,,,,,10.0,,40.0,,,78.0,68.0,60.0,60.0,60.0,200.0,70.0,200.0,120.0,,,,,,,,,,,,,229.10347,101.0,0.5,stalzone-database/ru/items/armor/combined/_variants/knqvy/12.json
knqvy,knqvy,13,True,Костюм «Сокол»,armor/combined,Сталкер,Комбинированные,RANK_STALKER,PERSONAL_ON_USE,9.0,100.0,100.0,132.94879,,1.0,,,,,,,10.0,,40.0,,,78.0,68.0,60.0,60.0,60.0,200.0,70.0,200.0,120.0,,,,,,,,,,,,,232.94879,101.0,0.5,stalzone-database/ru/items/armor/combined/_variants/knqvy/13.json
knqvy,knqvy,14,True,Костюм «Сокол»,armor/combined,Сталкер,Комбинированные,RANK_STALKER,PERSONAL_ON_USE,9.0,100.0,100.0,136.7941,,1.0,,,,,,,10.0,,40.0,,,78.0,68.0,60.0,60.0,60.0,200.0,70.0,200.0,120.0,,,,,,,,,,,,,236.7941,101.0,0.5,stalzone-database/ru/items/armor/combined/_variants/knqvy/14.json
knqvy,knqvy,15,True,Костюм «Сокол»,armor/combined,Сталкер,Комбинированные,RANK_STALKER,PERSONAL_ON_USE,9.0,100.0,100.0,148.33,,1.0,,,,,,,10.0,,40.0,,,78.0,68.0,60.0,60.0,60.0,200.0,70.0,200.0,120.0,,,,,,,,,,,,,248.33,101.0,0.5,stalzone-database/ru/items/armor/combined/_variants/knqvy/15.json
ly30j,ly30j,0,False,«Долгожитель»,armor/scientist,Мастер,Научные,RANK_MASTER,PERSONAL_ON_USE,12.0,100.0,100.0,172.0,,,,-10.0,,,2.0,,12.0,-0.5,35.0,,,93.0,97.0,500.0,500.0,500.0,400.0,400.0,400.0,400.0,,,,,,,,,,,,,272.0,100.0,2.5,stalzone-database/ru/items/armor/scientist/ly30j.json
ly30j,ly30j,1,True,«Долгожитель»,armor/scientist,Мастер,Научные,RANK_MASTER,PERSONAL_ON_USE,12.0,100.0,100.0,174.49084,,,,-10.0,,,2.0,,12.0,-0.5,35.0,,,93.0,97.0,500.0,500.0,500.0,400.0,400.0,400.0,400.0,,,,,,,,,,,,,274.49084,100.0,2.5,stalzone-database/ru/items/armor/scientist/_variants/ly30j/1.json
ly30j,ly30j,2,True,«Долгожитель»,armor/scientist,Мастер,Научные,RANK_MASTER,PERSONAL_ON_USE,12.0,100.0,100.0,176.98172,,,,-10.0,,,2.0,,12.0,-0.5,35.0,,,93.0,97.0,500.0,500.0,500.0,400.0,400.0,400.0,400.0,,,,,,,,,,,,,276.98172,100.0,2.5,stalzone-database/ru/items/armor/scientist/_variants/ly30j/2.json
ly30j,ly30j,3,True,«Долгожитель»,armor/scientist,Мастер,Научные,RANK_MASTER,PERSONAL_ON_USE,12.0,100.0,100.0,179.47256,,,,-10.0,,,2.0,,12.0,-0.5,35.0,,,93.0,97.0,500.0,500.0,500.0,400.0,400.0,400.0,400.0,,,,,,,,,,,,,279.47256,100.0,2.5,stalzone-database/ru/items/armor/scientist/_variants/ly30j/3.json
ly30j,ly30j,4,True,«Долгожитель»,armor/scientist,Мастер,Научные,RANK_MASTER,PERSONAL_ON_USE,12.0,100.0,100.0,181.96341,,,,-10.0,,,2.0,,12.0,-0.5,35.0,,,93.0,97.0,500.0,500.0,500.0,400.0,400.0,400.0,400.0,,,,,,,,,,,,,281.96341,100.0,2.5,stalzone-database/ru/items/armor/scientist/_variants/ly30j/4.json
ly30j,ly30j,5,True,«Долгожитель»,armor/scientist,Мастер,Научные,RANK_MASTER,PERSONAL_ON_USE,12.0,100.0,100.0,189.43596,,,,-10.0,,,2.0,,12.0,-0.5,35.0,,,93.0,97.0,500.0,500.0,500.0,400.0,400.0,400.0,400.0,,,,,,,,,,,,,289.43596,100.0,2.5,stalzone-database/ru/items/armor/scientist/_variants/ly30j/5.json
ly30j,ly30j,6,True,«Долгожитель»,armor/scientist,Мастер,Научные,RANK_MASTER,PERSONAL_ON_USE,12.0,100.0,100.0,193.17224,,,,-10.0,,,2.0,,12.0,-0.5,35.0,,,93.0,97.0,500.0,500.0,500.0,400.0,400.0,400.0,400.0,,,,,,,,,,,,,293.17224,100.0,2.5,stalzone-database/ru/items/armor/scientist/_variants/ly30j/6.json
ly30j,ly30j,7,True,«Долгожитель»,armor/scientist,Мастер,Научные,RANK_MASTER,PERSONAL_ON_USE,12.0,100.0,100.0,196.90854,,,,-10.0,,,2.0,,12.0,-0.5,35.0,,,93.0,97.0,500.0,500.0,500.0,400.0,400.0,400.0,400.0,,,,,,,,,,,,,296.90854,100.0,2.5,stalzone-database/ru/items/armor/scientist/_variants/ly30j/7.json
ly30j,ly30j,8,True,«Долгожитель»,armor/scientist,Мастер,Научные,RANK_MASTER,PERSONAL_ON_USE,12.0,100.0,100.0,200.64482,,,,-10.0,,,2.0,,12.0,-0.5,35.0,,,93.0,97.0,500.0,500.0,500.0,400.0,400.0,400.0,400.0,,,,,,,,,,,,,300.64482,100.0,2.5,stalzone-database/ru/items/armor/scientist/_variants/ly30j/8.json
ly30j,ly30j,9,True,«Долгожитель»,armor/scientist,Мастер,Научные,RANK_MASTER,PERSONAL_ON_USE,12.0,100.0,100.0,204.3811,,,,-10.0,,,2.0,,12.0,-0.5,35.0,,,93.0,97.0,500.0,500.0,500.0,400.0,400.0,400.0,400.0,,,,,,,,,,,,,304.3811,100.0,2.5,stalzone-database/ru/items/armor/scientist/_variants/ly30j/9.json
ly30j,ly30j,10,True,«Долгожитель»,armor/scientist,Мастер,Научные,RANK_MASTER,PERSONAL_ON_USE,12.0,100.0,100.0,215.34084,,,,-10.0,,,2.0,,12.0,-0.5,35.0,,,93.0,97.0,500.0,500.0,500.0,400.0,400.0,400.0,400.0,,,,,,,,,,,,,315.34083999999996,100.0,2.5,stalzone-database/ru/items/armor/scientist/_variants/ly30j/10.json
ly30j,ly30j,11,True,«Долгожитель»,armor/scientist,Мастер,Научные,RANK_MASTER,PERSONAL_ON_USE,12.0,100.0,100.0,220.82071,,,,-10.0,,,2.0,,12.0,-0.5,35.0,,,93.0,97.0,500.0,500.0,500.0,400.0,400.0,400.0,400.0,,,,,,,,,,,,,320.82070999999996,100.0,2.5,stalzone-database/ru/items/armor/scientist/_variants/ly30j/11.json
ly30j,ly30j,12,True,«Долгожитель»,armor/scientist,Мастер,Научные,RANK_MASTER,PERSONAL_ON_USE,12.0,100.0,100.0,226.30061,,,,-10.0,,,2.0,,12.0,-0.5,35.0,,,93.0,97.0,500.0,500.0,500.0,400.0,400.0,400.0,400.0,,,,,,,,,,,,,326.30061,100.0,2.5,stalzone-database/ru/items/armor/scientist/_variants/ly30j/12.json
ly30j,ly30j,13,True,«Долгожитель»,armor/scientist,Мастер,Научные,RANK_MASTER,PERSONAL_ON_USE,12.0,100.0,100.0,231.78049,,,,-10.0,,,2.0,,12.0,-0.5,35.0,,,93.0,97.0,500.0,500.0,500.0,400.0,400.0,400.0,400.0,,,,,,,,,,,,,331.78049,100.0,2.5,stalzone-database/ru/items/armor/scientist/_variants/ly30j/13.json
ly30j,ly30j,14,True,«Долгожитель»,armor/scientist,Мастер,Научные,RANK_MASTER,PERSONAL_ON_USE,12.0,100.0,100.0,237.26038,,,,-10.0,,,2.0,,12.0,-0.5,35.0,,,93.0,97.0,500.0,500.0,500.0,400.0,400.0,400.0,400.0,,,,,,,,,,,,,337.26038,100.0,2.5,stalzone-database/ru/items/armor/scientist/_variants/ly30j/14.json
ly30j,ly30j,15,True,«Долгожитель»,armor/scientist,Мастер,Научные,RANK_MASTER,PERSONAL_ON_USE,12.0,100.0,100.0,253.7,,,,-10.0,,,2.0,,12.0,-0.5,35.0,,,93.0,97.0,500.0,500.0,500.0,400.0,400.0,400.0,400.0,,,,,,,,,,,,,353.7,100.0,2.5,stalzone-database/ru/items/armor/scientist/_variants/ly30j/15.json
ly3kj,ly3kj,0,False,Сверхтяжелый бронекостюм «Апостол»,armor/combat,Мастер,Боевые,RANK_MASTER,PERSONAL_ON_USE,65.0,100.0,100.0,282.0,,-10.0,,-30.0,,,,,15.0,,60.0,,,232.0,420.0,50.0,50.0,50.0,200.0,100.0,200.0,200.0,,50.0,,,,,,,,,,,382.0,90.0,0.5,stalzone-database/ru/items/armor/combat/ly3kj.json
ly3kj,ly3kj,1,True,Сверхтяжелый бронекостюм «Апостол»,armor/combat,Мастер,Боевые,RANK_MASTER,PERSONAL_ON_USE,65.0,100.0,100.0,285.4992,,-10.0,,-30.0,,,,,15.0,,60.0,,,232.0,420.0,50.0,50.0,50.0,200.0,100.0,200.0,200.0,,50.0,,,,,,,,,,,385.4992,90.0,0.5,stalzone-database/ru/items/armor/combat/_variants/ly3kj/1.json
ly3kj,ly3kj,2,True,Сверхтяжелый бронекостюм «Апостол»,armor/combat,Мастер,Боевые,RANK_MASTER,PERSONAL_ON_USE,65.0,100.0,100.0,288.9984,,-10.0,,-30.0,,,,,15.0,,60.0,,,232.0,420.0,50.0,50.0,50.0,200.0,100.0,200.0,200.0,,50.0,,,,,,,,,,,388.99840000000006,90.0,0.5,stalzone-database/ru/items/armor/combat/_variants/ly3kj/2.json
ly3kj,ly3kj,3,True,Сверхтяжелый бронекостюм «Апостол»,armor/combat,Мастер,Боевые,RANK_MASTER,PERSONAL_ON_USE,65.0,100.0,100.0,292.49762,,-10.0,,-30.0,,,,,15.0,,60.0,,,232.0,420.0,50.0,50.0,50.0,200.0,100.0,200.0,200.0,,50.0,,,,,,,,,,,392.4976199999999,90.0,0.5,stalzone-database/ru/items/armor/combat/_variants/ly3kj/3.json
ly3kj,ly3kj,4,True,Сверхтяжелый бронекостюм «Апостол»,armor/combat,Мастер,Боевые,RANK_MASTER,PERSONAL_ON_USE,65.0,100.0,100.0,295.99683,,-10.0,,-30.0,,,,,15.0,,60.0,,,232.0,420.0,50.0,50.0,50.0,200.0,100.0,200.0,200.0,,50.0,,,,,,,,,,,395.99683,90.0,0.5,stalzone-database/ru/items/armor/combat/_variants/ly3kj/4.json
ly3kj,ly3kj,5,True,Сверхтяжелый бронекостюм «Апостол»,armor/combat,Мастер,Боевые,RANK_MASTER,PERSONAL_ON_USE,65.0,100.0,100.0,306.49445,,-10.0,,-30.0,,,,,15.0,,60.0,,,232.0,420.0,50.0,50.0,50.0,200.0,100.0,200.0,200.0,,50.0,,,,,,,,,,,406.49445,90.0,0.5,stalzone-database/ru/items/armor/combat/_variants/ly3kj/5.json
ly3kj,ly3kj,6,True,Сверхтяжелый бронекостюм «Апостол»,armor/combat,Мастер,Боевые,RANK_MASTER,PERSONAL_ON_USE,65.0,100.0,100.0,311.74326,,-10.0,,-30.0,,,,,15.0,,60.0,,,232.0,420.0,50.0,50.0,50.0,200.0,100.0,200.0,200.0,,50.0,,,,,,,,,,,411.74326,90.0,0.5,stalzone-database/ru/items/armor/combat/_variants/ly3kj/6.json
ly3kj,ly3kj,7,True,Сверхтяжелый бронекостюм «Апостол»,armor/combat,Мастер,Боевые,RANK_MASTER,PERSONAL_ON_USE,65.0,100.0,100.0,316.99207,,-10.0,,-30.0,,,,,15.0,,60.0,,,232.0,420.0,50.0,50.0,50.0,200.0,100.0,200.0,200.0,,50.0,,,,,,,,,,,416.99207,90.0,0.5,stalzone-database/ru/items/armor/combat/_variants/ly3kj/7.json
ly3kj,ly3kj,8,True,Сверхтяжелый бронекостюм «Апостол»,armor/combat,Мастер,Боевые,RANK_MASTER,PERSONAL_ON_USE,65.0,100.0,100.0,322.24088,,-10.0,,-30.0,,,,,15.0,,60.0,,,232.0,420.0,50.0,50.0,50.0,200.0,100.0,200.0,200.0,,50.0,,,,,,,,,,,422.24088000000006,90.0,0.5,stalzone-database/ru/items/armor/combat/_variants/ly3kj/8.json
ly3kj,ly3kj,9,True,Сверхтяжелый бронекостюм «Апостол»,armor/combat,Мастер,Боевые,RANK_MASTER,PERSONAL_ON_USE,65.0,100.0,100.0,327.4897,,-10.0,,-30.0,,,,,15.0,,60.0,,,232.0,420.0,50.0,50.0,50.0,200.0,100.0,200.0,200.0,,50.0,,,,,,,,,,,427.4897,90.0,0.5,stalzone-database/ru/items/armor/combat/_variants/ly3kj/9.json
ly3kj,ly3kj,10,True,Сверхтяжелый бронекостюм «Апостол»,armor/combat,Мастер,Боевые,RANK_MASTER,PERSONAL_ON_USE,65.0,100.0,100.0,342.8862,,-10.0,,-30.0,,,,,15.0,,60.0,,,232.0,420.0,50.0,50.0,50.0,200.0,100.0,200.0,200.0,,50.0,,,,,,,,,,,442.8862,90.0,0.5,stalzone-database/ru/items/armor/combat/_variants/ly3kj/10.json
ly3kj,ly3kj,11,True,Сверхтяжелый бронекостюм «Апостол»,armor/combat,Мастер,Боевые,RANK_MASTER,PERSONAL_ON_USE,65.0,100.0,100.0,350.58447,,-10.0,,-30.0,,,,,15.0,,60.0,,,232.0,420.0,50.0,50.0,50.0,200.0,100.0,200.0,200.0,,50.0,,,,,,,,,,,450.58447,90.0,0.5,stalzone-database/ru/items/armor/combat/_variants/ly3kj/11.json
ly3kj,ly3kj,12,True,Сверхтяжелый бронекостюм «Апостол»,armor/combat,Мастер,Боевые,RANK_MASTER,PERSONAL_ON_USE,65.0,100.0,100.0,358.28275,,-10.0,,-30.0,,,,,15.0,,60.0,,,232.0,420.0,50.0,50.0,50.0,200.0,100.0,200.0,200.0,,50.0,,,,,,,,,,,458.28275,90.0,0.5,stalzone-database/ru/items/armor/combat/_variants/ly3kj/12.json
ly3kj,ly3kj,13,True,Сверхтяжелый бронекостюм «Апостол»,armor/combat,Мастер,Боевые,RANK_MASTER,PERSONAL_ON_USE,65.0,100.0,100.0,365.98096,,-10.0,,-30.0,,,,,15.0,,60.0,,,232.0,420.0,50.0,50.0,50.0,200.0,100.0,200.0,200.0,,50.0,,,,,,,,,,,465.98096,90.0,0.5,stalzone-database/ru/items/armor/combat/_variants/ly3kj/13.json
ly3kj,ly3kj,14,True,Сверхтяжелый бронекостюм «Апостол»,armor/combat,Мастер,Боевые,RANK_MASTER,PERSONAL_ON_USE,65.0,100.0,100.0,373.67923,,-10.0,,-30.0,,,,,15.0,,60.0,,,232.0,420.0,50.0,50.0,50.0,200.0,100.0,200.0,200.0,,50.0,,,,,,,,,,,473.67923,90.0,0.5,stalzone-database/ru/items/armor/combat/_variants/ly3kj/14.json
ly3kj,ly3kj,15,True,Сверхтяжелый бронекостюм «Апостол»,armor/combat,Мастер,Боевые,RANK_MASTER,PERSONAL_ON_USE,65.0,100.0,100.0,396.77402,,-10.0,,-30.0,,,,,15.0,,60.0,,,232.0,420.0,50.0,50.0,50.0,200.0,100.0,200.0,200.0,,50.0,,,,,,,,,,,496.77402,90.0,0.5,stalzone-database/ru/items/armor/combat/_variants/ly3kj/15.json
ly3w1,ly3w1,0,False,Экзоброня «Антарес»,armor/scientist,Мастер,Научные,RANK_MASTER,PERSONAL_ON_USE,32.0,100.0,100.0,230.0,,-7.0,,-10.0,,,,,13.0,,45.0,,,140.0,144.0,300.0,300.0,300.0,400.0,320.0,400.0,400.0,,35.0,,,,,,,,,,,330.0,93.0,0.5,stalzone-database/ru/items/armor/scientist/ly3w1.json
ly3w1,ly3w1,1,True,Экзоброня «Антарес»,armor/scientist,Мастер,Научные,RANK_MASTER,PERSONAL_ON_USE,32.0,100.0,100.0,233.02225,,-7.0,,-10.0,,,,,13.0,,45.0,,,140.0,144.0,300.0,300.0,300.0,400.0,320.0,400.0,400.0,,35.0,,,,,,,,,,,333.02225,93.0,0.5,stalzone-database/ru/items/armor/scientist/_variants/ly3w1/1.json
ly3w1,ly3w1,2,True,Экзоброня «Антарес»,armor/scientist,Мастер,Научные,RANK_MASTER,PERSONAL_ON_USE,32.0,100.0,100.0,236.04453,,-7.0,,-10.0,,,,,13.0,,45.0,,,140.0,144.0,300.0,300.0,300.0,400.0,320.0,400.0,400.0,,35.0,,,,,,,,,,,336.04453,93.0,0.5,stalzone-database/ru/items/armor/scientist/_variants/ly3w1/2.json
ly3w1,ly3w1,3,True,Экзоброня «Антарес»,armor/scientist,Мастер,Научные,RANK_MASTER,PERSONAL_ON_USE,32.0,100.0,100.0,239.06677,,-7.0,,-10.0,,,,,13.0,,45.0,,,140.0,144.0,300.0,300.0,300.0,400.0,320.0,400.0,400.0,,35.0,,,,,,,,,,,339.06677,93.0,0.5,stalzone-database/ru/items/armor/scientist/_variants/ly3w1/3.json
ly3w1,ly3w1,4,True,Экзоброня «Антарес»,armor/scientist,Мастер,Научные,RANK_MASTER,PERSONAL_ON_USE,32.0,100.0,100.0,242.08902,,-7.0,,-10.0,,,,,13.0,,45.0,,,140.0,144.0,300.0,300.0,300.0,400.0,320.0,400.0,400.0,,35.0,,,,,,,,,,,342.08902,93.0,0.5,stalzone-database/ru/items/armor/scientist/_variants/ly3w1/4.json
ly3w1,ly3w1,5,True,Экзоброня «Антарес»,armor/scientist,Мастер,Научные,RANK_MASTER,PERSONAL_ON_USE,32.0,100.0,100.0,251.15578,,-7.0,,-10.0,,,,,13.0,,45.0,,,140.0,144.0,300.0,300.0,300.0,400.0,320.0,400.0,400.0,,35.0,,,,,,,,,,,351.15578,93.0,0.5,stalzone-database/ru/items/armor/scientist/_variants/ly3w1/5.json
ly3w1,ly3w1,6,True,Экзоброня «Антарес»,armor/scientist,Мастер,Научные,RANK_MASTER,PERSONAL_ON_USE,32.0,100.0,100.0,255.68918,,-7.0,,-10.0,,,,,13.0,,45.0,,,140.0,144.0,300.0,300.0,300.0,400.0,320.0,400.0,400.0,,35.0,,,,,,,,,,,355.68917999999996,93.0,0.5,stalzone-database/ru/items/armor/scientist/_variants/ly3w1/6.json
ly3w1,ly3w1,7,True,Экзоброня «Антарес»,armor/scientist,Мастер,Научные,RANK_MASTER,PERSONAL_ON_USE,32.0,100.0,100.0,260.22256,,-7.0,,-10.0,,,,,13.0,,45.0,,,140.0,144.0,300.0,300.0,300.0,400.0,320.0,400.0,400.0,,35.0,,,,,,,,,,,360.22256,93.0,0.5,stalzone-database/ru/items/armor/scientist/_variants/ly3w1/7.json
ly3w1,ly3w1,8,True,Экзоброня «Антарес»,armor/scientist,Мастер,Научные,RANK_MASTER,PERSONAL_ON_USE,32.0,100.0,100.0,264.75595,,-7.0,,-10.0,,,,,13.0,,45.0,,,140.0,144.0,300.0,300.0,300.0,400.0,320.0,400.0,400.0,,35.0,,,,,,,,,,,364.75595,93.0,0.5,stalzone-database/ru/items/armor/scientist/_variants/ly3w1/8.json
ly3w1,ly3w1,9,True,Экзоброня «Антарес»,armor/scientist,Мастер,Научные,RANK_MASTER,PERSONAL_ON_USE,32.0,100.0,100.0,269.2893,,-7.0,,-10.0,,,,,13.0,,45.0,,,140.0,144.0,300.0,300.0,300.0,400.0,320.0,400.0,400.0,,35.0,,,,,,,,,,,369.2893,93.0,0.5,stalzone-database/ru/items/armor/scientist/_variants/ly3w1/9.json
ly3w1,ly3w1,10,True,Экзоброня «Антарес»,armor/scientist,Мастер,Научные,RANK_MASTER,PERSONAL_ON_USE,32.0,100.0,100.0,282.58725,,-7.0,,-10.0,,,,,13.0,,45.0,,,140.0,144.0,300.0,300.0,300.0,400.0,320.0,400.0,400.0,,35.0,,,,,,,,,,,382.58725,93.0,0.5,stalzone-database/ru/items/armor/scientist/_variants/ly3w1/10.json
ly3w1,ly3w1,11,True,Экзоброня «Антарес»,armor/scientist,Мастер,Научные,RANK_MASTER,PERSONAL_ON_USE,32.0,100.0,100.0,289.23624,,-7.0,,-10.0,,,,,13.0,,45.0,,,140.0,144.0,300.0,300.0,300.0,400.0,320.0,400.0,400.0,,35.0,,,,,,,,,,,389.23624,93.0,0.5,stalzone-database/ru/items/armor/scientist/_variants/ly3w1/11.json
ly3w1,ly3w1,12,True,Экзоброня «Антарес»,armor/scientist,Мастер,Научные,RANK_MASTER,PERSONAL_ON_USE,32.0,100.0,100.0,295.8852,,-7.0,,-10.0,,,,,13.0,,45.0,,,140.0,144.0,300.0,300.0,300.0,400.0,320.0,400.0,400.0,,35.0,,,,,,,,,,,395.88519999999994,93.0,0.5,stalzone-database/ru/items/armor/scientist/_variants/ly3w1/12.json
ly3w1,ly3w1,13,True,Экзоброня «Антарес»,armor/scientist,Мастер,Научные,RANK_MASTER,PERSONAL_ON_USE,32.0,100.0,100.0,302.53412,,-7.0,,-10.0,,,,,13.0,,45.0,,,140.0,144.0,300.0,300.0,300.0,400.0,320.0,400.0,400.0,,35.0,,,,,,,,,,,402.53412,93.0,0.5,stalzone-database/ru/items/armor/scientist/_variants/ly3w1/13.json
ly3w1,ly3w1,14,True,Экзоброня «Антарес»,armor/scientist,Мастер,Научные,RANK_MASTER,PERSONAL_ON_USE,32.0,100.0,100.0,309.1831,,-7.0,,-10.0,,,,,13.0,,45.0,,,140.0,144.0,300.0,300.0,300.0,400.0,320.0,400.0,400.0,,35.0,,,,,,,,,,,409.1831,93.0,0.5,stalzone-database/ru/items/armor/scientist/_variants/ly3w1/14.json
ly3w1,ly3w1,15,True,Экзоброня «Антарес»,armor/scientist,Мастер,Научные,RANK_MASTER,PERSONAL_ON_USE,32.0,100.0,100.0,329.13,,-7.0,,-10.0,,,,,13.0,,45.0,,,140.0,144.0,300.0,300.0,300.0,400.0,320.0,400.0,400.0,,35.0,,,,,,,,,,,429.13,93.0,0.5,stalzone-database/ru/items/armor/scientist/_variants/ly3w1/15.json
lyj2k,lyj2k,0,False,Костюм «Аврора-Б»,armor/scientist,Новичок,Научные,RANK_NEWBIE,PERSONAL_ON_USE,5.2,100.0,100.0,38.0,,,,,,,,,3.0,,30.0,,,23.0,20.0,300.0,300.0,300.0,220.0,200.0,200.0,100.0,,,,,,,,,,,,,138.0,100.0,0.5,stalzone-database/ru/items/armor/scientist/lyj2k.json
lyj2k,lyj2k,1,True,Костюм «Аврора-Б»,armor/scientist,Новичок,Научные,RANK_NEWBIE,PERSONAL_ON_USE,5.2,100.0,100.0,39.262806,,,,,,,,,3.0,,30.0,,,23.0,20.0,300.0,300.0,300.0,220.0,200.0,200.0,100.0,,,,,,,,,,,,,139.262806,100.0,0.5,stalzone-database/ru/items/armor/scientist/_variants/lyj2k/1.json
lyj2k,lyj2k,2,True,Костюм «Аврора-Б»,armor/scientist,Новичок,Научные,RANK_NEWBIE,PERSONAL_ON_USE,5.2,100.0,100.0,40.52561,,,,,,,,,3.0,,30.0,,,23.0,20.0,300.0,300.0,300.0,220.0,200.0,200.0,100.0,,,,,,,,,,,,,140.52561,100.0,0.5,stalzone-database/ru/items/armor/scientist/_variants/lyj2k/2.json
lyj2k,lyj2k,3,True,Костюм «Аврора-Б»,armor/scientist,Новичок,Научные,RANK_NEWBIE,PERSONAL_ON_USE,5.2,100.0,100.0,41.788414,,,,,,,,,3.0,,30.0,,,23.0,20.0,300.0,300.0,300.0,220.0,200.0,200.0,100.0,,,,,,,,,,,,,141.788414,100.0,0.5,stalzone-database/ru/items/armor/scientist/_variants/lyj2k/3.json
lyj2k,lyj2k,4,True,Костюм «Аврора-Б»,armor/scientist,Новичок,Научные,RANK_NEWBIE,PERSONAL_ON_USE,5.2,100.0,100.0,43.05122,,,,,,,,,3.0,,30.0,,,23.0,20.0,300.0,300.0,300.0,220.0,200.0,200.0,100.0,,,,,,,,,,,,,143.05122,100.0,0.5,stalzone-database/ru/items/armor/scientist/_variants/lyj2k/4.json
lyj2k,lyj2k,5,True,Костюм «Аврора-Б»,armor/scientist,Новичок,Научные,RANK_NEWBIE,PERSONAL_ON_USE,5.2,100.0,100.0,46.839634,,,,,,,,,3.0,,30.0,,,23.0,20.0,300.0,300.0,300.0,220.0,200.0,200.0,100.0,,,,,,,,,,,,,146.839634,100.0,0.5,stalzone-database/ru/items/armor/scientist/_variants/lyj2k/5.json
lyj2k,lyj2k,6,True,Костюм «Аврора-Б»,armor/scientist,Новичок,Научные,RANK_NEWBIE,PERSONAL_ON_USE,5.2,100.0,100.0,48.73384,,,,,,,,,3.0,,30.0,,,23.0,20.0,300.0,300.0,300.0,220.0,200.0,200.0,100.0,,,,,,,,,,,,,148.73384,100.0,0.5,stalzone-database/ru/items/armor/scientist/_variants/lyj2k/6.json
lyj2k,lyj2k,7,True,Костюм «Аврора-Б»,armor/scientist,Новичок,Научные,RANK_NEWBIE,PERSONAL_ON_USE,5.2,100.0,100.0,50.62805,,,,,,,,,3.0,,30.0,,,23.0,20.0,300.0,300.0,300.0,220.0,200.0,200.0,100.0,,,,,,,,,,,,,150.62805,100.0,0.5,stalzone-database/ru/items/armor/scientist/_variants/lyj2k/7.json
lyj2k,lyj2k,8,True,Костюм «Аврора-Б»,armor/scientist,Новичок,Научные,RANK_NEWBIE,PERSONAL_ON_USE,5.2,100.0,100.0,52.522255,,,,,,,,,3.0,,30.0,,,23.0,20.0,300.0,300.0,300.0,220.0,200.0,200.0,100.0,,,,,,,,,,,,,152.522255,100.0,0.5,stalzone-database/ru/items/armor/scientist/_variants/lyj2k/8.json
lyj2k,lyj2k,9,True,Костюм «Аврора-Б»,armor/scientist,Новичок,Научные,RANK_NEWBIE,PERSONAL_ON_USE,5.2,100.0,100.0,54.41646,,,,,,,,,3.0,,30.0,,,23.0,20.0,300.0,300.0,300.0,220.0,200.0,200.0,100.0,,,,,,,,,,,,,154.41646,100.0,0.5,stalzone-database/ru/items/armor/scientist/_variants/lyj2k/9.json
lyj2k,lyj2k,10,True,Костюм «Аврора-Б»,armor/scientist,Новичок,Научные,RANK_NEWBIE,PERSONAL_ON_USE,5.2,100.0,100.0,59.9728,,,,,,,,,3.0,,30.0,,,23.0,20.0,300.0,300.0,300.0,220.0,200.0,200.0,100.0,,,,,,,,,,,,,159.9728,100.0,0.5,stalzone-database/ru/items/armor/scientist/_variants/lyj2k/10.json
lyj2k,lyj2k,11,True,Костюм «Аврора-Б»,armor/scientist,Новичок,Научные,RANK_NEWBIE,PERSONAL_ON_USE,5.2,100.0,100.0,62.750977,,,,,,,,,3.0,,30.0,,,23.0,20.0,300.0,300.0,300.0,220.0,200.0,200.0,100.0,,,,,,,,,,,,,162.750977,100.0,0.5,stalzone-database/ru/items/armor/scientist/_variants/lyj2k/11.json
lyj2k,lyj2k,12,True,Костюм «Аврора-Б»,armor/scientist,Новичок,Научные,RANK_NEWBIE,PERSONAL_ON_USE,5.2,100.0,100.0,65.529144,,,,,,,,,3.0,,30.0,,,23.0,20.0,300.0,300.0,300.0,220.0,200.0,200.0,100.0,,,,,,,,,,,,,165.529144,100.0,0.5,stalzone-database/ru/items/armor/scientist/_variants/lyj2k/12.json
lyj2k,lyj2k,13,True,Костюм «Аврора-Б»,armor/scientist,Новичок,Научные,RANK_NEWBIE,PERSONAL_ON_USE,5.2,100.0,100.0,68.30731,,,,,,,,,3.0,,30.0,,,23.0,20.0,300.0,300.0,300.0,220.0,200.0,200.0,100.0,,,,,,,,,,,,,168.30731,100.0,0.5,stalzone-database/ru/items/armor/scientist/_variants/lyj2k/13.json
lyj2k,lyj2k,14,True,Костюм «Аврора-Б»,armor/scientist,Новичок,Научные,RANK_NEWBIE,PERSONAL_ON_USE,5.2,100.0,100.0,71.08549,,,,,,,,,3.0,,30.0,,,23.0,20.0,300.0,300.0,300.0,220.0,200.0,200.0,100.0,,,,,,,,,,,,,171.08549,100.0,0.5,stalzone-database/ru/items/armor/scientist/_variants/lyj2k/14.json
lyj2k,lyj2k,15,True,Костюм «Аврора-Б»,armor/scientist,Новичок,Научные,RANK_NEWBIE,PERSONAL_ON_USE,5.2,100.0,100.0,76.0,,,,,,,,,3.0,,30.0,,,23.0,20.0,300.0,300.0,300.0,220.0,200.0,200.0,100.0,,,,,,,,,,,,,176.0,100.0,0.5,stalzone-database/ru/items/armor/scientist/_variants/lyj2k/15.json
lyjvk,lyjvk,0,False,Костюм АО-3 «Искатель»,armor/combined,Сталкер,Комбинированные,RANK_STALKER,PERSONAL_ON_USE,7.5,100.0,100.0,85.0,,-1.0,,,3.0,,2.0,,9.0,-0.25,40.0,,,68.0,60.0,165.0,165.0,165.0,200.0,70.0,200.0,120.0,,,,,,,,,,,,,185.0,99.0,2.5,stalzone-database/ru/items/armor/combined/lyjvk.json
lyjvk,lyjvk,1,True,Костюм АО-3 «Искатель»,armor/combined,Сталкер,Комбинированные,RANK_STALKER,PERSONAL_ON_USE,7.5,100.0,100.0,86.69223,,-1.0,,,3.0,,2.0,,9.0,-0.25,40.0,,,68.0,60.0,165.0,165.0,165.0,200.0,70.0,200.0,120.0,,,,,,,,,,,,,186.69223,99.0,2.5,stalzone-database/ru/items/armor/combined/_variants/lyjvk/1.json
lyjvk,lyjvk,2,True,Костюм АО-3 «Искатель»,armor/combined,Сталкер,Комбинированные,RANK_STALKER,PERSONAL_ON_USE,7.5,100.0,100.0,88.38445,,-1.0,,,3.0,,2.0,,9.0,-0.25,40.0,,,68.0,60.0,165.0,165.0,165.0,200.0,70.0,200.0,120.0,,,,,,,,,,,,,188.38445,99.0,2.5,stalzone-database/ru/items/armor/combined/_variants/lyjvk/2.json
lyjvk,lyjvk,3,True,Костюм АО-3 «Искатель»,armor/combined,Сталкер,Комбинированные,RANK_STALKER,PERSONAL_ON_USE,7.5,100.0,100.0,90.07668,,-1.0,,,3.0,,2.0,,9.0,-0.25,40.0,,,68.0,60.0,165.0,165.0,165.0,200.0,70.0,200.0,120.0,,,,,,,,,,,,,190.07668,99.0,2.5,stalzone-database/ru/items/armor/combined/_variants/lyjvk/3.json
lyjvk,lyjvk,4,True,Костюм АО-3 «Искатель»,armor/combined,Сталкер,Комбинированные,RANK_STALKER,PERSONAL_ON_USE,7.5,100.0,100.0,91.768906,,-1.0,,,3.0,,2.0,,9.0,-0.25,40.0,,,68.0,60.0,165.0,165.0,165.0,200.0,70.0,200.0,120.0,,,,,,,,,,,,,191.76890600000002,99.0,2.5,stalzone-database/ru/items/armor/combined/_variants/lyjvk/4.json
lyjvk,lyjvk,5,True,Костюм АО-3 «Искатель»,armor/combined,Сталкер,Комбинированные,RANK_STALKER,PERSONAL_ON_USE,7.5,100.0,100.0,96.84557,,-1.0,,,3.0,,2.0,,9.0,-0.25,40.0,,,68.0,60.0,165.0,165.0,165.0,200.0,70.0,200.0,120.0,,,,,,,,,,,,,196.84557,99.0,2.5,stalzone-database/ru/items/armor/combined/_variants/lyjvk/5.json
lyjvk,lyjvk,6,True,Костюм АО-3 «Искатель»,armor/combined,Сталкер,Комбинированные,RANK_STALKER,PERSONAL_ON_USE,7.5,100.0,100.0,99.38392,,-1.0,,,3.0,,2.0,,9.0,-0.25,40.0,,,68.0,60.0,165.0,165.0,165.0,200.0,70.0,200.0,120.0,,,,,,,,,,,,,199.38392,99.0,2.5,stalzone-database/ru/items/armor/combined/_variants/lyjvk/6.json
lyjvk,lyjvk,7,True,Костюм АО-3 «Искатель»,armor/combined,Сталкер,Комбинированные,RANK_STALKER,PERSONAL_ON_USE,7.5,100.0,100.0,101.92226,,-1.0,,,3.0,,2.0,,9.0,-0.25,40.0,,,68.0,60.0,165.0,165.0,165.0,200.0,70.0,200.0,120.0,,,,,,,,,,,,,201.92226,99.0,2.5,stalzone-database/ru/items/armor/combined/_variants/lyjvk/7.json
lyjvk,lyjvk,8,True,Костюм АО-3 «Искатель»,armor/combined,Сталкер,Комбинированные,RANK_STALKER,PERSONAL_ON_USE,7.5,100.0,100.0,104.46059,,-1.0,,,3.0,,2.0,,9.0,-0.25,40.0,,,68.0,60.0,165.0,165.0,165.0,200.0,70.0,200.0,120.0,,,,,,,,,,,,,204.46059000000002,99.0,2.5,stalzone-database/ru/items/armor/combined/_variants/lyjvk/8.json
lyjvk,lyjvk,9,True,Костюм АО-3 «Искатель»,armor/combined,Сталкер,Комбинированные,RANK_STALKER,PERSONAL_ON_USE,7.5,100.0,100.0,106.99893,,-1.0,,,3.0,,2.0,,9.0,-0.25,40.0,,,68.0,60.0,165.0,165.0,165.0,200.0,70.0,200.0,120.0,,,,,,,,,,,,,206.99893,99.0,2.5,stalzone-database/ru/items/armor/combined/_variants/lyjvk/9.json
lyjvk,lyjvk,10,True,Костюм АО-3 «Искатель»,armor/combined,Сталкер,Комбинированные,RANK_STALKER,PERSONAL_ON_USE,7.5,100.0,100.0,114.444725,,-1.0,,,3.0,,2.0,,9.0,-0.25,40.0,,,68.0,60.0,165.0,165.0,165.0,200.0,70.0,200.0,120.0,,,,,,,,,,,,,214.444725,99.0,2.5,stalzone-database/ru/items/armor/combined/_variants/lyjvk/10.json
lyjvk,lyjvk,11,True,Костюм АО-3 «Искатель»,armor/combined,Сталкер,Комбинированные,RANK_STALKER,PERSONAL_ON_USE,7.5,100.0,100.0,118.16762,,-1.0,,,3.0,,2.0,,9.0,-0.25,40.0,,,68.0,60.0,165.0,165.0,165.0,200.0,70.0,200.0,120.0,,,,,,,,,,,,,218.16762,99.0,2.5,stalzone-database/ru/items/armor/combined/_variants/lyjvk/11.json
lyjvk,lyjvk,12,True,Костюм АО-3 «Искатель»,armor/combined,Сталкер,Комбинированные,RANK_STALKER,PERSONAL_ON_USE,7.5,100.0,100.0,121.89052,,-1.0,,,3.0,,2.0,,9.0,-0.25,40.0,,,68.0,60.0,165.0,165.0,165.0,200.0,70.0,200.0,120.0,,,,,,,,,,,,,221.89052,99.0,2.5,stalzone-database/ru/items/armor/combined/_variants/lyjvk/12.json
lyjvk,lyjvk,13,True,Костюм АО-3 «Искатель»,armor/combined,Сталкер,Комбинированные,RANK_STALKER,PERSONAL_ON_USE,7.5,100.0,100.0,125.61342,,-1.0,,,3.0,,2.0,,9.0,-0.25,40.0,,,68.0,60.0,165.0,165.0,165.0,200.0,70.0,200.0,120.0,,,,,,,,,,,,,225.61342000000002,99.0,2.5,stalzone-database/ru/items/armor/combined/_variants/lyjvk/13.json
lyjvk,lyjvk,14,True,Костюм АО-3 «Искатель»,armor/combined,Сталкер,Комбинированные,RANK_STALKER,PERSONAL_ON_USE,7.5,100.0,100.0,129.33632,,-1.0,,,3.0,,2.0,,9.0,-0.25,40.0,,,68.0,60.0,165.0,165.0,165.0,200.0,70.0,200.0,120.0,,,,,,,,,,,,,229.33632,99.0,2.5,stalzone-database/ru/items/armor/combined/_variants/lyjvk/14.json
lyjvk,lyjvk,15,True,Костюм АО-3 «Искатель»,armor/combined,Сталкер,Комбинированные,RANK_STALKER,PERSONAL_ON_USE,7.5,100.0,100.0,140.505,,-1.0,,,3.0,,2.0,,9.0,-0.25,40.0,,,68.0,60.0,165.0,165.0,165.0,200.0,70.0,200.0,120.0,,,,,,,,,,,,,240.505,99.0,2.5,stalzone-database/ru/items/armor/combined/_variants/lyjvk/15.json
m034j,m034j,0,False,Экзоброня «Каратель»,armor/combined,Мастер,Комбинированные,RANK_MASTER,PERSONAL_ON_USE,24.0,100.0,100.0,176.0,,11.0,,,,,,,18.0,-0.5,40.0,,,113.0,108.0,150.0,150.0,150.0,300.0,200.0,300.0,300.0,,,,,,,,,,,,,276.0,111.0,0.5,stalzone-database/ru/items/armor/combined/m034j.json
m034j,m034j,1,True,Экзоброня «Каратель»,armor/combined,Мастер,Комбинированные,RANK_MASTER,PERSONAL_ON_USE,24.0,100.0,100.0,178.52731,,11.0,,,,,,,18.0,-0.5,40.0,,,113.0,108.0,150.0,150.0,150.0,300.0,200.0,300.0,300.0,,,,,,,,,,,,,278.52731,111.0,0.5,stalzone-database/ru/items/armor/combined/_variants/m034j/1.json
m034j,m034j,2,True,Экзоброня «Каратель»,armor/combined,Мастер,Комбинированные,RANK_MASTER,PERSONAL_ON_USE,24.0,100.0,100.0,181.05464,,11.0,,,,,,,18.0,-0.5,40.0,,,113.0,108.0,150.0,150.0,150.0,300.0,200.0,300.0,300.0,,,,,,,,,,,,,281.05464,111.0,0.5,stalzone-database/ru/items/armor/combined/_variants/m034j/2.json
m034j,m034j,3,True,Экзоброня «Каратель»,armor/combined,Мастер,Комбинированные,RANK_MASTER,PERSONAL_ON_USE,24.0,100.0,100.0,183.58195,,11.0,,,,,,,18.0,-0.5,40.0,,,113.0,108.0,150.0,150.0,150.0,300.0,200.0,300.0,300.0,,,,,,,,,,,,,283.58195,111.0,0.5,stalzone-database/ru/items/armor/combined/_variants/m034j/3.json
m034j,m034j,4,True,Экзоброня «Каратель»,armor/combined,Мастер,Комбинированные,RANK_MASTER,PERSONAL_ON_USE,24.0,100.0,100.0,186.10925,,11.0,,,,,,,18.0,-0.5,40.0,,,113.0,108.0,150.0,150.0,150.0,300.0,200.0,300.0,300.0,,,,,,,,,,,,,286.10925,111.0,0.5,stalzone-database/ru/items/armor/combined/_variants/m034j/4.json
m034j,m034j,5,True,Экзоброня «Каратель»,armor/combined,Мастер,Комбинированные,RANK_MASTER,PERSONAL_ON_USE,24.0,100.0,100.0,193.69121,,11.0,,,,,,,18.0,-0.5,40.0,,,113.0,108.0,150.0,150.0,150.0,300.0,200.0,300.0,300.0,,,,,,,,,,,,,293.69121,111.0,0.5,stalzone-database/ru/items/armor/combined/_variants/m034j/5.json
m034j,m034j,6,True,Экзоброня «Каратель»,armor/combined,Мастер,Комбинированные,RANK_MASTER,PERSONAL_ON_USE,24.0,100.0,100.0,197.4822,,11.0,,,,,,,18.0,-0.5,40.0,,,113.0,108.0,150.0,150.0,150.0,300.0,200.0,300.0,300.0,,,,,,,,,,,,,297.48220000000003,111.0,0.5,stalzone-database/ru/items/armor/combined/_variants/m034j/6.json
m034j,m034j,7,True,Экзоброня «Каратель»,armor/combined,Мастер,Комбинированные,RANK_MASTER,PERSONAL_ON_USE,24.0,100.0,100.0,201.27318,,11.0,,,,,,,18.0,-0.5,40.0,,,113.0,108.0,150.0,150.0,150.0,300.0,200.0,300.0,300.0,,,,,,,,,,,,,301.27318,111.0,0.5,stalzone-database/ru/items/armor/combined/_variants/m034j/7.json
m034j,m034j,8,True,Экзоброня «Каратель»,armor/combined,Мастер,Комбинированные,RANK_MASTER,PERSONAL_ON_USE,24.0,100.0,100.0,205.06415,,11.0,,,,,,,18.0,-0.5,40.0,,,113.0,108.0,150.0,150.0,150.0,300.0,200.0,300.0,300.0,,,,,,,,,,,,,305.06415000000004,111.0,0.5,stalzone-database/ru/items/armor/combined/_variants/m034j/8.json
m034j,m034j,9,True,Экзоброня «Каратель»,armor/combined,Мастер,Комбинированные,RANK_MASTER,PERSONAL_ON_USE,24.0,100.0,100.0,208.8551,,11.0,,,,,,,18.0,-0.5,40.0,,,113.0,108.0,150.0,150.0,150.0,300.0,200.0,300.0,300.0,,,,,,,,,,,,,308.8551,111.0,0.5,stalzone-database/ru/items/armor/combined/_variants/m034j/9.json
m034j,m034j,10,True,Экзоброня «Каратель»,armor/combined,Мастер,Комбинированные,RANK_MASTER,PERSONAL_ON_USE,24.0,100.0,100.0,219.97531,,11.0,,,,,,,18.0,-0.5,40.0,,,113.0,108.0,150.0,150.0,150.0,300.0,200.0,300.0,300.0,,,,,,,,,,,,,319.97531000000004,111.0,0.5,stalzone-database/ru/items/armor/combined/_variants/m034j/10.json
m034j,m034j,11,True,Экзоброня «Каратель»,armor/combined,Мастер,Комбинированные,RANK_MASTER,PERSONAL_ON_USE,24.0,100.0,100.0,225.53542,,11.0,,,,,,,18.0,-0.5,40.0,,,113.0,108.0,150.0,150.0,150.0,300.0,200.0,300.0,300.0,,,,,,,,,,,,,325.53542,111.0,0.5,stalzone-database/ru/items/armor/combined/_variants/m034j/11.json
m034j,m034j,12,True,Экзоброня «Каратель»,armor/combined,Мастер,Комбинированные,RANK_MASTER,PERSONAL_ON_USE,24.0,100.0,100.0,231.0955,,11.0,,,,,,,18.0,-0.5,40.0,,,113.0,108.0,150.0,150.0,150.0,300.0,200.0,300.0,300.0,,,,,,,,,,,,,331.0955,111.0,0.5,stalzone-database/ru/items/armor/combined/_variants/m034j/12.json
m034j,m034j,13,True,Экзоброня «Каратель»,armor/combined,Мастер,Комбинированные,RANK_MASTER,PERSONAL_ON_USE,24.0,100.0,100.0,236.65561,,11.0,,,,,,,18.0,-0.5,40.0,,,113.0,108.0,150.0,150.0,150.0,300.0,200.0,300.0,300.0,,,,,,,,,,,,,336.65561,111.0,0.5,stalzone-database/ru/items/armor/combined/_variants/m034j/13.json
m034j,m034j,14,True,Экзоброня «Каратель»,armor/combined,Мастер,Комбинированные,RANK_MASTER,PERSONAL_ON_USE,24.0,100.0,100.0,242.2157,,11.0,,,,,,,18.0,-0.5,40.0,,,113.0,108.0,150.0,150.0,150.0,300.0,200.0,300.0,300.0,,,,,,,,,,,,,342.21569999999997,111.0,0.5,stalzone-database/ru/items/armor/combined/_variants/m034j/14.json
m034j,m034j,15,True,Экзоброня «Каратель»,armor/combined,Мастер,Комбинированные,RANK_MASTER,PERSONAL_ON_USE,24.0,100.0,100.0,258.896,,11.0,,,,,,,18.0,-0.5,40.0,,,113.0,108.0,150.0,150.0,150.0,300.0,200.0,300.0,300.0,,,,,,,,,,,,,358.89599999999996,111.0,0.5,stalzone-database/ru/items/armor/combined/_variants/m034j/15.json
m03nr,m03nr,0,False,Штурмовой ПНВ,armor/device,Ветеран,Устройства,RANK_VETERAN,PERSONAL_ON_USE,1.6,,,,,,,,,,,,,,,,,,,,,,,,,,,,,,,,,,,,,,100.0,100.0,0.5,stalzone-database/ru/items/armor/device/m03nr.json
m03w7,m03w7,0,False,Экзоброня ZIVCAS M2-C,armor/combined,Легенда,Комбинированные,RANK_LEGEND,PERSONAL_ON_USE,28.0,100.0,100.0,216.0,,,,,,,3.0,,30.0,,40.0,,,140.0,122.0,300.0,400.0,500.0,300.0,200.0,300.0,300.0,,,,,,,,,,,,,316.0,100.0,3.5,stalzone-database/ru/items/armor/combined/m03w7.json
m03w7,m03w7,1,True,Экзоброня ZIVCAS M2-C,armor/combined,Легенда,Комбинированные,RANK_LEGEND,PERSONAL_ON_USE,28.0,100.0,100.0,218.89096,,,,,,,3.0,,30.0,,40.0,,,140.0,122.0,300.0,400.0,500.0,300.0,200.0,300.0,300.0,,,,,,,,,,,,,318.89096,100.0,3.5,stalzone-database/ru/items/armor/combined/_variants/m03w7/1.json
m03w7,m03w7,2,True,Экзоброня ZIVCAS M2-C,armor/combined,Легенда,Комбинированные,RANK_LEGEND,PERSONAL_ON_USE,28.0,100.0,100.0,221.78195,,,,,,,3.0,,30.0,,40.0,,,140.0,122.0,300.0,400.0,500.0,300.0,200.0,300.0,300.0,,,,,,,,,,,,,321.78195,100.0,3.5,stalzone-database/ru/items/armor/combined/_variants/m03w7/2.json
m03w7,m03w7,3,True,Экзоброня ZIVCAS M2-C,armor/combined,Легенда,Комбинированные,RANK_LEGEND,PERSONAL_ON_USE,28.0,100.0,100.0,224.67293,,,,,,,3.0,,30.0,,40.0,,,140.0,122.0,300.0,400.0,500.0,300.0,200.0,300.0,300.0,,,,,,,,,,,,,324.67293,100.0,3.5,stalzone-database/ru/items/armor/combined/_variants/m03w7/3.json
m03w7,m03w7,4,True,Экзоброня ZIVCAS M2-C,armor/combined,Легенда,Комбинированные,RANK_LEGEND,PERSONAL_ON_USE,28.0,100.0,100.0,227.56389,,,,,,,3.0,,30.0,,40.0,,,140.0,122.0,300.0,400.0,500.0,300.0,200.0,300.0,300.0,,,,,,,,,,,,,327.56389,100.0,3.5,stalzone-database/ru/items/armor/combined/_variants/m03w7/4.json
m03w7,m03w7,5,True,Экзоброня ZIVCAS M2-C,armor/combined,Легенда,Комбинированные,RANK_LEGEND,PERSONAL_ON_USE,28.0,100.0,100.0,236.23682,,,,,,,3.0,,30.0,,40.0,,,140.0,122.0,300.0,400.0,500.0,300.0,200.0,300.0,300.0,,,,,,,,,,,,,336.2368199999999,100.0,3.5,stalzone-database/ru/items/armor/combined/_variants/m03w7/5.json
m03w7,m03w7,6,True,Экзоброня ZIVCAS M2-C,armor/combined,Легенда,Комбинированные,RANK_LEGEND,PERSONAL_ON_USE,28.0,100.0,100.0,240.57329,,,,,,,3.0,,30.0,,40.0,,,140.0,122.0,300.0,400.0,500.0,300.0,200.0,300.0,300.0,,,,,,,,,,,,,340.57329,100.0,3.5,stalzone-database/ru/items/armor/combined/_variants/m03w7/6.json
m03w7,m03w7,7,True,Экзоброня ZIVCAS M2-C,armor/combined,Легенда,Комбинированные,RANK_LEGEND,PERSONAL_ON_USE,28.0,100.0,100.0,244.90976,,,,,,,3.0,,30.0,,40.0,,,140.0,122.0,300.0,400.0,500.0,300.0,200.0,300.0,300.0,,,,,,,,,,,,,344.90976,100.0,3.5,stalzone-database/ru/items/armor/combined/_variants/m03w7/7.json
m03w7,m03w7,8,True,Экзоброня ZIVCAS M2-C,armor/combined,Легенда,Комбинированные,RANK_LEGEND,PERSONAL_ON_USE,28.0,100.0,100.0,249.24622,,,,,,,3.0,,30.0,,40.0,,,140.0,122.0,300.0,400.0,500.0,300.0,200.0,300.0,300.0,,,,,,,,,,,,,349.24622000000005,100.0,3.5,stalzone-database/ru/items/armor/combined/_variants/m03w7/8.json
m03w7,m03w7,9,True,Экзоброня ZIVCAS M2-C,armor/combined,Легенда,Комбинированные,RANK_LEGEND,PERSONAL_ON_USE,28.0,100.0,100.0,253.58267,,,,,,,3.0,,30.0,,40.0,,,140.0,122.0,300.0,400.0,500.0,300.0,200.0,300.0,300.0,,,,,,,,,,,,,353.58267,100.0,3.5,stalzone-database/ru/items/armor/combined/_variants/m03w7/9.json
m03w7,m03w7,10,True,Экзоброня ZIVCAS M2-C,armor/combined,Легенда,Комбинированные,RANK_LEGEND,PERSONAL_ON_USE,28.0,100.0,100.0,266.30298,,,,,,,3.0,,30.0,,40.0,,,140.0,122.0,300.0,400.0,500.0,300.0,200.0,300.0,300.0,,,,,,,,,,,,,366.30298000000005,100.0,3.5,stalzone-database/ru/items/armor/combined/_variants/m03w7/10.json
m03w7,m03w7,11,True,Экзоброня ZIVCAS M2-C,armor/combined,Легенда,Комбинированные,RANK_LEGEND,PERSONAL_ON_USE,28.0,100.0,100.0,272.66312,,,,,,,3.0,,30.0,,40.0,,,140.0,122.0,300.0,400.0,500.0,300.0,200.0,300.0,300.0,,,,,,,,,,,,,372.66312,100.0,3.5,stalzone-database/ru/items/armor/combined/_variants/m03w7/11.json
m03w7,m03w7,12,True,Экзоброня ZIVCAS M2-C,armor/combined,Легенда,Комбинированные,RANK_LEGEND,PERSONAL_ON_USE,28.0,100.0,100.0,279.02325,,,,,,,3.0,,30.0,,40.0,,,140.0,122.0,300.0,400.0,500.0,300.0,200.0,300.0,300.0,,,,,,,,,,,,,379.02325,100.0,3.5,stalzone-database/ru/items/armor/combined/_variants/m03w7/12.json
m03w7,m03w7,13,True,Экзоброня ZIVCAS M2-C,armor/combined,Легенда,Комбинированные,RANK_LEGEND,PERSONAL_ON_USE,28.0,100.0,100.0,285.38342,,,,,,,3.0,,30.0,,40.0,,,140.0,122.0,300.0,400.0,500.0,300.0,200.0,300.0,300.0,,,,,,,,,,,,,385.38341999999994,100.0,3.5,stalzone-database/ru/items/armor/combined/_variants/m03w7/13.json
m03w7,m03w7,14,True,Экзоброня ZIVCAS M2-C,armor/combined,Легенда,Комбинированные,RANK_LEGEND,PERSONAL_ON_USE,28.0,100.0,100.0,291.74356,,,,,,,3.0,,30.0,,40.0,,,140.0,122.0,300.0,400.0,500.0,300.0,200.0,300.0,300.0,,,,,,,,,,,,,391.74356,100.0,3.5,stalzone-database/ru/items/armor/combined/_variants/m03w7/14.json
m03w7,m03w7,15,True,Экзоброня ZIVCAS M2-C,armor/combined,Легенда,Комбинированные,RANK_LEGEND,PERSONAL_ON_USE,28.0,100.0,100.0,310.824,,,,,,,3.0,,30.0,,40.0,,,140.0,122.0,300.0,400.0,500.0,300.0,200.0,300.0,300.0,,,,,,,,,,,,,410.824,100.0,3.5,stalzone-database/ru/items/armor/combined/_variants/m03w7/15.json
m062y,m062y,0,False,Куртка с бронежилетом,armor/combat,Отмычка,Боевые,DEFAULT,PERSONAL_ON_USE,4.0,100.0,100.0,23.0,,,,,,,,,,,40.0,,,40.0,35.0,0.0,0.0,0.0,0.0,0.0,0.0,0.0,,,,,,,,,,,,,123.0,100.0,0.5,stalzone-database/ru/items/armor/combat/m062y.json
m062y,m062y,1,True,Куртка с бронежилетом,armor/combat,Отмычка,Боевые,DEFAULT,PERSONAL_ON_USE,4.0,100.0,100.0,24.125458,,,,,,,,,,,40.0,,,40.0,35.0,0.0,0.0,0.0,0.0,0.0,0.0,0.0,,,,,,,,,,,,,124.125458,100.0,0.5,stalzone-database/ru/items/armor/combat/_variants/m062y/1.json
m062y,m062y,2,True,Куртка с бронежилетом,armor/combat,Отмычка,Боевые,DEFAULT,PERSONAL_ON_USE,4.0,100.0,100.0,25.250914,,,,,,,,,,,40.0,,,40.0,35.0,0.0,0.0,0.0,0.0,0.0,0.0,0.0,,,,,,,,,,,,,125.250914,100.0,0.5,stalzone-database/ru/items/armor/combat/_variants/m062y/2.json
m062y,m062y,3,True,Куртка с бронежилетом,armor/combat,Отмычка,Боевые,DEFAULT,PERSONAL_ON_USE,4.0,100.0,100.0,26.376371,,,,,,,,,,,40.0,,,40.0,35.0,0.0,0.0,0.0,0.0,0.0,0.0,0.0,,,,,,,,,,,,,126.376371,100.0,0.5,stalzone-database/ru/items/armor/combat/_variants/m062y/3.json
m062y,m062y,4,True,Куртка с бронежилетом,armor/combat,Отмычка,Боевые,DEFAULT,PERSONAL_ON_USE,4.0,100.0,100.0,27.501827,,,,,,,,,,,40.0,,,40.0,35.0,0.0,0.0,0.0,0.0,0.0,0.0,0.0,,,,,,,,,,,,,127.50182699999999,100.0,0.5,stalzone-database/ru/items/armor/combat/_variants/m062y/4.json
m062y,m062y,5,True,Куртка с бронежилетом,armor/combat,Отмычка,Боевые,DEFAULT,PERSONAL_ON_USE,4.0,100.0,100.0,30.8782,,,,,,,,,,,40.0,,,40.0,35.0,0.0,0.0,0.0,0.0,0.0,0.0,0.0,,,,,,,,,,,,,130.8782,100.0,0.5,stalzone-database/ru/items/armor/combat/_variants/m062y/5.json
m062y,m062y,6,True,Куртка с бронежилетом,armor/combat,Отмычка,Боевые,DEFAULT,PERSONAL_ON_USE,4.0,100.0,100.0,32.566383,,,,,,,,,,,40.0,,,40.0,35.0,0.0,0.0,0.0,0.0,0.0,0.0,0.0,,,,,,,,,,,,,132.566383,100.0,0.5,stalzone-database/ru/items/armor/combat/_variants/m062y/6.json
m062y,m062y,7,True,Куртка с бронежилетом,armor/combat,Отмычка,Боевые,DEFAULT,PERSONAL_ON_USE,4.0,100.0,100.0,34.254574,,,,,,,,,,,40.0,,,40.0,35.0,0.0,0.0,0.0,0.0,0.0,0.0,0.0,,,,,,,,,,,,,134.254574,100.0,0.5,stalzone-database/ru/items/armor/combat/_variants/m062y/7.json
m062y,m062y,8,True,Куртка с бронежилетом,armor/combat,Отмычка,Боевые,DEFAULT,PERSONAL_ON_USE,4.0,100.0,100.0,35.94276,,,,,,,,,,,40.0,,,40.0,35.0,0.0,0.0,0.0,0.0,0.0,0.0,0.0,,,,,,,,,,,,,135.94276,100.0,0.5,stalzone-database/ru/items/armor/combat/_variants/m062y/8.json
m062y,m062y,9,True,Куртка с бронежилетом,armor/combat,Отмычка,Боевые,DEFAULT,PERSONAL_ON_USE,4.0,100.0,100.0,37.630943,,,,,,,,,,,40.0,,,40.0,35.0,0.0,0.0,0.0,0.0,0.0,0.0,0.0,,,,,,,,,,,,,137.630943,100.0,0.5,stalzone-database/ru/items/armor/combat/_variants/m062y/9.json
m062y,m062y,10,True,Куртка с бронежилетом,armor/combat,Отмычка,Боевые,DEFAULT,PERSONAL_ON_USE,4.0,100.0,100.0,42.582954,,,,,,,,,,,40.0,,,40.0,35.0,0.0,0.0,0.0,0.0,0.0,0.0,0.0,,,,,,,,,,,,,142.582954,100.0,0.5,stalzone-database/ru/items/armor/combat/_variants/m062y/10.json
m062y,m062y,11,True,Куртка с бронежилетом,armor/combat,Отмычка,Боевые,DEFAULT,PERSONAL_ON_USE,4.0,100.0,100.0,45.05896,,,,,,,,,,,40.0,,,40.0,35.0,0.0,0.0,0.0,0.0,0.0,0.0,0.0,,,,,,,,,,,,,145.05896,100.0,0.5,stalzone-database/ru/items/armor/combat/_variants/m062y/11.json
m062y,m062y,12,True,Куртка с бронежилетом,armor/combat,Отмычка,Боевые,DEFAULT,PERSONAL_ON_USE,4.0,100.0,100.0,46.0,,,,,,,,,,,40.0,,,40.0,35.0,0.0,0.0,0.0,0.0,0.0,0.0,0.0,,,,,,,,,,,,,146.0,100.0,0.5,stalzone-database/ru/items/armor/combat/_variants/m062y/12.json
m062y,m062y,13,True,Куртка с бронежилетом,armor/combat,Отмычка,Боевые,DEFAULT,PERSONAL_ON_USE,4.0,100.0,100.0,46.0,,,,,,,,,,,40.0,,,40.0,35.0,0.0,0.0,0.0,0.0,0.0,0.0,0.0,,,,,,,,,,,,,146.0,100.0,0.5,stalzone-database/ru/items/armor/combat/_variants/m062y/13.json
m062y,m062y,14,True,Куртка с бронежилетом,armor/combat,Отмычка,Боевые,DEFAULT,PERSONAL_ON_USE,4.0,100.0,100.0,46.0,,,,,,,,,,,40.0,,,40.0,35.0,0.0,0.0,0.0,0.0,0.0,0.0,0.0,,,,,,,,,,,,,146.0,100.0,0.5,stalzone-database/ru/items/armor/combat/_variants/m062y/14.json
m062y,m062y,15,True,Куртка с бронежилетом,armor/combat,Отмычка,Боевые,DEFAULT,PERSONAL_ON_USE,4.0,100.0,100.0,46.0,,,,,,,,,,,40.0,,,40.0,35.0,0.0,0.0,0.0,0.0,0.0,0.0,0.0,,,,,,,,,,,,,146.0,100.0,0.5,stalzone-database/ru/items/armor/combat/_variants/m062y/15.json
m06k2,m06k2,0,False,Бронекостюм «Скиф-5»,armor/combined,Мастер,Комбинированные,RANK_MASTER,PERSONAL_ON_USE,12.0,100.0,100.0,210.0,,1.0,,,,,,,20.0,,40.0,,,144.0,140.0,150.0,150.0,150.0,300.0,200.0,300.0,300.0,,,,,,,,,,,,,310.0,101.0,0.5,stalzone-database/ru/items/armor/combined/m06k2.json
m06k2,m06k2,1,True,Бронекостюм «Скиф-5»,armor/combined,Мастер,Комбинированные,RANK_MASTER,PERSONAL_ON_USE,12.0,100.0,100.0,212.83627,,1.0,,,,,,,20.0,,40.0,,,144.0,140.0,150.0,150.0,150.0,300.0,200.0,300.0,300.0,,,,,,,,,,,,,312.83627,101.0,0.5,stalzone-database/ru/items/armor/combined/_variants/m06k2/1.json
m06k2,m06k2,2,True,Бронекостюм «Скиф-5»,armor/combined,Мастер,Комбинированные,RANK_MASTER,PERSONAL_ON_USE,12.0,100.0,100.0,215.67256,,1.0,,,,,,,20.0,,40.0,,,144.0,140.0,150.0,150.0,150.0,300.0,200.0,300.0,300.0,,,,,,,,,,,,,315.67256,101.0,0.5,stalzone-database/ru/items/armor/combined/_variants/m06k2/2.json
m06k2,m06k2,3,True,Бронекостюм «Скиф-5»,armor/combined,Мастер,Комбинированные,RANK_MASTER,PERSONAL_ON_USE,12.0,100.0,100.0,218.50883,,1.0,,,,,,,20.0,,40.0,,,144.0,140.0,150.0,150.0,150.0,300.0,200.0,300.0,300.0,,,,,,,,,,,,,318.50883,101.0,0.5,stalzone-database/ru/items/armor/combined/_variants/m06k2/3.json
m06k2,m06k2,4,True,Бронекостюм «Скиф-5»,armor/combined,Мастер,Комбинированные,RANK_MASTER,PERSONAL_ON_USE,12.0,100.0,100.0,221.34511,,1.0,,,,,,,20.0,,40.0,,,144.0,140.0,150.0,150.0,150.0,300.0,200.0,300.0,300.0,,,,,,,,,,,,,321.34511,101.0,0.5,stalzone-database/ru/items/armor/combined/_variants/m06k2/4.json
m06k2,m06k2,5,True,Бронекостюм «Скиф-5»,armor/combined,Мастер,Комбинированные,RANK_MASTER,PERSONAL_ON_USE,12.0,100.0,100.0,229.85396,,1.0,,,,,,,20.0,,40.0,,,144.0,140.0,150.0,150.0,150.0,300.0,200.0,300.0,300.0,,,,,,,,,,,,,329.85396000000003,101.0,0.5,stalzone-database/ru/items/armor/combined/_variants/m06k2/5.json
m06k2,m06k2,6,True,Бронекостюм «Скиф-5»,armor/combined,Мастер,Комбинированные,RANK_MASTER,PERSONAL_ON_USE,12.0,100.0,100.0,234.10837,,1.0,,,,,,,20.0,,40.0,,,144.0,140.0,150.0,150.0,150.0,300.0,200.0,300.0,300.0,,,,,,,,,,,,,334.1083700000001,101.0,0.5,stalzone-database/ru/items/armor/combined/_variants/m06k2/6.json
m06k2,m06k2,7,True,Бронекостюм «Скиф-5»,armor/combined,Мастер,Комбинированные,RANK_MASTER,PERSONAL_ON_USE,12.0,100.0,100.0,238.36281,,1.0,,,,,,,20.0,,40.0,,,144.0,140.0,150.0,150.0,150.0,300.0,200.0,300.0,300.0,,,,,,,,,,,,,338.36280999999997,101.0,0.5,stalzone-database/ru/items/armor/combined/_variants/m06k2/7.json
m06k2,m06k2,8,True,Бронекостюм «Скиф-5»,armor/combined,Мастер,Комбинированные,RANK_MASTER,PERSONAL_ON_USE,12.0,100.0,100.0,242.61723,,1.0,,,,,,,20.0,,40.0,,,144.0,140.0,150.0,150.0,150.0,300.0,200.0,300.0,300.0,,,,,,,,,,,,,342.61723,101.0,0.5,stalzone-database/ru/items/armor/combined/_variants/m06k2/8.json
m06k2,m06k2,9,True,Бронекостюм «Скиф-5»,armor/combined,Мастер,Комбинированные,RANK_MASTER,PERSONAL_ON_USE,12.0,100.0,100.0,246.87166,,1.0,,,,,,,20.0,,40.0,,,144.0,140.0,150.0,150.0,150.0,300.0,200.0,300.0,300.0,,,,,,,,,,,,,346.87166,101.0,0.5,stalzone-database/ru/items/armor/combined/_variants/m06k2/9.json
m06k2,m06k2,10,True,Бронекостюм «Скиф-5»,armor/combined,Мастер,Комбинированные,RANK_MASTER,PERSONAL_ON_USE,12.0,100.0,100.0,259.3513,,1.0,,,,,,,20.0,,40.0,,,144.0,140.0,150.0,150.0,150.0,300.0,200.0,300.0,300.0,,,,,,,,,,,,,359.3513,101.0,0.5,stalzone-database/ru/items/armor/combined/_variants/m06k2/10.json
m06k2,m06k2,11,True,Бронекостюм «Скиф-5»,armor/combined,Мастер,Комбинированные,RANK_MASTER,PERSONAL_ON_USE,12.0,100.0,100.0,265.5911,,1.0,,,,,,,20.0,,40.0,,,144.0,140.0,150.0,150.0,150.0,300.0,200.0,300.0,300.0,,,,,,,,,,,,,365.5911,101.0,0.5,stalzone-database/ru/items/armor/combined/_variants/m06k2/11.json
m06k2,m06k2,12,True,Бронекостюм «Скиф-5»,armor/combined,Мастер,Комбинированные,RANK_MASTER,PERSONAL_ON_USE,12.0,100.0,100.0,271.8309,,1.0,,,,,,,20.0,,40.0,,,144.0,140.0,150.0,150.0,150.0,300.0,200.0,300.0,300.0,,,,,,,,,,,,,371.8309,101.0,0.5,stalzone-database/ru/items/armor/combined/_variants/m06k2/12.json
m06k2,m06k2,13,True,Бронекостюм «Скиф-5»,armor/combined,Мастер,Комбинированные,RANK_MASTER,PERSONAL_ON_USE,12.0,100.0,100.0,278.07074,,1.0,,,,,,,20.0,,40.0,,,144.0,140.0,150.0,150.0,150.0,300.0,200.0,300.0,300.0,,,,,,,,,,,,,378.07074,101.0,0.5,stalzone-database/ru/items/armor/combined/_variants/m06k2/13.json
m06k2,m06k2,14,True,Бронекостюм «Скиф-5»,armor/combined,Мастер,Комбинированные,RANK_MASTER,PERSONAL_ON_USE,12.0,100.0,100.0,284.31055,,1.0,,,,,,,20.0,,40.0,,,144.0,140.0,150.0,150.0,150.0,300.0,200.0,300.0,300.0,,,,,,,,,,,,,384.31055,101.0,0.5,stalzone-database/ru/items/armor/combined/_variants/m06k2/14.json
m06k2,m06k2,15,True,Бронекостюм «Скиф-5»,armor/combined,Мастер,Комбинированные,RANK_MASTER,PERSONAL_ON_USE,12.0,100.0,100.0,303.03,,1.0,,,,,,,20.0,,40.0,,,144.0,140.0,150.0,150.0,150.0,300.0,200.0,300.0,300.0,,,,,,,,,,,,,403.03,101.0,0.5,stalzone-database/ru/items/armor/combined/_variants/m06k2/15.json
m06my,m06my,0,False,Бандитский костюм с противогазом,armor/combined,Новичок,Комбинированные,RANK_NEWBIE,PERSONAL_ON_USE,3.7,100.0,100.0,29.0,,1.0,,,,,,,6.0,,25.0,,,37.0,20.0,15.0,15.0,15.0,50.0,30.0,50.0,0.0,,,,,,,,,,,,,129.0,101.0,0.5,stalzone-database/ru/items/armor/combined/m06my.json
m06my,m06my,1,True,Бандитский костюм с противогазом,armor/combined,Новичок,Комбинированные,RANK_NEWBIE,PERSONAL_ON_USE,3.7,100.0,100.0,30.180336,,1.0,,,,,,,6.0,,25.0,,,37.0,20.0,15.0,15.0,15.0,50.0,30.0,50.0,0.0,,,,,,,,,,,,,130.180336,101.0,0.5,stalzone-database/ru/items/armor/combined/_variants/m06my/1.json
m06my,m06my,2,True,Бандитский костюм с противогазом,armor/combined,Новичок,Комбинированные,RANK_NEWBIE,PERSONAL_ON_USE,3.7,100.0,100.0,31.36067,,1.0,,,,,,,6.0,,25.0,,,37.0,20.0,15.0,15.0,15.0,50.0,30.0,50.0,0.0,,,,,,,,,,,,,131.36067,101.0,0.5,stalzone-database/ru/items/armor/combined/_variants/m06my/2.json
m06my,m06my,3,True,Бандитский костюм с противогазом,armor/combined,Новичок,Комбинированные,RANK_NEWBIE,PERSONAL_ON_USE,3.7,100.0,100.0,32.541008,,1.0,,,,,,,6.0,,25.0,,,37.0,20.0,15.0,15.0,15.0,50.0,30.0,50.0,0.0,,,,,,,,,,,,,132.541008,101.0,0.5,stalzone-database/ru/items/armor/combined/_variants/m06my/3.json
m06my,m06my,4,True,Бандитский костюм с противогазом,armor/combined,Новичок,Комбинированные,RANK_NEWBIE,PERSONAL_ON_USE,3.7,100.0,100.0,33.72134,,1.0,,,,,,,6.0,,25.0,,,37.0,20.0,15.0,15.0,15.0,50.0,30.0,50.0,0.0,,,,,,,,,,,,,133.72134,101.0,0.5,stalzone-database/ru/items/armor/combined/_variants/m06my/4.json
m06my,m06my,5,True,Бандитский костюм с противогазом,armor/combined,Новичок,Комбинированные,RANK_NEWBIE,PERSONAL_ON_USE,3.7,100.0,100.0,37.26235,,1.0,,,,,,,6.0,,25.0,,,37.0,20.0,15.0,15.0,15.0,50.0,30.0,50.0,0.0,,,,,,,,,,,,,137.26235,101.0,0.5,stalzone-database/ru/items/armor/combined/_variants/m06my/5.json
m06my,m06my,6,True,Бандитский костюм с противогазом,armor/combined,Новичок,Комбинированные,RANK_NEWBIE,PERSONAL_ON_USE,3.7,100.0,100.0,39.032852,,1.0,,,,,,,6.0,,25.0,,,37.0,20.0,15.0,15.0,15.0,50.0,30.0,50.0,0.0,,,,,,,,,,,,,139.032852,101.0,0.5,stalzone-database/ru/items/armor/combined/_variants/m06my/6.json
m06my,m06my,7,True,Бандитский костюм с противогазом,armor/combined,Новичок,Комбинированные,RANK_NEWBIE,PERSONAL_ON_USE,3.7,100.0,100.0,40.803356,,1.0,,,,,,,6.0,,25.0,,,37.0,20.0,15.0,15.0,15.0,50.0,30.0,50.0,0.0,,,,,,,,,,,,,140.803356,101.0,0.5,stalzone-database/ru/items/armor/combined/_variants/m06my/7.json
m06my,m06my,8,True,Бандитский костюм с противогазом,armor/combined,Новичок,Комбинированные,RANK_NEWBIE,PERSONAL_ON_USE,3.7,100.0,100.0,42.573856,,1.0,,,,,,,6.0,,25.0,,,37.0,20.0,15.0,15.0,15.0,50.0,30.0,50.0,0.0,,,,,,,,,,,,,142.573856,101.0,0.5,stalzone-database/ru/items/armor/combined/_variants/m06my/8.json
m06my,m06my,9,True,Бандитский костюм с противогазом,armor/combined,Новичок,Комбинированные,RANK_NEWBIE,PERSONAL_ON_USE,3.7,100.0,100.0,44.344357,,1.0,,,,,,,6.0,,25.0,,,37.0,20.0,15.0,15.0,15.0,50.0,30.0,50.0,0.0,,,,,,,,,,,,,144.344357,101.0,0.5,stalzone-database/ru/items/armor/combined/_variants/m06my/9.json
m06my,m06my,10,True,Бандитский костюм с противогазом,armor/combined,Новичок,Комбинированные,RANK_NEWBIE,PERSONAL_ON_USE,3.7,100.0,100.0,49.53783,,1.0,,,,,,,6.0,,25.0,,,37.0,20.0,15.0,15.0,15.0,50.0,30.0,50.0,0.0,,,,,,,,,,,,,149.53782999999999,101.0,0.5,stalzone-database/ru/items/armor/combined/_variants/m06my/10.json
m06my,m06my,11,True,Бандитский костюм с противогазом,armor/combined,Новичок,Комбинированные,RANK_NEWBIE,PERSONAL_ON_USE,3.7,100.0,100.0,52.13457,,1.0,,,,,,,6.0,,25.0,,,37.0,20.0,15.0,15.0,15.0,50.0,30.0,50.0,0.0,,,,,,,,,,,,,152.13457,101.0,0.5,stalzone-database/ru/items/armor/combined/_variants/m06my/11.json
m06my,m06my,12,True,Бандитский костюм с противогазом,armor/combined,Новичок,Комбинированные,RANK_NEWBIE,PERSONAL_ON_USE,3.7,100.0,100.0,54.731308,,1.0,,,,,,,6.0,,25.0,,,37.0,20.0,15.0,15.0,15.0,50.0,30.0,50.0,0.0,,,,,,,,,,,,,154.731308,101.0,0.5,stalzone-database/ru/items/armor/combined/_variants/m06my/12.json
m06my,m06my,13,True,Бандитский костюм с противогазом,armor/combined,Новичок,Комбинированные,RANK_NEWBIE,PERSONAL_ON_USE,3.7,100.0,100.0,57.32805,,1.0,,,,,,,6.0,,25.0,,,37.0,20.0,15.0,15.0,15.0,50.0,30.0,50.0,0.0,,,,,,,,,,,,,157.32805,101.0,0.5,stalzone-database/ru/items/armor/combined/_variants/m06my/13.json
m06my,m06my,14,True,Бандитский костюм с противогазом,armor/combined,Новичок,Комбинированные,RANK_NEWBIE,PERSONAL_ON_USE,3.7,100.0,100.0,58.0,,1.0,,,,,,,6.0,,25.0,,,37.0,20.0,15.0,15.0,15.0,50.0,30.0,50.0,0.0,,,,,,,,,,,,,158.0,101.0,0.5,stalzone-database/ru/items/armor/combined/_variants/m06my/14.json
m06my,m06my,15,True,Бандитский костюм с противогазом,armor/combined,Новичок,Комбинированные,RANK_NEWBIE,PERSONAL_ON_USE,3.7,100.0,100.0,58.0,,1.0,,,,,,,6.0,,25.0,,,37.0,20.0,15.0,15.0,15.0,50.0,30.0,50.0,0.0,,,,,,,,,,,,,158.0,101.0,0.5,stalzone-database/ru/items/armor/combined/_variants/m06my/15.json
m06vy,m06vy,0,False,КИМ-116 «Изумруд»,armor/scientist,Сталкер,Научные,RANK_STALKER,PERSONAL_ON_USE,7.3,100.0,100.0,88.0,,,,,,,,,9.0,,30.0,,,51.0,60.0,650.0,650.0,1000.0,320.0,300.0,400.0,250.0,,,,,,,,,,,,,188.0,100.0,0.5,stalzone-database/ru/items/armor/scientist/m06vy.json
m06vy,m06vy,1,True,КИМ-116 «Изумруд»,armor/scientist,Сталкер,Научные,RANK_STALKER,PERSONAL_ON_USE,7.3,100.0,100.0,89.71976,,,,,,,,,9.0,,30.0,,,51.0,60.0,650.0,650.0,1000.0,320.0,300.0,400.0,250.0,,,,,,,,,,,,,189.71976000000004,100.0,0.5,stalzone-database/ru/items/armor/scientist/_variants/m06vy/1.json
m06vy,m06vy,2,True,КИМ-116 «Изумруд»,armor/scientist,Сталкер,Научные,RANK_STALKER,PERSONAL_ON_USE,7.3,100.0,100.0,91.439514,,,,,,,,,9.0,,30.0,,,51.0,60.0,650.0,650.0,1000.0,320.0,300.0,400.0,250.0,,,,,,,,,,,,,191.43951400000003,100.0,0.5,stalzone-database/ru/items/armor/scientist/_variants/m06vy/2.json
m06vy,m06vy,3,True,КИМ-116 «Изумруд»,armor/scientist,Сталкер,Научные,RANK_STALKER,PERSONAL_ON_USE,7.3,100.0,100.0,93.15927,,,,,,,,,9.0,,30.0,,,51.0,60.0,650.0,650.0,1000.0,320.0,300.0,400.0,250.0,,,,,,,,,,,,,193.15927,100.0,0.5,stalzone-database/ru/items/armor/scientist/_variants/m06vy/3.json
m06vy,m06vy,4,True,КИМ-116 «Изумруд»,armor/scientist,Сталкер,Научные,RANK_STALKER,PERSONAL_ON_USE,7.3,100.0,100.0,94.87903,,,,,,,,,9.0,,30.0,,,51.0,60.0,650.0,650.0,1000.0,320.0,300.0,400.0,250.0,,,,,,,,,,,,,194.87902999999997,100.0,0.5,stalzone-database/ru/items/armor/scientist/_variants/m06vy/4.json
m06vy,m06vy,5,True,КИМ-116 «Изумруд»,armor/scientist,Сталкер,Научные,RANK_STALKER,PERSONAL_ON_USE,7.3,100.0,100.0,100.03829,,,,,,,,,9.0,,30.0,,,51.0,60.0,650.0,650.0,1000.0,320.0,300.0,400.0,250.0,,,,,,,,,,,,,200.03829000000002,100.0,0.5,stalzone-database/ru/items/armor/scientist/_variants/m06vy/5.json
m06vy,m06vy,6,True,КИМ-116 «Изумруд»,armor/scientist,Сталкер,Научные,RANK_STALKER,PERSONAL_ON_USE,7.3,100.0,100.0,102.61793,,,,,,,,,9.0,,30.0,,,51.0,60.0,650.0,650.0,1000.0,320.0,300.0,400.0,250.0,,,,,,,,,,,,,202.61793,100.0,0.5,stalzone-database/ru/items/armor/scientist/_variants/m06vy/6.json
m06vy,m06vy,7,True,КИМ-116 «Изумруд»,armor/scientist,Сталкер,Научные,RANK_STALKER,PERSONAL_ON_USE,7.3,100.0,100.0,105.19756,,,,,,,,,9.0,,30.0,,,51.0,60.0,650.0,650.0,1000.0,320.0,300.0,400.0,250.0,,,,,,,,,,,,,205.19756,100.0,0.5,stalzone-database/ru/items/armor/scientist/_variants/m06vy/7.json
m06vy,m06vy,8,True,КИМ-116 «Изумруд»,armor/scientist,Сталкер,Научные,RANK_STALKER,PERSONAL_ON_USE,7.3,100.0,100.0,107.7772,,,,,,,,,9.0,,30.0,,,51.0,60.0,650.0,650.0,1000.0,320.0,300.0,400.0,250.0,,,,,,,,,,,,,207.77720000000002,100.0,0.5,stalzone-database/ru/items/armor/scientist/_variants/m06vy/8.json
m06vy,m06vy,9,True,КИМ-116 «Изумруд»,armor/scientist,Сталкер,Научные,RANK_STALKER,PERSONAL_ON_USE,7.3,100.0,100.0,110.35682,,,,,,,,,9.0,,30.0,,,51.0,60.0,650.0,650.0,1000.0,320.0,300.0,400.0,250.0,,,,,,,,,,,,,210.35682,100.0,0.5,stalzone-database/ru/items/armor/scientist/_variants/m06vy/9.json
m06vy,m06vy,10,True,КИМ-116 «Изумруд»,armor/scientist,Сталкер,Научные,RANK_STALKER,PERSONAL_ON_USE,7.3,100.0,100.0,117.92375,,,,,,,,,9.0,,30.0,,,51.0,60.0,650.0,650.0,1000.0,320.0,300.0,400.0,250.0,,,,,,,,,,,,,217.92375,100.0,0.5,stalzone-database/ru/items/armor/scientist/_variants/m06vy/10.json
m06vy,m06vy,11,True,КИМ-116 «Изумруд»,armor/scientist,Сталкер,Научные,RANK_STALKER,PERSONAL_ON_USE,7.3,100.0,100.0,121.707214,,,,,,,,,9.0,,30.0,,,51.0,60.0,650.0,650.0,1000.0,320.0,300.0,400.0,250.0,,,,,,,,,,,,,221.707214,100.0,0.5,stalzone-database/ru/items/armor/scientist/_variants/m06vy/11.json
m06vy,m06vy,12,True,КИМ-116 «Изумруд»,armor/scientist,Сталкер,Научные,RANK_STALKER,PERSONAL_ON_USE,7.3,100.0,100.0,125.49068,,,,,,,,,9.0,,30.0,,,51.0,60.0,650.0,650.0,1000.0,320.0,300.0,400.0,250.0,,,,,,,,,,,,,225.49068,100.0,0.5,stalzone-database/ru/items/armor/scientist/_variants/m06vy/12.json
m06vy,m06vy,13,True,КИМ-116 «Изумруд»,armor/scientist,Сталкер,Научные,RANK_STALKER,PERSONAL_ON_USE,7.3,100.0,100.0,129.27415,,,,,,,,,9.0,,30.0,,,51.0,60.0,650.0,650.0,1000.0,320.0,300.0,400.0,250.0,,,,,,,,,,,,,229.27415000000002,100.0,0.5,stalzone-database/ru/items/armor/scientist/_variants/m06vy/13.json
m06vy,m06vy,14,True,КИМ-116 «Изумруд»,armor/scientist,Сталкер,Научные,RANK_STALKER,PERSONAL_ON_USE,7.3,100.0,100.0,133.0576,,,,,,,,,9.0,,30.0,,,51.0,60.0,650.0,650.0,1000.0,320.0,300.0,400.0,250.0,,,,,,,,,,,,,233.0576,100.0,0.5,stalzone-database/ru/items/armor/scientist/_variants/m06vy/14.json
m06vy,m06vy,15,True,КИМ-116 «Изумруд»,armor/scientist,Сталкер,Научные,RANK_STALKER,PERSONAL_ON_USE,7.3,100.0,100.0,144.408,,,,,,,,,9.0,,30.0,,,51.0,60.0,650.0,650.0,1000.0,320.0,300.0,400.0,250.0,,,,,,,,,,,,,244.408,100.0,0.5,stalzone-database/ru/items/armor/scientist/_variants/m06vy/15.json
n4363,n4363,0,False,Экзоброня «Куница»,armor/combined,Мастер,Комбинированные,RANK_MASTER,PERSONAL_ON_USE,30.0,100.0,100.0,196.0,,3.0,,25.0,,,,,32.0,,40.0,,,154.0,150.0,300.0,300.0,300.0,300.0,200.0,300.0,300.0,,,,,,,,,,,,,296.0,103.0,0.5,stalzone-database/ru/items/armor/combined/n4363.json
n4363,n4363,1,True,Экзоброня «Куница»,armor/combined,Мастер,Комбинированные,RANK_MASTER,PERSONAL_ON_USE,30.0,100.0,100.0,198.71294,,3.0,,25.0,,,,,32.0,,40.0,,,154.0,150.0,300.0,300.0,300.0,300.0,200.0,300.0,300.0,,,,,,,,,,,,,298.71294,103.0,0.5,stalzone-database/ru/items/armor/combined/_variants/n4363/1.json
n4363,n4363,2,True,Экзоброня «Куница»,armor/combined,Мастер,Комбинированные,RANK_MASTER,PERSONAL_ON_USE,30.0,100.0,100.0,201.42584,,3.0,,25.0,,,,,32.0,,40.0,,,154.0,150.0,300.0,300.0,300.0,300.0,200.0,300.0,300.0,,,,,,,,,,,,,301.42584,103.0,0.5,stalzone-database/ru/items/armor/combined/_variants/n4363/2.json
n4363,n4363,3,True,Экзоброня «Куница»,armor/combined,Мастер,Комбинированные,RANK_MASTER,PERSONAL_ON_USE,30.0,100.0,100.0,204.13878,,3.0,,25.0,,,,,32.0,,40.0,,,154.0,150.0,300.0,300.0,300.0,300.0,200.0,300.0,300.0,,,,,,,,,,,,,304.13878,103.0,0.5,stalzone-database/ru/items/armor/combined/_variants/n4363/3.json
n4363,n4363,4,True,Экзоброня «Куница»,armor/combined,Мастер,Комбинированные,RANK_MASTER,PERSONAL_ON_USE,30.0,100.0,100.0,206.8517,,3.0,,25.0,,,,,32.0,,40.0,,,154.0,150.0,300.0,300.0,300.0,300.0,200.0,300.0,300.0,,,,,,,,,,,,,306.8517,103.0,0.5,stalzone-database/ru/items/armor/combined/_variants/n4363/4.json
n4363,n4363,5,True,Экзоброня «Куница»,armor/combined,Мастер,Комбинированные,RANK_MASTER,PERSONAL_ON_USE,30.0,100.0,100.0,214.99048,,3.0,,25.0,,,,,32.0,,40.0,,,154.0,150.0,300.0,300.0,300.0,300.0,200.0,300.0,300.0,,,,,,,,,,,,,314.99048,103.0,0.5,stalzone-database/ru/items/armor/combined/_variants/n4363/5.json
n4363,n4363,6,True,Экзоброня «Куница»,armor/combined,Мастер,Комбинированные,RANK_MASTER,PERSONAL_ON_USE,30.0,100.0,100.0,219.05988,,3.0,,25.0,,,,,32.0,,40.0,,,154.0,150.0,300.0,300.0,300.0,300.0,200.0,300.0,300.0,,,,,,,,,,,,,319.05988,103.0,0.5,stalzone-database/ru/items/armor/combined/_variants/n4363/6.json
n4363,n4363,7,True,Экзоброня «Куница»,armor/combined,Мастер,Комбинированные,RANK_MASTER,PERSONAL_ON_USE,30.0,100.0,100.0,223.12927,,3.0,,25.0,,,,,32.0,,40.0,,,154.0,150.0,300.0,300.0,300.0,300.0,200.0,300.0,300.0,,,,,,,,,,,,,323.12927,103.0,0.5,stalzone-database/ru/items/armor/combined/_variants/n4363/7.json
n4363,n4363,8,True,Экзоброня «Куница»,armor/combined,Мастер,Комбинированные,RANK_MASTER,PERSONAL_ON_USE,30.0,100.0,100.0,227.19865,,3.0,,25.0,,,,,32.0,,40.0,,,154.0,150.0,300.0,300.0,300.0,300.0,200.0,300.0,300.0,,,,,,,,,,,,,327.19865,103.0,0.5,stalzone-database/ru/items/armor/combined/_variants/n4363/8.json
n4363,n4363,9,True,Экзоброня «Куница»,armor/combined,Мастер,Комбинированные,RANK_MASTER,PERSONAL_ON_USE,30.0,100.0,100.0,231.26805,,3.0,,25.0,,,,,32.0,,40.0,,,154.0,150.0,300.0,300.0,300.0,300.0,200.0,300.0,300.0,,,,,,,,,,,,,331.26805,103.0,0.5,stalzone-database/ru/items/armor/combined/_variants/n4363/9.json
n4363,n4363,10,True,Экзоброня «Куница»,armor/combined,Мастер,Комбинированные,RANK_MASTER,PERSONAL_ON_USE,30.0,100.0,100.0,243.20491,,3.0,,25.0,,,,,32.0,,40.0,,,154.0,150.0,300.0,300.0,300.0,300.0,200.0,300.0,300.0,,,,,,,,,,,,,343.20491000000004,103.0,0.5,stalzone-database/ru/items/armor/combined/_variants/n4363/10.json
n4363,n4363,11,True,Экзоброня «Куница»,armor/combined,Мастер,Комбинированные,RANK_MASTER,PERSONAL_ON_USE,30.0,100.0,100.0,249.17337,,3.0,,25.0,,,,,32.0,,40.0,,,154.0,150.0,300.0,300.0,300.0,300.0,200.0,300.0,300.0,,,,,,,,,,,,,349.17337,103.0,0.5,stalzone-database/ru/items/armor/combined/_variants/n4363/11.json
n4363,n4363,12,True,Экзоброня «Куница»,armor/combined,Мастер,Комбинированные,RANK_MASTER,PERSONAL_ON_USE,30.0,100.0,100.0,255.1418,,3.0,,25.0,,,,,32.0,,40.0,,,154.0,150.0,300.0,300.0,300.0,300.0,200.0,300.0,300.0,,,,,,,,,,,,,355.1418,103.0,0.5,stalzone-database/ru/items/armor/combined/_variants/n4363/12.json
n4363,n4363,13,True,Экзоброня «Куница»,armor/combined,Мастер,Комбинированные,RANK_MASTER,PERSONAL_ON_USE,30.0,100.0,100.0,261.11026,,3.0,,25.0,,,,,32.0,,40.0,,,154.0,150.0,300.0,300.0,300.0,300.0,200.0,300.0,300.0,,,,,,,,,,,,,361.11026,103.0,0.5,stalzone-database/ru/items/armor/combined/_variants/n4363/13.json
n4363,n4363,14,True,Экзоброня «Куница»,armor/combined,Мастер,Комбинированные,RANK_MASTER,PERSONAL_ON_USE,30.0,100.0,100.0,267.07867,,3.0,,25.0,,,,,32.0,,40.0,,,154.0,150.0,300.0,300.0,300.0,300.0,200.0,300.0,300.0,,,,,,,,,,,,,367.07867,103.0,0.5,stalzone-database/ru/items/armor/combined/_variants/n4363/14.json
n4363,n4363,15,True,Экзоброня «Куница»,armor/combined,Мастер,Комбинированные,RANK_MASTER,PERSONAL_ON_USE,30.0,100.0,100.0,284.984,,3.0,,25.0,,,,,32.0,,40.0,,,154.0,150.0,300.0,300.0,300.0,300.0,200.0,300.0,300.0,,,,,,,,,,,,,384.98400000000004,103.0,0.5,stalzone-database/ru/items/armor/combined/_variants/n4363/15.json
n4r21,n4r21,0,False,КИМ-Х «АТЛАС»,armor/scientist,Мастер,Научные,RANK_MASTER,PERSONAL_ON_USE,9.0,100.0,100.0,178.0,,,,,,,,,22.0,-0.5,35.0,,,101.0,109.0,675.0,675.0,675.0,385.0,385.0,400.0,385.0,,,,,,,,,,,,,278.0,100.0,0.5,stalzone-database/ru/items/armor/scientist/n4r21.json
n4r21,n4r21,1,True,КИМ-Х «АТЛАС»,armor/scientist,Мастер,Научные,RANK_MASTER,PERSONAL_ON_USE,9.0,100.0,100.0,180.54518,,,,,,,,,22.0,-0.5,35.0,,,101.0,109.0,675.0,675.0,675.0,385.0,385.0,400.0,385.0,,,,,,,,,,,,,280.54517999999996,100.0,0.5,stalzone-database/ru/items/armor/scientist/_variants/n4r21/1.json
n4r21,n4r21,2,True,КИМ-Х «АТЛАС»,armor/scientist,Мастер,Научные,RANK_MASTER,PERSONAL_ON_USE,9.0,100.0,100.0,183.09038,,,,,,,,,22.0,-0.5,35.0,,,101.0,109.0,675.0,675.0,675.0,385.0,385.0,400.0,385.0,,,,,,,,,,,,,283.09038,100.0,0.5,stalzone-database/ru/items/armor/scientist/_variants/n4r21/2.json
n4r21,n4r21,3,True,КИМ-Х «АТЛАС»,armor/scientist,Мастер,Научные,RANK_MASTER,PERSONAL_ON_USE,9.0,100.0,100.0,185.63556,,,,,,,,,22.0,-0.5,35.0,,,101.0,109.0,675.0,675.0,675.0,385.0,385.0,400.0,385.0,,,,,,,,,,,,,285.63556,100.0,0.5,stalzone-database/ru/items/armor/scientist/_variants/n4r21/3.json
n4r21,n4r21,4,True,КИМ-Х «АТЛАС»,armor/scientist,Мастер,Научные,RANK_MASTER,PERSONAL_ON_USE,9.0,100.0,100.0,188.18073,,,,,,,,,22.0,-0.5,35.0,,,101.0,109.0,675.0,675.0,675.0,385.0,385.0,400.0,385.0,,,,,,,,,,,,,288.18073000000004,100.0,0.5,stalzone-database/ru/items/armor/scientist/_variants/n4r21/4.json
n4r21,n4r21,5,True,КИМ-Х «АТЛАС»,armor/scientist,Мастер,Научные,RANK_MASTER,PERSONAL_ON_USE,9.0,100.0,100.0,195.81628,,,,,,,,,22.0,-0.5,35.0,,,101.0,109.0,675.0,675.0,675.0,385.0,385.0,400.0,385.0,,,,,,,,,,,,,295.81628,100.0,0.5,stalzone-database/ru/items/armor/scientist/_variants/n4r21/5.json
n4r21,n4r21,6,True,КИМ-Х «АТЛАС»,armor/scientist,Мастер,Научные,RANK_MASTER,PERSONAL_ON_USE,9.0,100.0,100.0,199.63405,,,,,,,,,22.0,-0.5,35.0,,,101.0,109.0,675.0,675.0,675.0,385.0,385.0,400.0,385.0,,,,,,,,,,,,,299.63405,100.0,0.5,stalzone-database/ru/items/armor/scientist/_variants/n4r21/6.json
n4r21,n4r21,7,True,КИМ-Х «АТЛАС»,armor/scientist,Мастер,Научные,RANK_MASTER,PERSONAL_ON_USE,9.0,100.0,100.0,203.45181,,,,,,,,,22.0,-0.5,35.0,,,101.0,109.0,675.0,675.0,675.0,385.0,385.0,400.0,385.0,,,,,,,,,,,,,303.45181,100.0,0.5,stalzone-database/ru/items/armor/scientist/_variants/n4r21/7.json
n4r21,n4r21,8,True,КИМ-Х «АТЛАС»,armor/scientist,Мастер,Научные,RANK_MASTER,PERSONAL_ON_USE,9.0,100.0,100.0,207.2696,,,,,,,,,22.0,-0.5,35.0,,,101.0,109.0,675.0,675.0,675.0,385.0,385.0,400.0,385.0,,,,,,,,,,,,,307.26959999999997,100.0,0.5,stalzone-database/ru/items/armor/scientist/_variants/n4r21/8.json
n4r21,n4r21,9,True,КИМ-Х «АТЛАС»,armor/scientist,Мастер,Научные,RANK_MASTER,PERSONAL_ON_USE,9.0,100.0,100.0,211.08737,,,,,,,,,22.0,-0.5,35.0,,,101.0,109.0,675.0,675.0,675.0,385.0,385.0,400.0,385.0,,,,,,,,,,,,,311.08736999999996,100.0,0.5,stalzone-database/ru/items/armor/scientist/_variants/n4r21/9.json
n4r21,n4r21,10,True,КИМ-Х «АТЛАС»,armor/scientist,Мастер,Научные,RANK_MASTER,PERSONAL_ON_USE,9.0,100.0,100.0,222.28618,,,,,,,,,22.0,-0.5,35.0,,,101.0,109.0,675.0,675.0,675.0,385.0,385.0,400.0,385.0,,,,,,,,,,,,,322.28618,100.0,0.5,stalzone-database/ru/items/armor/scientist/_variants/n4r21/10.json
n4r21,n4r21,11,True,КИМ-Х «АТЛАС»,armor/scientist,Мастер,Научные,RANK_MASTER,PERSONAL_ON_USE,9.0,100.0,100.0,227.88557,,,,,,,,,22.0,-0.5,35.0,,,101.0,109.0,675.0,675.0,675.0,385.0,385.0,400.0,385.0,,,,,,,,,,,,,327.88557000000003,100.0,0.5,stalzone-database/ru/items/armor/scientist/_variants/n4r21/11.json
n4r21,n4r21,12,True,КИМ-Х «АТЛАС»,armor/scientist,Мастер,Научные,RANK_MASTER,PERSONAL_ON_USE,9.0,100.0,100.0,233.485,,,,,,,,,22.0,-0.5,35.0,,,101.0,109.0,675.0,675.0,675.0,385.0,385.0,400.0,385.0,,,,,,,,,,,,,333.485,100.0,0.5,stalzone-database/ru/items/armor/scientist/_variants/n4r21/12.json
n4r21,n4r21,13,True,КИМ-Х «АТЛАС»,armor/scientist,Мастер,Научные,RANK_MASTER,PERSONAL_ON_USE,9.0,100.0,100.0,239.0844,,,,,,,,,22.0,-0.5,35.0,,,101.0,109.0,675.0,675.0,675.0,385.0,385.0,400.0,385.0,,,,,,,,,,,,,339.08439999999996,100.0,0.5,stalzone-database/ru/items/armor/scientist/_variants/n4r21/13.json
n4r21,n4r21,14,True,КИМ-Х «АТЛАС»,armor/scientist,Мастер,Научные,RANK_MASTER,PERSONAL_ON_USE,9.0,100.0,100.0,244.68379,,,,,,,,,22.0,-0.5,35.0,,,101.0,109.0,675.0,675.0,675.0,385.0,385.0,400.0,385.0,,,,,,,,,,,,,344.68379,100.0,0.5,stalzone-database/ru/items/armor/scientist/_variants/n4r21/14.json
n4r21,n4r21,15,True,КИМ-Х «АТЛАС»,armor/scientist,Мастер,Научные,RANK_MASTER,PERSONAL_ON_USE,9.0,100.0,100.0,261.482,,,,,,,,,22.0,-0.5,35.0,,,101.0,109.0,675.0,675.0,675.0,385.0,385.0,400.0,385.0,,,,,,,,,,,,,361.482,100.0,0.5,stalzone-database/ru/items/armor/scientist/_variants/n4r21/15.json
n4rm1,n4rm1,0,False,Костюм «Клептоман»,armor/combined,Новичок,Комбинированные,RANK_NEWBIE,PERSONAL_ON_USE,4.3,100.0,100.0,54.0,,1.0,,,,,,,10.0,,40.0,,,54.0,44.0,30.0,30.0,30.0,140.0,40.0,100.0,70.0,,,,,,,,,,,,,154.0,101.0,0.5,stalzone-database/ru/items/armor/combined/n4rm1.json
n4rm1,n4rm1,1,True,Костюм «Клептоман»,armor/combined,Новичок,Комбинированные,RANK_NEWBIE,PERSONAL_ON_USE,4.3,100.0,100.0,55.409267,,1.0,,,,,,,10.0,,40.0,,,54.0,44.0,30.0,30.0,30.0,140.0,40.0,100.0,70.0,,,,,,,,,,,,,155.409267,101.0,0.5,stalzone-database/ru/items/armor/combined/_variants/n4rm1/1.json
n4rm1,n4rm1,2,True,Костюм «Клептоман»,armor/combined,Новичок,Комбинированные,RANK_NEWBIE,PERSONAL_ON_USE,4.3,100.0,100.0,56.818535,,1.0,,,,,,,10.0,,40.0,,,54.0,44.0,30.0,30.0,30.0,140.0,40.0,100.0,70.0,,,,,,,,,,,,,156.818535,101.0,0.5,stalzone-database/ru/items/armor/combined/_variants/n4rm1/2.json
n4rm1,n4rm1,3,True,Костюм «Клептоман»,armor/combined,Новичок,Комбинированные,RANK_NEWBIE,PERSONAL_ON_USE,4.3,100.0,100.0,58.227806,,1.0,,,,,,,10.0,,40.0,,,54.0,44.0,30.0,30.0,30.0,140.0,40.0,100.0,70.0,,,,,,,,,,,,,158.227806,101.0,0.5,stalzone-database/ru/items/armor/combined/_variants/n4rm1/3.json
n4rm1,n4rm1,4,True,Костюм «Клептоман»,armor/combined,Новичок,Комбинированные,RANK_NEWBIE,PERSONAL_ON_USE,4.3,100.0,100.0,59.637074,,1.0,,,,,,,10.0,,40.0,,,54.0,44.0,30.0,30.0,30.0,140.0,40.0,100.0,70.0,,,,,,,,,,,,,159.63707399999998,101.0,0.5,stalzone-database/ru/items/armor/combined/_variants/n4rm1/4.json
n4rm1,n4rm1,5,True,Костюм «Клептоман»,armor/combined,Новичок,Комбинированные,RANK_NEWBIE,PERSONAL_ON_USE,4.3,100.0,100.0,63.864876,,1.0,,,,,,,10.0,,40.0,,,54.0,44.0,30.0,30.0,30.0,140.0,40.0,100.0,70.0,,,,,,,,,,,,,163.864876,101.0,0.5,stalzone-database/ru/items/armor/combined/_variants/n4rm1/5.json
n4rm1,n4rm1,6,True,Костюм «Клептоман»,armor/combined,Новичок,Комбинированные,RANK_NEWBIE,PERSONAL_ON_USE,4.3,100.0,100.0,65.978775,,1.0,,,,,,,10.0,,40.0,,,54.0,44.0,30.0,30.0,30.0,140.0,40.0,100.0,70.0,,,,,,,,,,,,,165.97877499999998,101.0,0.5,stalzone-database/ru/items/armor/combined/_variants/n4rm1/6.json
n4rm1,n4rm1,7,True,Костюм «Клептоман»,armor/combined,Новичок,Комбинированные,RANK_NEWBIE,PERSONAL_ON_USE,4.3,100.0,100.0,68.09268,,1.0,,,,,,,10.0,,40.0,,,54.0,44.0,30.0,30.0,30.0,140.0,40.0,100.0,70.0,,,,,,,,,,,,,168.09268,101.0,0.5,stalzone-database/ru/items/armor/combined/_variants/n4rm1/7.json
n4rm1,n4rm1,8,True,Костюм «Клептоман»,armor/combined,Новичок,Комбинированные,RANK_NEWBIE,PERSONAL_ON_USE,4.3,100.0,100.0,70.20658,,1.0,,,,,,,10.0,,40.0,,,54.0,44.0,30.0,30.0,30.0,140.0,40.0,100.0,70.0,,,,,,,,,,,,,170.20658,101.0,0.5,stalzone-database/ru/items/armor/combined/_variants/n4rm1/8.json
n4rm1,n4rm1,9,True,Костюм «Клептоман»,armor/combined,Новичок,Комбинированные,RANK_NEWBIE,PERSONAL_ON_USE,4.3,100.0,100.0,72.32048,,1.0,,,,,,,10.0,,40.0,,,54.0,44.0,30.0,30.0,30.0,140.0,40.0,100.0,70.0,,,,,,,,,,,,,172.32047999999998,101.0,0.5,stalzone-database/ru/items/armor/combined/_variants/n4rm1/9.json
n4rm1,n4rm1,10,True,Костюм «Клептоман»,armor/combined,Новичок,Комбинированные,RANK_NEWBIE,PERSONAL_ON_USE,4.3,100.0,100.0,78.52126,,1.0,,,,,,,10.0,,40.0,,,54.0,44.0,30.0,30.0,30.0,140.0,40.0,100.0,70.0,,,,,,,,,,,,,178.52125999999996,101.0,0.5,stalzone-database/ru/items/armor/combined/_variants/n4rm1/10.json
n4rm1,n4rm1,11,True,Костюм «Клептоман»,armor/combined,Новичок,Комбинированные,RANK_NEWBIE,PERSONAL_ON_USE,4.3,100.0,100.0,81.62166,,1.0,,,,,,,10.0,,40.0,,,54.0,44.0,30.0,30.0,30.0,140.0,40.0,100.0,70.0,,,,,,,,,,,,,181.62166000000002,101.0,0.5,stalzone-database/ru/items/armor/combined/_variants/n4rm1/11.json
n4rm1,n4rm1,12,True,Костюм «Клептоман»,armor/combined,Новичок,Комбинированные,RANK_NEWBIE,PERSONAL_ON_USE,4.3,100.0,100.0,84.722046,,1.0,,,,,,,10.0,,40.0,,,54.0,44.0,30.0,30.0,30.0,140.0,40.0,100.0,70.0,,,,,,,,,,,,,184.722046,101.0,0.5,stalzone-database/ru/items/armor/combined/_variants/n4rm1/12.json
n4rm1,n4rm1,13,True,Костюм «Клептоман»,armor/combined,Новичок,Комбинированные,RANK_NEWBIE,PERSONAL_ON_USE,4.3,100.0,100.0,87.82244,,1.0,,,,,,,10.0,,40.0,,,54.0,44.0,30.0,30.0,30.0,140.0,40.0,100.0,70.0,,,,,,,,,,,,,187.82244,101.0,0.5,stalzone-database/ru/items/armor/combined/_variants/n4rm1/13.json
n4rm1,n4rm1,14,True,Костюм «Клептоман»,armor/combined,Новичок,Комбинированные,RANK_NEWBIE,PERSONAL_ON_USE,4.3,100.0,100.0,90.92283,,1.0,,,,,,,10.0,,40.0,,,54.0,44.0,30.0,30.0,30.0,140.0,40.0,100.0,70.0,,,,,,,,,,,,,190.92283,101.0,0.5,stalzone-database/ru/items/armor/combined/_variants/n4rm1/14.json
n4rm1,n4rm1,15,True,Костюм «Клептоман»,armor/combined,Новичок,Комбинированные,RANK_NEWBIE,PERSONAL_ON_USE,4.3,100.0,100.0,100.224,,1.0,,,,,,,10.0,,40.0,,,54.0,44.0,30.0,30.0,30.0,140.0,40.0,100.0,70.0,,,,,,,,,,,,,200.224,101.0,0.5,stalzone-database/ru/items/armor/combined/_variants/n4rm1/15.json
ok096,ok096,0,False,КИМ-122 «Аметист»,armor/scientist,Ветеран,Научные,RANK_VETERAN,PERSONAL_ON_USE,7.3,100.0,100.0,105.0,,,,,,,,,9.0,,30.0,,,60.0,60.0,800.0,800.0,800.0,395.0,380.0,395.0,400.0,,,,,,,,,,,,,205.0,100.0,0.5,stalzone-database/ru/items/armor/scientist/ok096.json
ok096,ok096,1,True,КИМ-122 «Аметист»,armor/scientist,Ветеран,Научные,RANK_VETERAN,PERSONAL_ON_USE,7.3,100.0,100.0,106.875916,,,,,,,,,9.0,,30.0,,,60.0,60.0,800.0,800.0,800.0,395.0,380.0,395.0,400.0,,,,,,,,,,,,,206.87591600000005,100.0,0.5,stalzone-database/ru/items/armor/scientist/_variants/ok096/1.json
ok096,ok096,2,True,КИМ-122 «Аметист»,armor/scientist,Ветеран,Научные,RANK_VETERAN,PERSONAL_ON_USE,7.3,100.0,100.0,108.75182,,,,,,,,,9.0,,30.0,,,60.0,60.0,800.0,800.0,800.0,395.0,380.0,395.0,400.0,,,,,,,,,,,,,208.75182,100.0,0.5,stalzone-database/ru/items/armor/scientist/_variants/ok096/2.json
ok096,ok096,3,True,КИМ-122 «Аметист»,armor/scientist,Ветеран,Научные,RANK_VETERAN,PERSONAL_ON_USE,7.3,100.0,100.0,110.62775,,,,,,,,,9.0,,30.0,,,60.0,60.0,800.0,800.0,800.0,395.0,380.0,395.0,400.0,,,,,,,,,,,,,210.62775,100.0,0.5,stalzone-database/ru/items/armor/scientist/_variants/ok096/3.json
ok096,ok096,4,True,КИМ-122 «Аметист»,armor/scientist,Ветеран,Научные,RANK_VETERAN,PERSONAL_ON_USE,7.3,100.0,100.0,112.503654,,,,,,,,,9.0,,30.0,,,60.0,60.0,800.0,800.0,800.0,395.0,380.0,395.0,400.0,,,,,,,,,,,,,212.50365399999998,100.0,0.5,stalzone-database/ru/items/armor/scientist/_variants/ok096/4.json
ok096,ok096,5,True,КИМ-122 «Аметист»,armor/scientist,Ветеран,Научные,RANK_VETERAN,PERSONAL_ON_USE,7.3,100.0,100.0,118.13139,,,,,,,,,9.0,,30.0,,,60.0,60.0,800.0,800.0,800.0,395.0,380.0,395.0,400.0,,,,,,,,,,,,,218.13139000000004,100.0,0.5,stalzone-database/ru/items/armor/scientist/_variants/ok096/5.json
ok096,ok096,6,True,КИМ-122 «Аметист»,armor/scientist,Ветеран,Научные,RANK_VETERAN,PERSONAL_ON_USE,7.3,100.0,100.0,120.945274,,,,,,,,,9.0,,30.0,,,60.0,60.0,800.0,800.0,800.0,395.0,380.0,395.0,400.0,,,,,,,,,,,,,220.94527399999998,100.0,0.5,stalzone-database/ru/items/armor/scientist/_variants/ok096/6.json
ok096,ok096,7,True,КИМ-122 «Аметист»,armor/scientist,Ветеран,Научные,RANK_VETERAN,PERSONAL_ON_USE,7.3,100.0,100.0,123.75914,,,,,,,,,9.0,,30.0,,,60.0,60.0,800.0,800.0,800.0,395.0,380.0,395.0,400.0,,,,,,,,,,,,,223.75914,100.0,0.5,stalzone-database/ru/items/armor/scientist/_variants/ok096/7.json
ok096,ok096,8,True,КИМ-122 «Аметист»,armor/scientist,Ветеран,Научные,RANK_VETERAN,PERSONAL_ON_USE,7.3,100.0,100.0,126.57302,,,,,,,,,9.0,,30.0,,,60.0,60.0,800.0,800.0,800.0,395.0,380.0,395.0,400.0,,,,,,,,,,,,,226.57301999999999,100.0,0.5,stalzone-database/ru/items/armor/scientist/_variants/ok096/8.json
ok096,ok096,9,True,КИМ-122 «Аметист»,armor/scientist,Ветеран,Научные,RANK_VETERAN,PERSONAL_ON_USE,7.3,100.0,100.0,129.38689,,,,,,,,,9.0,,30.0,,,60.0,60.0,800.0,800.0,800.0,395.0,380.0,395.0,400.0,,,,,,,,,,,,,229.38689,100.0,0.5,stalzone-database/ru/items/armor/scientist/_variants/ok096/9.json
ok096,ok096,10,True,КИМ-122 «Аметист»,armor/scientist,Ветеран,Научные,RANK_VETERAN,PERSONAL_ON_USE,7.3,100.0,100.0,137.6409,,,,,,,,,9.0,,30.0,,,60.0,60.0,800.0,800.0,800.0,395.0,380.0,395.0,400.0,,,,,,,,,,,,,237.6409,100.0,0.5,stalzone-database/ru/items/armor/scientist/_variants/ok096/10.json
ok096,ok096,11,True,КИМ-122 «Аметист»,armor/scientist,Ветеран,Научные,RANK_VETERAN,PERSONAL_ON_USE,7.3,100.0,100.0,141.76793,,,,,,,,,9.0,,30.0,,,60.0,60.0,800.0,800.0,800.0,395.0,380.0,395.0,400.0,,,,,,,,,,,,,241.76793,100.0,0.5,stalzone-database/ru/items/armor/scientist/_variants/ok096/11.json
ok096,ok096,12,True,КИМ-122 «Аметист»,armor/scientist,Ветеран,Научные,RANK_VETERAN,PERSONAL_ON_USE,7.3,100.0,100.0,145.89494,,,,,,,,,9.0,,30.0,,,60.0,60.0,800.0,800.0,800.0,395.0,380.0,395.0,400.0,,,,,,,,,,,,,245.89494,100.0,0.5,stalzone-database/ru/items/armor/scientist/_variants/ok096/12.json
ok096,ok096,13,True,КИМ-122 «Аметист»,armor/scientist,Ветеран,Научные,RANK_VETERAN,PERSONAL_ON_USE,7.3,100.0,100.0,150.02194,,,,,,,,,9.0,,30.0,,,60.0,60.0,800.0,800.0,800.0,395.0,380.0,395.0,400.0,,,,,,,,,,,,,250.02194,100.0,0.5,stalzone-database/ru/items/armor/scientist/_variants/ok096/13.json
ok096,ok096,14,True,КИМ-122 «Аметист»,armor/scientist,Ветеран,Научные,RANK_VETERAN,PERSONAL_ON_USE,7.3,100.0,100.0,154.14897,,,,,,,,,9.0,,30.0,,,60.0,60.0,800.0,800.0,800.0,395.0,380.0,395.0,400.0,,,,,,,,,,,,,254.14897000000002,100.0,0.5,stalzone-database/ru/items/armor/scientist/_variants/ok096/14.json
ok096,ok096,15,True,КИМ-122 «Аметист»,armor/scientist,Ветеран,Научные,RANK_VETERAN,PERSONAL_ON_USE,7.3,100.0,100.0,166.53,,,,,,,,,9.0,,30.0,,,60.0,60.0,800.0,800.0,800.0,395.0,380.0,395.0,400.0,,,,,,,,,,,,,266.53,100.0,0.5,stalzone-database/ru/items/armor/scientist/_variants/ok096/15.json
ok0m6,ok0m6,0,False,Бандитский костюм с баллонами,armor/scientist,Новичок,Научные,RANK_NEWBIE,PERSONAL_ON_USE,5.2,100.0,100.0,38.0,,,,,,,,,3.0,,30.0,,,23.0,20.0,300.0,300.0,300.0,220.0,200.0,200.0,100.0,,,,,,,,,,,,,138.0,100.0,0.5,stalzone-database/ru/items/armor/scientist/ok0m6.json
ok0m6,ok0m6,1,True,Бандитский костюм с баллонами,armor/scientist,Новичок,Научные,RANK_NEWBIE,PERSONAL_ON_USE,5.2,100.0,100.0,39.262806,,,,,,,,,3.0,,30.0,,,23.0,20.0,300.0,300.0,300.0,220.0,200.0,200.0,100.0,,,,,,,,,,,,,139.262806,100.0,0.5,stalzone-database/ru/items/armor/scientist/_variants/ok0m6/1.json
ok0m6,ok0m6,2,True,Бандитский костюм с баллонами,armor/scientist,Новичок,Научные,RANK_NEWBIE,PERSONAL_ON_USE,5.2,100.0,100.0,40.52561,,,,,,,,,3.0,,30.0,,,23.0,20.0,300.0,300.0,300.0,220.0,200.0,200.0,100.0,,,,,,,,,,,,,140.52561,100.0,0.5,stalzone-database/ru/items/armor/scientist/_variants/ok0m6/2.json
ok0m6,ok0m6,3,True,Бандитский костюм с баллонами,armor/scientist,Новичок,Научные,RANK_NEWBIE,PERSONAL_ON_USE,5.2,100.0,100.0,41.788414,,,,,,,,,3.0,,30.0,,,23.0,20.0,300.0,300.0,300.0,220.0,200.0,200.0,100.0,,,,,,,,,,,,,141.788414,100.0,0.5,stalzone-database/ru/items/armor/scientist/_variants/ok0m6/3.json
ok0m6,ok0m6,4,True,Бандитский костюм с баллонами,armor/scientist,Новичок,Научные,RANK_NEWBIE,PERSONAL_ON_USE,5.2,100.0,100.0,43.05122,,,,,,,,,3.0,,30.0,,,23.0,20.0,300.0,300.0,300.0,220.0,200.0,200.0,100.0,,,,,,,,,,,,,143.05122,100.0,0.5,stalzone-database/ru/items/armor/scientist/_variants/ok0m6/4.json
ok0m6,ok0m6,5,True,Бандитский костюм с баллонами,armor/scientist,Новичок,Научные,RANK_NEWBIE,PERSONAL_ON_USE,5.2,100.0,100.0,46.839634,,,,,,,,,3.0,,30.0,,,23.0,20.0,300.0,300.0,300.0,220.0,200.0,200.0,100.0,,,,,,,,,,,,,146.839634,100.0,0.5,stalzone-database/ru/items/armor/scientist/_variants/ok0m6/5.json
ok0m6,ok0m6,6,True,Бандитский костюм с баллонами,armor/scientist,Новичок,Научные,RANK_NEWBIE,PERSONAL_ON_USE,5.2,100.0,100.0,48.73384,,,,,,,,,3.0,,30.0,,,23.0,20.0,300.0,300.0,300.0,220.0,200.0,200.0,100.0,,,,,,,,,,,,,148.73384,100.0,0.5,stalzone-database/ru/items/armor/scientist/_variants/ok0m6/6.json
ok0m6,ok0m6,7,True,Бандитский костюм с баллонами,armor/scientist,Новичок,Научные,RANK_NEWBIE,PERSONAL_ON_USE,5.2,100.0,100.0,50.62805,,,,,,,,,3.0,,30.0,,,23.0,20.0,300.0,300.0,300.0,220.0,200.0,200.0,100.0,,,,,,,,,,,,,150.62805,100.0,0.5,stalzone-database/ru/items/armor/scientist/_variants/ok0m6/7.json
ok0m6,ok0m6,8,True,Бандитский костюм с баллонами,armor/scientist,Новичок,Научные,RANK_NEWBIE,PERSONAL_ON_USE,5.2,100.0,100.0,52.522255,,,,,,,,,3.0,,30.0,,,23.0,20.0,300.0,300.0,300.0,220.0,200.0,200.0,100.0,,,,,,,,,,,,,152.522255,100.0,0.5,stalzone-database/ru/items/armor/scientist/_variants/ok0m6/8.json
ok0m6,ok0m6,9,True,Бандитский костюм с баллонами,armor/scientist,Новичок,Научные,RANK_NEWBIE,PERSONAL_ON_USE,5.2,100.0,100.0,54.41646,,,,,,,,,3.0,,30.0,,,23.0,20.0,300.0,300.0,300.0,220.0,200.0,200.0,100.0,,,,,,,,,,,,,154.41646,100.0,0.5,stalzone-database/ru/items/armor/scientist/_variants/ok0m6/9.json
ok0m6,ok0m6,10,True,Бандитский костюм с баллонами,armor/scientist,Новичок,Научные,RANK_NEWBIE,PERSONAL_ON_USE,5.2,100.0,100.0,59.9728,,,,,,,,,3.0,,30.0,,,23.0,20.0,300.0,300.0,300.0,220.0,200.0,200.0,100.0,,,,,,,,,,,,,159.9728,100.0,0.5,stalzone-database/ru/items/armor/scientist/_variants/ok0m6/10.json
ok0m6,ok0m6,11,True,Бандитский костюм с баллонами,armor/scientist,Новичок,Научные,RANK_NEWBIE,PERSONAL_ON_USE,5.2,100.0,100.0,62.750977,,,,,,,,,3.0,,30.0,,,23.0,20.0,300.0,300.0,300.0,220.0,200.0,200.0,100.0,,,,,,,,,,,,,162.750977,100.0,0.5,stalzone-database/ru/items/armor/scientist/_variants/ok0m6/11.json
ok0m6,ok0m6,12,True,Бандитский костюм с баллонами,armor/scientist,Новичок,Научные,RANK_NEWBIE,PERSONAL_ON_USE,5.2,100.0,100.0,65.529144,,,,,,,,,3.0,,30.0,,,23.0,20.0,300.0,300.0,300.0,220.0,200.0,200.0,100.0,,,,,,,,,,,,,165.529144,100.0,0.5,stalzone-database/ru/items/armor/scientist/_variants/ok0m6/12.json
ok0m6,ok0m6,13,True,Бандитский костюм с баллонами,armor/scientist,Новичок,Научные,RANK_NEWBIE,PERSONAL_ON_USE,5.2,100.0,100.0,68.30731,,,,,,,,,3.0,,30.0,,,23.0,20.0,300.0,300.0,300.0,220.0,200.0,200.0,100.0,,,,,,,,,,,,,168.30731,100.0,0.5,stalzone-database/ru/items/armor/scientist/_variants/ok0m6/13.json
ok0m6,ok0m6,14,True,Бандитский костюм с баллонами,armor/scientist,Новичок,Научные,RANK_NEWBIE,PERSONAL_ON_USE,5.2,100.0,100.0,71.08549,,,,,,,,,3.0,,30.0,,,23.0,20.0,300.0,300.0,300.0,220.0,200.0,200.0,100.0,,,,,,,,,,,,,171.08549,100.0,0.5,stalzone-database/ru/items/armor/scientist/_variants/ok0m6/14.json
ok0m6,ok0m6,15,True,Бандитский костюм с баллонами,armor/scientist,Новичок,Научные,RANK_NEWBIE,PERSONAL_ON_USE,5.2,100.0,100.0,76.0,,,,,,,,,3.0,,30.0,,,23.0,20.0,300.0,300.0,300.0,220.0,200.0,200.0,100.0,,,,,,,,,,,,,176.0,100.0,0.5,stalzone-database/ru/items/armor/scientist/_variants/ok0m6/15.json
ok3q0,ok3q0,0,False,Бронескелет «Альбатрос-Перехватчик»,armor/combined,Мастер,Комбинированные,RANK_MASTER,PERSONAL_ON_USE,26.0,100.0,100.0,196.0,,6.0,,,,,,,20.0,-0.5,40.0,,,135.0,132.0,150.0,150.0,150.0,300.0,200.0,300.0,300.0,,,,,,,,,,,,,296.0,106.0,0.5,stalzone-database/ru/items/armor/combined/ok3q0.json
ok3q0,ok3q0,1,True,Бронескелет «Альбатрос-Перехватчик»,armor/combined,Мастер,Комбинированные,RANK_MASTER,PERSONAL_ON_USE,26.0,100.0,100.0,198.71294,,6.0,,,,,,,20.0,-0.5,40.0,,,135.0,132.0,150.0,150.0,150.0,300.0,200.0,300.0,300.0,,,,,,,,,,,,,298.71294,106.0,0.5,stalzone-database/ru/items/armor/combined/_variants/ok3q0/1.json
ok3q0,ok3q0,2,True,Бронескелет «Альбатрос-Перехватчик»,armor/combined,Мастер,Комбинированные,RANK_MASTER,PERSONAL_ON_USE,26.0,100.0,100.0,201.42584,,6.0,,,,,,,20.0,-0.5,40.0,,,135.0,132.0,150.0,150.0,150.0,300.0,200.0,300.0,300.0,,,,,,,,,,,,,301.42584,106.0,0.5,stalzone-database/ru/items/armor/combined/_variants/ok3q0/2.json
ok3q0,ok3q0,3,True,Бронескелет «Альбатрос-Перехватчик»,armor/combined,Мастер,Комбинированные,RANK_MASTER,PERSONAL_ON_USE,26.0,100.0,100.0,204.13878,,6.0,,,,,,,20.0,-0.5,40.0,,,135.0,132.0,150.0,150.0,150.0,300.0,200.0,300.0,300.0,,,,,,,,,,,,,304.13878,106.0,0.5,stalzone-database/ru/items/armor/combined/_variants/ok3q0/3.json
ok3q0,ok3q0,4,True,Бронескелет «Альбатрос-Перехватчик»,armor/combined,Мастер,Комбинированные,RANK_MASTER,PERSONAL_ON_USE,26.0,100.0,100.0,206.8517,,6.0,,,,,,,20.0,-0.5,40.0,,,135.0,132.0,150.0,150.0,150.0,300.0,200.0,300.0,300.0,,,,,,,,,,,,,306.8517,106.0,0.5,stalzone-database/ru/items/armor/combined/_variants/ok3q0/4.json
ok3q0,ok3q0,5,True,Бронескелет «Альбатрос-Перехватчик»,armor/combined,Мастер,Комбинированные,RANK_MASTER,PERSONAL_ON_USE,26.0,100.0,100.0,214.99048,,6.0,,,,,,,20.0,-0.5,40.0,,,135.0,132.0,150.0,150.0,150.0,300.0,200.0,300.0,300.0,,,,,,,,,,,,,314.99048,106.0,0.5,stalzone-database/ru/items/armor/combined/_variants/ok3q0/5.json
ok3q0,ok3q0,6,True,Бронескелет «Альбатрос-Перехватчик»,armor/combined,Мастер,Комбинированные,RANK_MASTER,PERSONAL_ON_USE,26.0,100.0,100.0,219.05988,,6.0,,,,,,,20.0,-0.5,40.0,,,135.0,132.0,150.0,150.0,150.0,300.0,200.0,300.0,300.0,,,,,,,,,,,,,319.05988,106.0,0.5,stalzone-database/ru/items/armor/combined/_variants/ok3q0/6.json
ok3q0,ok3q0,7,True,Бронескелет «Альбатрос-Перехватчик»,armor/combined,Мастер,Комбинированные,RANK_MASTER,PERSONAL_ON_USE,26.0,100.0,100.0,223.12927,,6.0,,,,,,,20.0,-0.5,40.0,,,135.0,132.0,150.0,150.0,150.0,300.0,200.0,300.0,300.0,,,,,,,,,,,,,323.12927,106.0,0.5,stalzone-database/ru/items/armor/combined/_variants/ok3q0/7.json
ok3q0,ok3q0,8,True,Бронескелет «Альбатрос-Перехватчик»,armor/combined,Мастер,Комбинированные,RANK_MASTER,PERSONAL_ON_USE,26.0,100.0,100.0,227.19865,,6.0,,,,,,,20.0,-0.5,40.0,,,135.0,132.0,150.0,150.0,150.0,300.0,200.0,300.0,300.0,,,,,,,,,,,,,327.19865,106.0,0.5,stalzone-database/ru/items/armor/combined/_variants/ok3q0/8.json
ok3q0,ok3q0,9,True,Бронескелет «Альбатрос-Перехватчик»,armor/combined,Мастер,Комбинированные,RANK_MASTER,PERSONAL_ON_USE,26.0,100.0,100.0,231.26805,,6.0,,,,,,,20.0,-0.5,40.0,,,135.0,132.0,150.0,150.0,150.0,300.0,200.0,300.0,300.0,,,,,,,,,,,,,331.26805,106.0,0.5,stalzone-database/ru/items/armor/combined/_variants/ok3q0/9.json
ok3q0,ok3q0,10,True,Бронескелет «Альбатрос-Перехватчик»,armor/combined,Мастер,Комбинированные,RANK_MASTER,PERSONAL_ON_USE,26.0,100.0,100.0,243.20491,,6.0,,,,,,,20.0,-0.5,40.0,,,135.0,132.0,150.0,150.0,150.0,300.0,200.0,300.0,300.0,,,,,,,,,,,,,343.20491000000004,106.0,0.5,stalzone-database/ru/items/armor/combined/_variants/ok3q0/10.json
ok3q0,ok3q0,11,True,Бронескелет «Альбатрос-Перехватчик»,armor/combined,Мастер,Комбинированные,RANK_MASTER,PERSONAL_ON_USE,26.0,100.0,100.0,249.17337,,6.0,,,,,,,20.0,-0.5,40.0,,,135.0,132.0,150.0,150.0,150.0,300.0,200.0,300.0,300.0,,,,,,,,,,,,,349.17337,106.0,0.5,stalzone-database/ru/items/armor/combined/_variants/ok3q0/11.json
ok3q0,ok3q0,12,True,Бронескелет «Альбатрос-Перехватчик»,armor/combined,Мастер,Комбинированные,RANK_MASTER,PERSONAL_ON_USE,26.0,100.0,100.0,255.1418,,6.0,,,,,,,20.0,-0.5,40.0,,,135.0,132.0,150.0,150.0,150.0,300.0,200.0,300.0,300.0,,,,,,,,,,,,,355.1418,106.0,0.5,stalzone-database/ru/items/armor/combined/_variants/ok3q0/12.json
ok3q0,ok3q0,13,True,Бронескелет «Альбатрос-Перехватчик»,armor/combined,Мастер,Комбинированные,RANK_MASTER,PERSONAL_ON_USE,26.0,100.0,100.0,261.11026,,6.0,,,,,,,20.0,-0.5,40.0,,,135.0,132.0,150.0,150.0,150.0,300.0,200.0,300.0,300.0,,,,,,,,,,,,,361.11026,106.0,0.5,stalzone-database/ru/items/armor/combined/_variants/ok3q0/13.json
ok3q0,ok3q0,14,True,Бронескелет «Альбатрос-Перехватчик»,armor/combined,Мастер,Комбинированные,RANK_MASTER,PERSONAL_ON_USE,26.0,100.0,100.0,267.07867,,6.0,,,,,,,20.0,-0.5,40.0,,,135.0,132.0,150.0,150.0,150.0,300.0,200.0,300.0,300.0,,,,,,,,,,,,,367.07867,106.0,0.5,stalzone-database/ru/items/armor/combined/_variants/ok3q0/14.json
ok3q0,ok3q0,15,True,Бронескелет «Альбатрос-Перехватчик»,armor/combined,Мастер,Комбинированные,RANK_MASTER,PERSONAL_ON_USE,26.0,100.0,100.0,284.984,,6.0,,,,,,,20.0,-0.5,40.0,,,135.0,132.0,150.0,150.0,150.0,300.0,200.0,300.0,300.0,,,,,,,,,,,,,384.98400000000004,106.0,0.5,stalzone-database/ru/items/armor/combined/_variants/ok3q0/15.json
p69k2,p69k2,0,False,Комбинезон «Ганимед»,armor/scientist,Мастер,Научные,RANK_MASTER,PERSONAL_ON_USE,15.0,100.0,100.0,184.0,,-2.0,,20.0,,,,,24.0,,30.0,,,101.0,106.0,500.0,500.0,500.0,400.0,400.0,400.0,400.0,,,,,,,,,,,,,284.0,98.0,0.5,stalzone-database/ru/items/armor/scientist/p69k2.json
p69k2,p69k2,1,True,Комбинезон «Ганимед»,armor/scientist,Мастер,Научные,RANK_MASTER,PERSONAL_ON_USE,15.0,100.0,100.0,186.60292,,-2.0,,20.0,,,,,24.0,,30.0,,,101.0,106.0,500.0,500.0,500.0,400.0,400.0,400.0,400.0,,,,,,,,,,,,,286.60292000000004,98.0,0.5,stalzone-database/ru/items/armor/scientist/_variants/p69k2/1.json
p69k2,p69k2,2,True,Комбинезон «Ганимед»,armor/scientist,Мастер,Научные,RANK_MASTER,PERSONAL_ON_USE,15.0,100.0,100.0,189.20584,,-2.0,,20.0,,,,,24.0,,30.0,,,101.0,106.0,500.0,500.0,500.0,400.0,400.0,400.0,400.0,,,,,,,,,,,,,289.20583999999997,98.0,0.5,stalzone-database/ru/items/armor/scientist/_variants/p69k2/2.json
p69k2,p69k2,3,True,Комбинезон «Ганимед»,armor/scientist,Мастер,Научные,RANK_MASTER,PERSONAL_ON_USE,15.0,100.0,100.0,191.80878,,-2.0,,20.0,,,,,24.0,,30.0,,,101.0,106.0,500.0,500.0,500.0,400.0,400.0,400.0,400.0,,,,,,,,,,,,,291.80878,98.0,0.5,stalzone-database/ru/items/armor/scientist/_variants/p69k2/3.json
p69k2,p69k2,4,True,Комбинезон «Ганимед»,armor/scientist,Мастер,Научные,RANK_MASTER,PERSONAL_ON_USE,15.0,100.0,100.0,194.4117,,-2.0,,20.0,,,,,24.0,,30.0,,,101.0,106.0,500.0,500.0,500.0,400.0,400.0,400.0,400.0,,,,,,,,,,,,,294.4117,98.0,0.5,stalzone-database/ru/items/armor/scientist/_variants/p69k2/4.json
p69k2,p69k2,5,True,Комбинезон «Ганимед»,armor/scientist,Мастер,Научные,RANK_MASTER,PERSONAL_ON_USE,15.0,100.0,100.0,202.22049,,-2.0,,20.0,,,,,24.0,,30.0,,,101.0,106.0,500.0,500.0,500.0,400.0,400.0,400.0,400.0,,,,,,,,,,,,,302.22049000000004,98.0,0.5,stalzone-database/ru/items/armor/scientist/_variants/p69k2/5.json
p69k2,p69k2,6,True,Комбинезон «Ганимед»,armor/scientist,Мастер,Научные,RANK_MASTER,PERSONAL_ON_USE,15.0,100.0,100.0,206.12488,,-2.0,,20.0,,,,,24.0,,30.0,,,101.0,106.0,500.0,500.0,500.0,400.0,400.0,400.0,400.0,,,,,,,,,,,,,306.12487999999996,98.0,0.5,stalzone-database/ru/items/armor/scientist/_variants/p69k2/6.json
p69k2,p69k2,7,True,Комбинезон «Ганимед»,armor/scientist,Мастер,Научные,RANK_MASTER,PERSONAL_ON_USE,15.0,100.0,100.0,210.02927,,-2.0,,20.0,,,,,24.0,,30.0,,,101.0,106.0,500.0,500.0,500.0,400.0,400.0,400.0,400.0,,,,,,,,,,,,,310.02927,98.0,0.5,stalzone-database/ru/items/armor/scientist/_variants/p69k2/7.json
p69k2,p69k2,8,True,Комбинезон «Ганимед»,armor/scientist,Мастер,Научные,RANK_MASTER,PERSONAL_ON_USE,15.0,100.0,100.0,213.93365,,-2.0,,20.0,,,,,24.0,,30.0,,,101.0,106.0,500.0,500.0,500.0,400.0,400.0,400.0,400.0,,,,,,,,,,,,,313.93365,98.0,0.5,stalzone-database/ru/items/armor/scientist/_variants/p69k2/8.json
p69k2,p69k2,9,True,Комбинезон «Ганимед»,armor/scientist,Мастер,Научные,RANK_MASTER,PERSONAL_ON_USE,15.0,100.0,100.0,217.83804,,-2.0,,20.0,,,,,24.0,,30.0,,,101.0,106.0,500.0,500.0,500.0,400.0,400.0,400.0,400.0,,,,,,,,,,,,,317.83804,98.0,0.5,stalzone-database/ru/items/armor/scientist/_variants/p69k2/9.json
p69k2,p69k2,10,True,Комбинезон «Ганимед»,armor/scientist,Мастер,Научные,RANK_MASTER,PERSONAL_ON_USE,15.0,100.0,100.0,229.29092,,-2.0,,20.0,,,,,24.0,,30.0,,,101.0,106.0,500.0,500.0,500.0,400.0,400.0,400.0,400.0,,,,,,,,,,,,,329.29092,98.0,0.5,stalzone-database/ru/items/armor/scientist/_variants/p69k2/10.json
p69k2,p69k2,11,True,Комбинезон «Ганимед»,armor/scientist,Мастер,Научные,RANK_MASTER,PERSONAL_ON_USE,15.0,100.0,100.0,235.01736,,-2.0,,20.0,,,,,24.0,,30.0,,,101.0,106.0,500.0,500.0,500.0,400.0,400.0,400.0,400.0,,,,,,,,,,,,,335.01736,98.0,0.5,stalzone-database/ru/items/armor/scientist/_variants/p69k2/11.json
p69k2,p69k2,12,True,Комбинезон «Ганимед»,armor/scientist,Мастер,Научные,RANK_MASTER,PERSONAL_ON_USE,15.0,100.0,100.0,240.7438,,-2.0,,20.0,,,,,24.0,,30.0,,,101.0,106.0,500.0,500.0,500.0,400.0,400.0,400.0,400.0,,,,,,,,,,,,,340.74379999999996,98.0,0.5,stalzone-database/ru/items/armor/scientist/_variants/p69k2/12.json
p69k2,p69k2,13,True,Комбинезон «Ганимед»,armor/scientist,Мастер,Научные,RANK_MASTER,PERSONAL_ON_USE,15.0,100.0,100.0,246.47025,,-2.0,,20.0,,,,,24.0,,30.0,,,101.0,106.0,500.0,500.0,500.0,400.0,400.0,400.0,400.0,,,,,,,,,,,,,346.47024999999996,98.0,0.5,stalzone-database/ru/items/armor/scientist/_variants/p69k2/13.json
p69k2,p69k2,14,True,Комбинезон «Ганимед»,armor/scientist,Мастер,Научные,RANK_MASTER,PERSONAL_ON_USE,15.0,100.0,100.0,252.19669,,-2.0,,20.0,,,,,24.0,,30.0,,,101.0,106.0,500.0,500.0,500.0,400.0,400.0,400.0,400.0,,,,,,,,,,,,,352.19669,98.0,0.5,stalzone-database/ru/items/armor/scientist/_variants/p69k2/14.json
p69k2,p69k2,15,True,Комбинезон «Ганимед»,armor/scientist,Мастер,Научные,RANK_MASTER,PERSONAL_ON_USE,15.0,100.0,100.0,269.376,,-2.0,,20.0,,,,,24.0,,30.0,,,101.0,106.0,500.0,500.0,500.0,400.0,400.0,400.0,400.0,,,,,,,,,,,,,369.376,98.0,0.5,stalzone-database/ru/items/armor/scientist/_variants/p69k2/15.json
p69o5,p69o5,0,False,Штурмовой ПНВ (зеленый),armor/device,Мастер,Устройства,RANK_MASTER,PERSONAL_ON_USE,2.5,,,,,,,,,,,,,,,,,,,,,,,,,,,,,,,,,,,,,,100.0,100.0,0.5,stalzone-database/ru/items/armor/device/p69o5.json
p6m1w,p6m1w,0,False,УКАЗ АО-4 «Рейдер»,armor/combined,Ветеран,Комбинированные,RANK_VETERAN,PERSONAL_ON_USE,28.0,100.0,100.0,123.0,,-2.0,,,4.0,,2.0,,12.0,-0.25,40.0,,,92.0,86.0,225.0,225.0,225.0,260.0,180.0,250.0,200.0,,,,,,,,,,,,,223.0,98.0,2.5,stalzone-database/ru/items/armor/combined/p6m1w.json
p6m1w,p6m1w,1,True,УКАЗ АО-4 «Рейдер»,armor/combined,Ветеран,Комбинированные,RANK_VETERAN,PERSONAL_ON_USE,28.0,100.0,100.0,125.04,,-2.0,,,4.0,,2.0,,12.0,-0.25,40.0,,,92.0,86.0,225.0,225.0,225.0,260.0,180.0,250.0,200.0,,,,,,,,,,,,,225.04000000000005,98.0,2.5,stalzone-database/ru/items/armor/combined/_variants/p6m1w/1.json
p6m1w,p6m1w,2,True,УКАЗ АО-4 «Рейдер»,armor/combined,Ветеран,Комбинированные,RANK_VETERAN,PERSONAL_ON_USE,28.0,100.0,100.0,127.079994,,-2.0,,,4.0,,2.0,,12.0,-0.25,40.0,,,92.0,86.0,225.0,225.0,225.0,260.0,180.0,250.0,200.0,,,,,,,,,,,,,227.079994,98.0,2.5,stalzone-database/ru/items/armor/combined/_variants/p6m1w/2.json
p6m1w,p6m1w,3,True,УКАЗ АО-4 «Рейдер»,armor/combined,Ветеран,Комбинированные,RANK_VETERAN,PERSONAL_ON_USE,28.0,100.0,100.0,129.12,,-2.0,,,4.0,,2.0,,12.0,-0.25,40.0,,,92.0,86.0,225.0,225.0,225.0,260.0,180.0,250.0,200.0,,,,,,,,,,,,,229.12,98.0,2.5,stalzone-database/ru/items/armor/combined/_variants/p6m1w/3.json
p6m1w,p6m1w,4,True,УКАЗ АО-4 «Рейдер»,armor/combined,Ветеран,Комбинированные,RANK_VETERAN,PERSONAL_ON_USE,28.0,100.0,100.0,131.15999,,-2.0,,,4.0,,2.0,,12.0,-0.25,40.0,,,92.0,86.0,225.0,225.0,225.0,260.0,180.0,250.0,200.0,,,,,,,,,,,,,231.15999,98.0,2.5,stalzone-database/ru/items/armor/combined/_variants/p6m1w/4.json
p6m1w,p6m1w,5,True,УКАЗ АО-4 «Рейдер»,armor/combined,Ветеран,Комбинированные,RANK_VETERAN,PERSONAL_ON_USE,28.0,100.0,100.0,137.28,,-2.0,,,4.0,,2.0,,12.0,-0.25,40.0,,,92.0,86.0,225.0,225.0,225.0,260.0,180.0,250.0,200.0,,,,,,,,,,,,,237.28,98.0,2.5,stalzone-database/ru/items/armor/combined/_variants/p6m1w/5.json
p6m1w,p6m1w,6,True,УКАЗ АО-4 «Рейдер»,armor/combined,Ветеран,Комбинированные,RANK_VETERAN,PERSONAL_ON_USE,28.0,100.0,100.0,140.34,,-2.0,,,4.0,,2.0,,12.0,-0.25,40.0,,,92.0,86.0,225.0,225.0,225.0,260.0,180.0,250.0,200.0,,,,,,,,,,,,,240.34,98.0,2.5,stalzone-database/ru/items/armor/combined/_variants/p6m1w/6.json
p6m1w,p6m1w,7,True,УКАЗ АО-4 «Рейдер»,armor/combined,Ветеран,Комбинированные,RANK_VETERAN,PERSONAL_ON_USE,28.0,100.0,100.0,143.4,,-2.0,,,4.0,,2.0,,12.0,-0.25,40.0,,,92.0,86.0,225.0,225.0,225.0,260.0,180.0,250.0,200.0,,,,,,,,,,,,,243.4,98.0,2.5,stalzone-database/ru/items/armor/combined/_variants/p6m1w/7.json
p6m1w,p6m1w,8,True,УКАЗ АО-4 «Рейдер»,armor/combined,Ветеран,Комбинированные,RANK_VETERAN,PERSONAL_ON_USE,28.0,100.0,100.0,146.46,,-2.0,,,4.0,,2.0,,12.0,-0.25,40.0,,,92.0,86.0,225.0,225.0,225.0,260.0,180.0,250.0,200.0,,,,,,,,,,,,,246.46,98.0,2.5,stalzone-database/ru/items/armor/combined/_variants/p6m1w/8.json
p6m1w,p6m1w,9,True,УКАЗ АО-4 «Рейдер»,armor/combined,Ветеран,Комбинированные,RANK_VETERAN,PERSONAL_ON_USE,28.0,100.0,100.0,149.52,,-2.0,,,4.0,,2.0,,12.0,-0.25,40.0,,,92.0,86.0,225.0,225.0,225.0,260.0,180.0,250.0,200.0,,,,,,,,,,,,,249.52,98.0,2.5,stalzone-database/ru/items/armor/combined/_variants/p6m1w/9.json
p6m1w,p6m1w,10,True,УКАЗ АО-4 «Рейдер»,armor/combined,Ветеран,Комбинированные,RANK_VETERAN,PERSONAL_ON_USE,28.0,100.0,100.0,158.49599,,-2.0,,,4.0,,2.0,,12.0,-0.25,40.0,,,92.0,86.0,225.0,225.0,225.0,260.0,180.0,250.0,200.0,,,,,,,,,,,,,258.49599,98.0,2.5,stalzone-database/ru/items/armor/combined/_variants/p6m1w/10.json
p6m1w,p6m1w,11,True,УКАЗ АО-4 «Рейдер»,armor/combined,Ветеран,Комбинированные,RANK_VETERAN,PERSONAL_ON_USE,28.0,100.0,100.0,162.984,,-2.0,,,4.0,,2.0,,12.0,-0.25,40.0,,,92.0,86.0,225.0,225.0,225.0,260.0,180.0,250.0,200.0,,,,,,,,,,,,,262.98400000000004,98.0,2.5,stalzone-database/ru/items/armor/combined/_variants/p6m1w/11.json
p6m1w,p6m1w,12,True,УКАЗ АО-4 «Рейдер»,armor/combined,Ветеран,Комбинированные,RANK_VETERAN,PERSONAL_ON_USE,28.0,100.0,100.0,167.472,,-2.0,,,4.0,,2.0,,12.0,-0.25,40.0,,,92.0,86.0,225.0,225.0,225.0,260.0,180.0,250.0,200.0,,,,,,,,,,,,,267.472,98.0,2.5,stalzone-database/ru/items/armor/combined/_variants/p6m1w/12.json
p6m1w,p6m1w,13,True,УКАЗ АО-4 «Рейдер»,armor/combined,Ветеран,Комбинированные,RANK_VETERAN,PERSONAL_ON_USE,28.0,100.0,100.0,171.95999,,-2.0,,,4.0,,2.0,,12.0,-0.25,40.0,,,92.0,86.0,225.0,225.0,225.0,260.0,180.0,250.0,200.0,,,,,,,,,,,,,271.95999,98.0,2.5,stalzone-database/ru/items/armor/combined/_variants/p6m1w/13.json
p6m1w,p6m1w,14,True,УКАЗ АО-4 «Рейдер»,armor/combined,Ветеран,Комбинированные,RANK_VETERAN,PERSONAL_ON_USE,28.0,100.0,100.0,176.448,,-2.0,,,4.0,,2.0,,12.0,-0.25,40.0,,,92.0,86.0,225.0,225.0,225.0,260.0,180.0,250.0,200.0,,,,,,,,,,,,,276.448,98.0,2.5,stalzone-database/ru/items/armor/combined/_variants/p6m1w/14.json
p6m1w,p6m1w,15,True,УКАЗ АО-4 «Рейдер»,armor/combined,Ветеран,Комбинированные,RANK_VETERAN,PERSONAL_ON_USE,28.0,100.0,100.0,189.912,,-2.0,,,4.0,,2.0,,12.0,-0.25,40.0,,,92.0,86.0,225.0,225.0,225.0,260.0,180.0,250.0,200.0,,,,,,,,,,,,,289.91200000000003,98.0,2.5,stalzone-database/ru/items/armor/combined/_variants/p6m1w/15.json
p6m3w,p6m3w,0,False,Бронекостюм «Комбат-5М»,armor/combat,Новичок,Боевые,RANK_NEWBIE,PERSONAL_ON_USE,9.0,100.0,100.0,68.0,,,,,,,,,4.0,,50.0,,,72.0,80.0,10.0,10.0,10.0,20.0,0.0,20.0,0.0,,,,,,,,,,,,,168.0,100.0,0.5,stalzone-database/ru/items/armor/combat/p6m3w.json
p6m3w,p6m3w,1,True,Бронекостюм «Комбат-5М»,armor/combat,Новичок,Боевые,RANK_NEWBIE,PERSONAL_ON_USE,9.0,100.0,100.0,69.53829,,,,,,,,,4.0,,50.0,,,72.0,80.0,10.0,10.0,10.0,20.0,0.0,20.0,0.0,,,,,,,,,,,,,169.53829000000002,100.0,0.5,stalzone-database/ru/items/armor/combat/_variants/p6m3w/1.json
p6m3w,p6m3w,2,True,Бронекостюм «Комбат-5М»,armor/combat,Новичок,Боевые,RANK_NEWBIE,PERSONAL_ON_USE,9.0,100.0,100.0,71.076584,,,,,,,,,4.0,,50.0,,,72.0,80.0,10.0,10.0,10.0,20.0,0.0,20.0,0.0,,,,,,,,,,,,,171.076584,100.0,0.5,stalzone-database/ru/items/armor/combat/_variants/p6m3w/2.json
p6m3w,p6m3w,3,True,Бронекостюм «Комбат-5М»,armor/combat,Новичок,Боевые,RANK_NEWBIE,PERSONAL_ON_USE,9.0,100.0,100.0,72.614876,,,,,,,,,4.0,,50.0,,,72.0,80.0,10.0,10.0,10.0,20.0,0.0,20.0,0.0,,,,,,,,,,,,,172.61487599999998,100.0,0.5,stalzone-database/ru/items/armor/combat/_variants/p6m3w/3.json
p6m3w,p6m3w,4,True,Бронекостюм «Комбат-5М»,armor/combat,Новичок,Боевые,RANK_NEWBIE,PERSONAL_ON_USE,9.0,100.0,100.0,74.153175,,,,,,,,,4.0,,50.0,,,72.0,80.0,10.0,10.0,10.0,20.0,0.0,20.0,0.0,,,,,,,,,,,,,174.153175,100.0,0.5,stalzone-database/ru/items/armor/combat/_variants/p6m3w/4.json
p6m3w,p6m3w,5,True,Бронекостюм «Комбат-5М»,armor/combat,Новичок,Боевые,RANK_NEWBIE,PERSONAL_ON_USE,9.0,100.0,100.0,78.76804,,,,,,,,,4.0,,50.0,,,72.0,80.0,10.0,10.0,10.0,20.0,0.0,20.0,0.0,,,,,,,,,,,,,178.76804,100.0,0.5,stalzone-database/ru/items/armor/combat/_variants/p6m3w/5.json
p6m3w,p6m3w,6,True,Бронекостюм «Комбат-5М»,armor/combat,Новичок,Боевые,RANK_NEWBIE,PERSONAL_ON_USE,9.0,100.0,100.0,81.075485,,,,,,,,,4.0,,50.0,,,72.0,80.0,10.0,10.0,10.0,20.0,0.0,20.0,0.0,,,,,,,,,,,,,181.07548500000001,100.0,0.5,stalzone-database/ru/items/armor/combat/_variants/p6m3w/6.json
p6m3w,p6m3w,7,True,Бронекостюм «Комбат-5М»,armor/combat,Новичок,Боевые,RANK_NEWBIE,PERSONAL_ON_USE,9.0,100.0,100.0,83.38292,,,,,,,,,4.0,,50.0,,,72.0,80.0,10.0,10.0,10.0,20.0,0.0,20.0,0.0,,,,,,,,,,,,,183.38292,100.0,0.5,stalzone-database/ru/items/armor/combat/_variants/p6m3w/7.json
p6m3w,p6m3w,8,True,Бронекостюм «Комбат-5М»,armor/combat,Новичок,Боевые,RANK_NEWBIE,PERSONAL_ON_USE,9.0,100.0,100.0,85.69036,,,,,,,,,4.0,,50.0,,,72.0,80.0,10.0,10.0,10.0,20.0,0.0,20.0,0.0,,,,,,,,,,,,,185.69036,100.0,0.5,stalzone-database/ru/items/armor/combat/_variants/p6m3w/8.json
p6m3w,p6m3w,9,True,Бронекостюм «Комбат-5М»,armor/combat,Новичок,Боевые,RANK_NEWBIE,PERSONAL_ON_USE,9.0,100.0,100.0,87.997795,,,,,,,,,4.0,,50.0,,,72.0,80.0,10.0,10.0,10.0,20.0,0.0,20.0,0.0,,,,,,,,,,,,,187.997795,100.0,0.5,stalzone-database/ru/items/armor/combat/_variants/p6m3w/9.json
p6m3w,p6m3w,10,True,Бронекостюм «Комбат-5М»,armor/combat,Новичок,Боевые,RANK_NEWBIE,PERSONAL_ON_USE,9.0,100.0,100.0,94.76629,,,,,,,,,4.0,,50.0,,,72.0,80.0,10.0,10.0,10.0,20.0,0.0,20.0,0.0,,,,,,,,,,,,,194.76629,100.0,0.5,stalzone-database/ru/items/armor/combat/_variants/p6m3w/10.json
p6m3w,p6m3w,11,True,Бронекостюм «Комбат-5М»,armor/combat,Новичок,Боевые,RANK_NEWBIE,PERSONAL_ON_USE,9.0,100.0,100.0,98.15053,,,,,,,,,4.0,,50.0,,,72.0,80.0,10.0,10.0,10.0,20.0,0.0,20.0,0.0,,,,,,,,,,,,,198.15053,100.0,0.5,stalzone-database/ru/items/armor/combat/_variants/p6m3w/11.json
p6m3w,p6m3w,12,True,Бронекостюм «Комбат-5М»,armor/combat,Новичок,Боевые,RANK_NEWBIE,PERSONAL_ON_USE,9.0,100.0,100.0,101.534775,,,,,,,,,4.0,,50.0,,,72.0,80.0,10.0,10.0,10.0,20.0,0.0,20.0,0.0,,,,,,,,,,,,,201.534775,100.0,0.5,stalzone-database/ru/items/armor/combat/_variants/p6m3w/12.json
p6m3w,p6m3w,13,True,Бронекостюм «Комбат-5М»,armor/combat,Новичок,Боевые,RANK_NEWBIE,PERSONAL_ON_USE,9.0,100.0,100.0,104.91902,,,,,,,,,4.0,,50.0,,,72.0,80.0,10.0,10.0,10.0,20.0,0.0,20.0,0.0,,,,,,,,,,,,,204.91902,100.0,0.5,stalzone-database/ru/items/armor/combat/_variants/p6m3w/13.json
p6m3w,p6m3w,14,True,Бронекостюм «Комбат-5М»,armor/combat,Новичок,Боевые,RANK_NEWBIE,PERSONAL_ON_USE,9.0,100.0,100.0,108.30327,,,,,,,,,4.0,,50.0,,,72.0,80.0,10.0,10.0,10.0,20.0,0.0,20.0,0.0,,,,,,,,,,,,,208.30327,100.0,0.5,stalzone-database/ru/items/armor/combat/_variants/p6m3w/14.json
p6m3w,p6m3w,15,True,Бронекостюм «Комбат-5М»,armor/combat,Новичок,Боевые,RANK_NEWBIE,PERSONAL_ON_USE,9.0,100.0,100.0,118.456,,,,,,,,,4.0,,50.0,,,72.0,80.0,10.0,10.0,10.0,20.0,0.0,20.0,0.0,,,,,,,,,,,,,218.45600000000002,100.0,0.5,stalzone-database/ru/items/armor/combat/_variants/p6m3w/15.json
p6mg4,p6mg4,0,False,Экзоброня «Крысолов»,armor/combat,Ветеран,Боевые,RANK_VETERAN,PERSONAL_ON_USE,32.0,100.0,100.0,143.0,,8.0,,25.0,,,,,25.0,,50.0,,,178.0,109.0,40.0,40.0,40.0,230.0,120.0,230.0,210.0,,25.0,,,,,,,,,,,243.0,108.0,0.5,stalzone-database/ru/items/armor/combat/p6mg4.json
p6mg4,p6mg4,1,True,Экзоброня «Крысолов»,armor/combat,Ветеран,Боевые,RANK_VETERAN,PERSONAL_ON_USE,32.0,100.0,100.0,145.22348,,8.0,,25.0,,,,,25.0,,50.0,,,178.0,109.0,40.0,40.0,40.0,230.0,120.0,230.0,210.0,,25.0,,,,,,,,,,,245.22348,108.0,0.5,stalzone-database/ru/items/armor/combat/_variants/p6mg4/1.json
p6mg4,p6mg4,2,True,Экзоброня «Крысолов»,armor/combat,Ветеран,Боевые,RANK_VETERAN,PERSONAL_ON_USE,32.0,100.0,100.0,147.44695,,8.0,,25.0,,,,,25.0,,50.0,,,178.0,109.0,40.0,40.0,40.0,230.0,120.0,230.0,210.0,,25.0,,,,,,,,,,,247.44695,108.0,0.5,stalzone-database/ru/items/armor/combat/_variants/p6mg4/2.json
p6mg4,p6mg4,3,True,Экзоброня «Крысолов»,armor/combat,Ветеран,Боевые,RANK_VETERAN,PERSONAL_ON_USE,32.0,100.0,100.0,149.67043,,8.0,,25.0,,,,,25.0,,50.0,,,178.0,109.0,40.0,40.0,40.0,230.0,120.0,230.0,210.0,,25.0,,,,,,,,,,,249.67043,108.0,0.5,stalzone-database/ru/items/armor/combat/_variants/p6mg4/3.json
p6mg4,p6mg4,4,True,Экзоброня «Крысолов»,armor/combat,Ветеран,Боевые,RANK_VETERAN,PERSONAL_ON_USE,32.0,100.0,100.0,151.89389,,8.0,,25.0,,,,,25.0,,50.0,,,178.0,109.0,40.0,40.0,40.0,230.0,120.0,230.0,210.0,,25.0,,,,,,,,,,,251.89389,108.0,0.5,stalzone-database/ru/items/armor/combat/_variants/p6mg4/4.json
p6mg4,p6mg4,5,True,Экзоброня «Крысолов»,armor/combat,Ветеран,Боевые,RANK_VETERAN,PERSONAL_ON_USE,32.0,100.0,100.0,158.56432,,8.0,,25.0,,,,,25.0,,50.0,,,178.0,109.0,40.0,40.0,40.0,230.0,120.0,230.0,210.0,,25.0,,,,,,,,,,,258.56432,108.0,0.5,stalzone-database/ru/items/armor/combat/_variants/p6mg4/5.json
p6mg4,p6mg4,6,True,Экзоброня «Крысолов»,armor/combat,Ветеран,Боевые,RANK_VETERAN,PERSONAL_ON_USE,32.0,100.0,100.0,161.89954,,8.0,,25.0,,,,,25.0,,50.0,,,178.0,109.0,40.0,40.0,40.0,230.0,120.0,230.0,210.0,,25.0,,,,,,,,,,,261.89954,108.0,0.5,stalzone-database/ru/items/armor/combat/_variants/p6mg4/6.json
p6mg4,p6mg4,7,True,Экзоброня «Крысолов»,armor/combat,Ветеран,Боевые,RANK_VETERAN,PERSONAL_ON_USE,32.0,100.0,100.0,165.23476,,8.0,,25.0,,,,,25.0,,50.0,,,178.0,109.0,40.0,40.0,40.0,230.0,120.0,230.0,210.0,,25.0,,,,,,,,,,,265.23476,108.0,0.5,stalzone-database/ru/items/armor/combat/_variants/p6mg4/7.json
p6mg4,p6mg4,8,True,Экзоброня «Крысолов»,armor/combat,Ветеран,Боевые,RANK_VETERAN,PERSONAL_ON_USE,32.0,100.0,100.0,168.56996,,8.0,,25.0,,,,,25.0,,50.0,,,178.0,109.0,40.0,40.0,40.0,230.0,120.0,230.0,210.0,,25.0,,,,,,,,,,,268.56996000000004,108.0,0.5,stalzone-database/ru/items/armor/combat/_variants/p6mg4/8.json
p6mg4,p6mg4,9,True,Экзоброня «Крысолов»,armor/combat,Ветеран,Боевые,RANK_VETERAN,PERSONAL_ON_USE,32.0,100.0,100.0,171.90518,,8.0,,25.0,,,,,25.0,,50.0,,,178.0,109.0,40.0,40.0,40.0,230.0,120.0,230.0,210.0,,25.0,,,,,,,,,,,271.90518,108.0,0.5,stalzone-database/ru/items/armor/combat/_variants/p6mg4/9.json
p6mg4,p6mg4,10,True,Экзоброня «Крысолов»,armor/combat,Ветеран,Боевые,RANK_VETERAN,PERSONAL_ON_USE,32.0,100.0,100.0,181.68846,,8.0,,25.0,,,,,25.0,,50.0,,,178.0,109.0,40.0,40.0,40.0,230.0,120.0,230.0,210.0,,25.0,,,,,,,,,,,281.68845999999996,108.0,0.5,stalzone-database/ru/items/armor/combat/_variants/p6mg4/10.json
p6mg4,p6mg4,11,True,Экзоброня «Крысолов»,armor/combat,Ветеран,Боевые,RANK_VETERAN,PERSONAL_ON_USE,32.0,100.0,100.0,186.58011,,8.0,,25.0,,,,,25.0,,50.0,,,178.0,109.0,40.0,40.0,40.0,230.0,120.0,230.0,210.0,,25.0,,,,,,,,,,,286.58011,108.0,0.5,stalzone-database/ru/items/armor/combat/_variants/p6mg4/11.json
p6mg4,p6mg4,12,True,Экзоброня «Крысолов»,armor/combat,Ветеран,Боевые,RANK_VETERAN,PERSONAL_ON_USE,32.0,100.0,100.0,191.47177,,8.0,,25.0,,,,,25.0,,50.0,,,178.0,109.0,40.0,40.0,40.0,230.0,120.0,230.0,210.0,,25.0,,,,,,,,,,,291.47177,108.0,0.5,stalzone-database/ru/items/armor/combat/_variants/p6mg4/12.json
p6mg4,p6mg4,13,True,Экзоброня «Крысолов»,armor/combat,Ветеран,Боевые,RANK_VETERAN,PERSONAL_ON_USE,32.0,100.0,100.0,196.36342,,8.0,,25.0,,,,,25.0,,50.0,,,178.0,109.0,40.0,40.0,40.0,230.0,120.0,230.0,210.0,,25.0,,,,,,,,,,,296.36342,108.0,0.5,stalzone-database/ru/items/armor/combat/_variants/p6mg4/13.json
p6mg4,p6mg4,14,True,Экзоброня «Крысолов»,armor/combat,Ветеран,Боевые,RANK_VETERAN,PERSONAL_ON_USE,32.0,100.0,100.0,201.25507,,8.0,,25.0,,,,,25.0,,50.0,,,178.0,109.0,40.0,40.0,40.0,230.0,120.0,230.0,210.0,,25.0,,,,,,,,,,,301.25507,108.0,0.5,stalzone-database/ru/items/armor/combat/_variants/p6mg4/14.json
p6mg4,p6mg4,15,True,Экзоброня «Крысолов»,armor/combat,Ветеран,Боевые,RANK_VETERAN,PERSONAL_ON_USE,32.0,100.0,100.0,215.93,,8.0,,25.0,,,,,25.0,,50.0,,,178.0,109.0,40.0,40.0,40.0,230.0,120.0,230.0,210.0,,25.0,,,,,,,,,,,315.93,108.0,0.5,stalzone-database/ru/items/armor/combat/_variants/p6mg4/15.json
p6my4,p6my4,0,False,Теплый свитер,armor/clothes,Отмычка,Одежда,DEFAULT,PERSONAL_ON_USE,4.0,100.0,100.0,23.0,,,,,,,,,,,40.0,,,40.0,35.0,0.0,0.0,0.0,0.0,0.0,0.0,0.0,,,,,,,,,,,,,123.0,100.0,0.5,stalzone-database/ru/items/armor/clothes/p6my4.json
p6my4,p6my4,1,True,Теплый свитер,armor/clothes,Отмычка,Одежда,DEFAULT,PERSONAL_ON_USE,4.0,100.0,100.0,24.125458,,,,,,,,,,,40.0,,,40.0,35.0,0.0,0.0,0.0,0.0,0.0,0.0,0.0,,,,,,,,,,,,,124.125458,100.0,0.5,stalzone-database/ru/items/armor/clothes/_variants/p6my4/1.json
p6my4,p6my4,2,True,Теплый свитер,armor/clothes,Отмычка,Одежда,DEFAULT,PERSONAL_ON_USE,4.0,100.0,100.0,25.250914,,,,,,,,,,,40.0,,,40.0,35.0,0.0,0.0,0.0,0.0,0.0,0.0,0.0,,,,,,,,,,,,,125.250914,100.0,0.5,stalzone-database/ru/items/armor/clothes/_variants/p6my4/2.json
p6my4,p6my4,3,True,Теплый свитер,armor/clothes,Отмычка,Одежда,DEFAULT,PERSONAL_ON_USE,4.0,100.0,100.0,26.376371,,,,,,,,,,,40.0,,,40.0,35.0,0.0,0.0,0.0,0.0,0.0,0.0,0.0,,,,,,,,,,,,,126.376371,100.0,0.5,stalzone-database/ru/items/armor/clothes/_variants/p6my4/3.json
p6my4,p6my4,4,True,Теплый свитер,armor/clothes,Отмычка,Одежда,DEFAULT,PERSONAL_ON_USE,4.0,100.0,100.0,27.501827,,,,,,,,,,,40.0,,,40.0,35.0,0.0,0.0,0.0,0.0,0.0,0.0,0.0,,,,,,,,,,,,,127.50182699999999,100.0,0.5,stalzone-database/ru/items/armor/clothes/_variants/p6my4/4.json
p6my4,p6my4,5,True,Теплый свитер,armor/clothes,Отмычка,Одежда,DEFAULT,PERSONAL_ON_USE,4.0,100.0,100.0,30.8782,,,,,,,,,,,40.0,,,40.0,35.0,0.0,0.0,0.0,0.0,0.0,0.0,0.0,,,,,,,,,,,,,130.8782,100.0,0.5,stalzone-database/ru/items/armor/clothes/_variants/p6my4/5.json
p6my4,p6my4,6,True,Теплый свитер,armor/clothes,Отмычка,Одежда,DEFAULT,PERSONAL_ON_USE,4.0,100.0,100.0,32.566383,,,,,,,,,,,40.0,,,40.0,35.0,0.0,0.0,0.0,0.0,0.0,0.0,0.0,,,,,,,,,,,,,132.566383,100.0,0.5,stalzone-database/ru/items/armor/clothes/_variants/p6my4/6.json
p6my4,p6my4,7,True,Теплый свитер,armor/clothes,Отмычка,Одежда,DEFAULT,PERSONAL_ON_USE,4.0,100.0,100.0,34.254574,,,,,,,,,,,40.0,,,40.0,35.0,0.0,0.0,0.0,0.0,0.0,0.0,0.0,,,,,,,,,,,,,134.254574,100.0,0.5,stalzone-database/ru/items/armor/clothes/_variants/p6my4/7.json
p6my4,p6my4,8,True,Теплый свитер,armor/clothes,Отмычка,Одежда,DEFAULT,PERSONAL_ON_USE,4.0,100.0,100.0,35.94276,,,,,,,,,,,40.0,,,40.0,35.0,0.0,0.0,0.0,0.0,0.0,0.0,0.0,,,,,,,,,,,,,135.94276,100.0,0.5,stalzone-database/ru/items/armor/clothes/_variants/p6my4/8.json
p6my4,p6my4,9,True,Теплый свитер,armor/clothes,Отмычка,Одежда,DEFAULT,PERSONAL_ON_USE,4.0,100.0,100.0,37.630943,,,,,,,,,,,40.0,,,40.0,35.0,0.0,0.0,0.0,0.0,0.0,0.0,0.0,,,,,,,,,,,,,137.630943,100.0,0.5,stalzone-database/ru/items/armor/clothes/_variants/p6my4/9.json
p6my4,p6my4,10,True,Теплый свитер,armor/clothes,Отмычка,Одежда,DEFAULT,PERSONAL_ON_USE,4.0,100.0,100.0,42.582954,,,,,,,,,,,40.0,,,40.0,35.0,0.0,0.0,0.0,0.0,0.0,0.0,0.0,,,,,,,,,,,,,142.582954,100.0,0.5,stalzone-database/ru/items/armor/clothes/_variants/p6my4/10.json
p6my4,p6my4,11,True,Теплый свитер,armor/clothes,Отмычка,Одежда,DEFAULT,PERSONAL_ON_USE,4.0,100.0,100.0,45.05896,,,,,,,,,,,40.0,,,40.0,35.0,0.0,0.0,0.0,0.0,0.0,0.0,0.0,,,,,,,,,,,,,145.05896,100.0,0.5,stalzone-database/ru/items/armor/clothes/_variants/p6my4/11.json
p6my4,p6my4,12,True,Теплый свитер,armor/clothes,Отмычка,Одежда,DEFAULT,PERSONAL_ON_USE,4.0,100.0,100.0,46.0,,,,,,,,,,,40.0,,,40.0,35.0,0.0,0.0,0.0,0.0,0.0,0.0,0.0,,,,,,,,,,,,,146.0,100.0,0.5,stalzone-database/ru/items/armor/clothes/_variants/p6my4/12.json
p6my4,p6my4,13,True,Теплый свитер,armor/clothes,Отмычка,Одежда,DEFAULT,PERSONAL_ON_USE,4.0,100.0,100.0,46.0,,,,,,,,,,,40.0,,,40.0,35.0,0.0,0.0,0.0,0.0,0.0,0.0,0.0,,,,,,,,,,,,,146.0,100.0,0.5,stalzone-database/ru/items/armor/clothes/_variants/p6my4/13.json
p6my4,p6my4,14,True,Теплый свитер,armor/clothes,Отмычка,Одежда,DEFAULT,PERSONAL_ON_USE,4.0,100.0,100.0,46.0,,,,,,,,,,,40.0,,,40.0,35.0,0.0,0.0,0.0,0.0,0.0,0.0,0.0,,,,,,,,,,,,,146.0,100.0,0.5,stalzone-database/ru/items/armor/clothes/_variants/p6my4/14.json
p6my4,p6my4,15,True,Теплый свитер,armor/clothes,Отмычка,Одежда,DEFAULT,PERSONAL_ON_USE,4.0,100.0,100.0,46.0,,,,,,,,,,,40.0,,,40.0,35.0,0.0,0.0,0.0,0.0,0.0,0.0,0.0,,,,,,,,,,,,,146.0,100.0,0.5,stalzone-database/ru/items/armor/clothes/_variants/p6my4/15.json
qj1lk,qj1lk,0,False,Бронекостюм «КЗ-4»,armor/combat,Мастер,Боевые,RANK_MASTER,PERSONAL_ON_USE,16.0,100.0,100.0,231.0,,,,20.0,,,,,30.0,,55.0,,,232.0,170.0,150.0,150.0,150.0,240.0,120.0,240.0,220.0,,,,,,,,,,,,,331.0,100.0,0.5,stalzone-database/ru/items/armor/combat/qj1lk.json
qj1lk,qj1lk,1,True,Бронекостюм «КЗ-4»,armor/combat,Мастер,Боевые,RANK_MASTER,PERSONAL_ON_USE,16.0,100.0,100.0,234.02837,,,,20.0,,,,,30.0,,55.0,,,232.0,170.0,150.0,150.0,150.0,240.0,120.0,240.0,220.0,,,,,,,,,,,,,334.02837,100.0,0.5,stalzone-database/ru/items/armor/combat/_variants/qj1lk/1.json
qj1lk,qj1lk,2,True,Бронекостюм «КЗ-4»,armor/combat,Мастер,Боевые,RANK_MASTER,PERSONAL_ON_USE,16.0,100.0,100.0,237.0567,,,,20.0,,,,,30.0,,55.0,,,232.0,170.0,150.0,150.0,150.0,240.0,120.0,240.0,220.0,,,,,,,,,,,,,337.0567,100.0,0.5,stalzone-database/ru/items/armor/combat/_variants/qj1lk/2.json
qj1lk,qj1lk,3,True,Бронекостюм «КЗ-4»,armor/combat,Мастер,Боевые,RANK_MASTER,PERSONAL_ON_USE,16.0,100.0,100.0,240.08507,,,,20.0,,,,,30.0,,55.0,,,232.0,170.0,150.0,150.0,150.0,240.0,120.0,240.0,220.0,,,,,,,,,,,,,340.08507,100.0,0.5,stalzone-database/ru/items/armor/combat/_variants/qj1lk/3.json
qj1lk,qj1lk,4,True,Бронекостюм «КЗ-4»,armor/combat,Мастер,Боевые,RANK_MASTER,PERSONAL_ON_USE,16.0,100.0,100.0,243.1134,,,,20.0,,,,,30.0,,55.0,,,232.0,170.0,150.0,150.0,150.0,240.0,120.0,240.0,220.0,,,,,,,,,,,,,343.1134,100.0,0.5,stalzone-database/ru/items/armor/combat/_variants/qj1lk/4.json
qj1lk,qj1lk,5,True,Бронекостюм «КЗ-4»,armor/combat,Мастер,Боевые,RANK_MASTER,PERSONAL_ON_USE,16.0,100.0,100.0,252.19847,,,,20.0,,,,,30.0,,55.0,,,232.0,170.0,150.0,150.0,150.0,240.0,120.0,240.0,220.0,,,,,,,,,,,,,352.19847000000004,100.0,0.5,stalzone-database/ru/items/armor/combat/_variants/qj1lk/5.json
qj1lk,qj1lk,6,True,Бронекостюм «КЗ-4»,armor/combat,Мастер,Боевые,RANK_MASTER,PERSONAL_ON_USE,16.0,100.0,100.0,256.741,,,,20.0,,,,,30.0,,55.0,,,232.0,170.0,150.0,150.0,150.0,240.0,120.0,240.0,220.0,,,,,,,,,,,,,356.741,100.0,0.5,stalzone-database/ru/items/armor/combat/_variants/qj1lk/6.json
qj1lk,qj1lk,7,True,Бронекостюм «КЗ-4»,armor/combat,Мастер,Боевые,RANK_MASTER,PERSONAL_ON_USE,16.0,100.0,100.0,261.28354,,,,20.0,,,,,30.0,,55.0,,,232.0,170.0,150.0,150.0,150.0,240.0,120.0,240.0,220.0,,,,,,,,,,,,,361.28354,100.0,0.5,stalzone-database/ru/items/armor/combat/_variants/qj1lk/7.json
qj1lk,qj1lk,8,True,Бронекостюм «КЗ-4»,armor/combat,Мастер,Боевые,RANK_MASTER,PERSONAL_ON_USE,16.0,100.0,100.0,265.82608,,,,20.0,,,,,30.0,,55.0,,,232.0,170.0,150.0,150.0,150.0,240.0,120.0,240.0,220.0,,,,,,,,,,,,,365.82608,100.0,0.5,stalzone-database/ru/items/armor/combat/_variants/qj1lk/8.json
qj1lk,qj1lk,9,True,Бронекостюм «КЗ-4»,armor/combat,Мастер,Боевые,RANK_MASTER,PERSONAL_ON_USE,16.0,100.0,100.0,270.3686,,,,20.0,,,,,30.0,,55.0,,,232.0,170.0,150.0,150.0,150.0,240.0,120.0,240.0,220.0,,,,,,,,,,,,,370.3686,100.0,0.5,stalzone-database/ru/items/armor/combat/_variants/qj1lk/9.json
qj1lk,qj1lk,10,True,Бронекостюм «КЗ-4»,armor/combat,Мастер,Боевые,RANK_MASTER,PERSONAL_ON_USE,16.0,100.0,100.0,283.69336,,,,20.0,,,,,30.0,,55.0,,,232.0,170.0,150.0,150.0,150.0,240.0,120.0,240.0,220.0,,,,,,,,,,,,,383.69336,100.0,0.5,stalzone-database/ru/items/armor/combat/_variants/qj1lk/10.json
qj1lk,qj1lk,11,True,Бронекостюм «КЗ-4»,armor/combat,Мастер,Боевые,RANK_MASTER,PERSONAL_ON_USE,16.0,100.0,100.0,290.35574,,,,20.0,,,,,30.0,,55.0,,,232.0,170.0,150.0,150.0,150.0,240.0,120.0,240.0,220.0,,,,,,,,,,,,,390.35574,100.0,0.5,stalzone-database/ru/items/armor/combat/_variants/qj1lk/11.json
qj1lk,qj1lk,12,True,Бронекостюм «КЗ-4»,armor/combat,Мастер,Боевые,RANK_MASTER,PERSONAL_ON_USE,16.0,100.0,100.0,297.01813,,,,20.0,,,,,30.0,,55.0,,,232.0,170.0,150.0,150.0,150.0,240.0,120.0,240.0,220.0,,,,,,,,,,,,,397.01813000000004,100.0,0.5,stalzone-database/ru/items/armor/combat/_variants/qj1lk/12.json
qj1lk,qj1lk,13,True,Бронекостюм «КЗ-4»,armor/combat,Мастер,Боевые,RANK_MASTER,PERSONAL_ON_USE,16.0,100.0,100.0,303.68048,,,,20.0,,,,,30.0,,55.0,,,232.0,170.0,150.0,150.0,150.0,240.0,120.0,240.0,220.0,,,,,,,,,,,,,403.68047999999993,100.0,0.5,stalzone-database/ru/items/armor/combat/_variants/qj1lk/13.json
qj1lk,qj1lk,14,True,Бронекостюм «КЗ-4»,armor/combat,Мастер,Боевые,RANK_MASTER,PERSONAL_ON_USE,16.0,100.0,100.0,310.34286,,,,20.0,,,,,30.0,,55.0,,,232.0,170.0,150.0,150.0,150.0,240.0,120.0,240.0,220.0,,,,,,,,,,,,,410.34286,100.0,0.5,stalzone-database/ru/items/armor/combat/_variants/qj1lk/14.json
qj1lk,qj1lk,15,True,Бронекостюм «КЗ-4»,armor/combat,Мастер,Боевые,RANK_MASTER,PERSONAL_ON_USE,16.0,100.0,100.0,330.33002,,,,20.0,,,,,30.0,,55.0,,,232.0,170.0,150.0,150.0,150.0,240.0,120.0,240.0,220.0,,,,,,,,,,,,,430.33002,100.0,0.5,stalzone-database/ru/items/armor/combat/_variants/qj1lk/15.json
qjo2j,qjo2j,0,False,Комбинезон «Аврора»,armor/combined,Отмычка,Комбинированные,DEFAULT,PERSONAL_ON_USE,3.5,100.0,100.0,39.0,,,,,,,,,5.0,,35.0,,,58.0,35.0,15.0,15.0,15.0,30.0,20.0,30.0,0.0,,,,,,,,,,,,,139.0,100.0,0.5,stalzone-database/ru/items/armor/combined/qjo2j.json
qjo2j,qjo2j,1,True,Комбинезон «Аврора»,armor/combined,Отмычка,Комбинированные,DEFAULT,PERSONAL_ON_USE,3.5,100.0,100.0,40.27226,,,,,,,,,5.0,,35.0,,,58.0,35.0,15.0,15.0,15.0,30.0,20.0,30.0,0.0,,,,,,,,,,,,,140.27226000000002,100.0,0.5,stalzone-database/ru/items/armor/combined/_variants/qjo2j/1.json
qjo2j,qjo2j,2,True,Комбинезон «Аврора»,armor/combined,Отмычка,Комбинированные,DEFAULT,PERSONAL_ON_USE,3.5,100.0,100.0,41.544514,,,,,,,,,5.0,,35.0,,,58.0,35.0,15.0,15.0,15.0,30.0,20.0,30.0,0.0,,,,,,,,,,,,,141.544514,100.0,0.5,stalzone-database/ru/items/armor/combined/_variants/qjo2j/2.json
qjo2j,qjo2j,3,True,Комбинезон «Аврора»,armor/combined,Отмычка,Комбинированные,DEFAULT,PERSONAL_ON_USE,3.5,100.0,100.0,42.81677,,,,,,,,,5.0,,35.0,,,58.0,35.0,15.0,15.0,15.0,30.0,20.0,30.0,0.0,,,,,,,,,,,,,142.81677,100.0,0.5,stalzone-database/ru/items/armor/combined/_variants/qjo2j/3.json
qjo2j,qjo2j,4,True,Комбинезон «Аврора»,armor/combined,Отмычка,Комбинированные,DEFAULT,PERSONAL_ON_USE,3.5,100.0,100.0,44.089024,,,,,,,,,5.0,,35.0,,,58.0,35.0,15.0,15.0,15.0,30.0,20.0,30.0,0.0,,,,,,,,,,,,,144.089024,100.0,0.5,stalzone-database/ru/items/armor/combined/_variants/qjo2j/4.json
qjo2j,qjo2j,5,True,Комбинезон «Аврора»,armor/combined,Отмычка,Комбинированные,DEFAULT,PERSONAL_ON_USE,3.5,100.0,100.0,47.905792,,,,,,,,,5.0,,35.0,,,58.0,35.0,15.0,15.0,15.0,30.0,20.0,30.0,0.0,,,,,,,,,,,,,147.905792,100.0,0.5,stalzone-database/ru/items/armor/combined/_variants/qjo2j/5.json
qjo2j,qjo2j,6,True,Комбинезон «Аврора»,armor/combined,Отмычка,Комбинированные,DEFAULT,PERSONAL_ON_USE,3.5,100.0,100.0,49.814175,,,,,,,,,5.0,,35.0,,,58.0,35.0,15.0,15.0,15.0,30.0,20.0,30.0,0.0,,,,,,,,,,,,,149.814175,100.0,0.5,stalzone-database/ru/items/armor/combined/_variants/qjo2j/6.json
qjo2j,qjo2j,7,True,Комбинезон «Аврора»,armor/combined,Отмычка,Комбинированные,DEFAULT,PERSONAL_ON_USE,3.5,100.0,100.0,51.722557,,,,,,,,,5.0,,35.0,,,58.0,35.0,15.0,15.0,15.0,30.0,20.0,30.0,0.0,,,,,,,,,,,,,151.722557,100.0,0.5,stalzone-database/ru/items/armor/combined/_variants/qjo2j/7.json
qjo2j,qjo2j,8,True,Комбинезон «Аврора»,armor/combined,Отмычка,Комбинированные,DEFAULT,PERSONAL_ON_USE,3.5,100.0,100.0,53.630943,,,,,,,,,5.0,,35.0,,,58.0,35.0,15.0,15.0,15.0,30.0,20.0,30.0,0.0,,,,,,,,,,,,,153.630943,100.0,0.5,stalzone-database/ru/items/armor/combined/_variants/qjo2j/8.json
qjo2j,qjo2j,9,True,Комбинезон «Аврора»,armor/combined,Отмычка,Комбинированные,DEFAULT,PERSONAL_ON_USE,3.5,100.0,100.0,55.53933,,,,,,,,,5.0,,35.0,,,58.0,35.0,15.0,15.0,15.0,30.0,20.0,30.0,0.0,,,,,,,,,,,,,155.53933,100.0,0.5,stalzone-database/ru/items/armor/combined/_variants/qjo2j/9.json
qjo2j,qjo2j,10,True,Комбинезон «Аврора»,armor/combined,Отмычка,Комбинированные,DEFAULT,PERSONAL_ON_USE,3.5,100.0,100.0,61.137253,,,,,,,,,5.0,,35.0,,,58.0,35.0,15.0,15.0,15.0,30.0,20.0,30.0,0.0,,,,,,,,,,,,,161.137253,100.0,0.5,stalzone-database/ru/items/armor/combined/_variants/qjo2j/10.json
qjo2j,qjo2j,11,True,Комбинезон «Аврора»,armor/combined,Отмычка,Комбинированные,DEFAULT,PERSONAL_ON_USE,3.5,100.0,100.0,63.93622,,,,,,,,,5.0,,35.0,,,58.0,35.0,15.0,15.0,15.0,30.0,20.0,30.0,0.0,,,,,,,,,,,,,163.93622,100.0,0.5,stalzone-database/ru/items/armor/combined/_variants/qjo2j/11.json
qjo2j,qjo2j,12,True,Комбинезон «Аврора»,armor/combined,Отмычка,Комбинированные,DEFAULT,PERSONAL_ON_USE,3.5,100.0,100.0,66.73518,,,,,,,,,5.0,,35.0,,,58.0,35.0,15.0,15.0,15.0,30.0,20.0,30.0,0.0,,,,,,,,,,,,,166.73518,100.0,0.5,stalzone-database/ru/items/armor/combined/_variants/qjo2j/12.json
qjo2j,qjo2j,13,True,Комбинезон «Аврора»,armor/combined,Отмычка,Комбинированные,DEFAULT,PERSONAL_ON_USE,3.5,100.0,100.0,69.53414,,,,,,,,,5.0,,35.0,,,58.0,35.0,15.0,15.0,15.0,30.0,20.0,30.0,0.0,,,,,,,,,,,,,169.53413999999998,100.0,0.5,stalzone-database/ru/items/armor/combined/_variants/qjo2j/13.json
qjo2j,qjo2j,14,True,Комбинезон «Аврора»,armor/combined,Отмычка,Комбинированные,DEFAULT,PERSONAL_ON_USE,3.5,100.0,100.0,72.33311,,,,,,,,,5.0,,35.0,,,58.0,35.0,15.0,15.0,15.0,30.0,20.0,30.0,0.0,,,,,,,,,,,,,172.33311,100.0,0.5,stalzone-database/ru/items/armor/combined/_variants/qjo2j/14.json
qjo2j,qjo2j,15,True,Комбинезон «Аврора»,armor/combined,Отмычка,Комбинированные,DEFAULT,PERSONAL_ON_USE,3.5,100.0,100.0,78.0,,,,,,,,,5.0,,35.0,,,58.0,35.0,15.0,15.0,15.0,30.0,20.0,30.0,0.0,,,,,,,,,,,,,178.0,100.0,0.5,stalzone-database/ru/items/armor/combined/_variants/qjo2j/15.json
qjogj,qjogj,0,False,Костюм «Пересмешник»,armor/combined,Сталкер,Комбинированные,RANK_STALKER,PERSONAL_ON_USE,9.0,100.0,100.0,91.0,,1.0,,,,,,,10.0,,40.0,,,78.0,68.0,60.0,60.0,60.0,200.0,70.0,200.0,120.0,,,,,,,,,,,,,191.0,101.0,0.5,stalzone-database/ru/items/armor/combined/qjogj.json
qjogj,qjogj,1,True,Костюм «Пересмешник»,armor/combined,Сталкер,Комбинированные,RANK_STALKER,PERSONAL_ON_USE,9.0,100.0,100.0,92.74787,,1.0,,,,,,,10.0,,40.0,,,78.0,68.0,60.0,60.0,60.0,200.0,70.0,200.0,120.0,,,,,,,,,,,,,192.74787,101.0,0.5,stalzone-database/ru/items/armor/combined/_variants/qjogj/1.json
qjogj,qjogj,2,True,Костюм «Пересмешник»,armor/combined,Сталкер,Комбинированные,RANK_STALKER,PERSONAL_ON_USE,9.0,100.0,100.0,94.49573,,1.0,,,,,,,10.0,,40.0,,,78.0,68.0,60.0,60.0,60.0,200.0,70.0,200.0,120.0,,,,,,,,,,,,,194.49572999999998,101.0,0.5,stalzone-database/ru/items/armor/combined/_variants/qjogj/2.json
qjogj,qjogj,3,True,Костюм «Пересмешник»,armor/combined,Сталкер,Комбинированные,RANK_STALKER,PERSONAL_ON_USE,9.0,100.0,100.0,96.2436,,1.0,,,,,,,10.0,,40.0,,,78.0,68.0,60.0,60.0,60.0,200.0,70.0,200.0,120.0,,,,,,,,,,,,,196.24360000000001,101.0,0.5,stalzone-database/ru/items/armor/combined/_variants/qjogj/3.json
qjogj,qjogj,4,True,Костюм «Пересмешник»,armor/combined,Сталкер,Комбинированные,RANK_STALKER,PERSONAL_ON_USE,9.0,100.0,100.0,97.99147,,1.0,,,,,,,10.0,,40.0,,,78.0,68.0,60.0,60.0,60.0,200.0,70.0,200.0,120.0,,,,,,,,,,,,,197.99147000000002,101.0,0.5,stalzone-database/ru/items/armor/combined/_variants/qjogj/4.json
qjogj,qjogj,5,True,Костюм «Пересмешник»,armor/combined,Сталкер,Комбинированные,RANK_STALKER,PERSONAL_ON_USE,9.0,100.0,100.0,103.235054,,1.0,,,,,,,10.0,,40.0,,,78.0,68.0,60.0,60.0,60.0,200.0,70.0,200.0,120.0,,,,,,,,,,,,,203.235054,101.0,0.5,stalzone-database/ru/items/armor/combined/_variants/qjogj/5.json
qjogj,qjogj,6,True,Костюм «Пересмешник»,armor/combined,Сталкер,Комбинированные,RANK_STALKER,PERSONAL_ON_USE,9.0,100.0,100.0,105.85686,,1.0,,,,,,,10.0,,40.0,,,78.0,68.0,60.0,60.0,60.0,200.0,70.0,200.0,120.0,,,,,,,,,,,,,205.85685999999998,101.0,0.5,stalzone-database/ru/items/armor/combined/_variants/qjogj/6.json
qjogj,qjogj,7,True,Костюм «Пересмешник»,armor/combined,Сталкер,Комбинированные,RANK_STALKER,PERSONAL_ON_USE,9.0,100.0,100.0,108.47865,,1.0,,,,,,,10.0,,40.0,,,78.0,68.0,60.0,60.0,60.0,200.0,70.0,200.0,120.0,,,,,,,,,,,,,208.47865000000002,101.0,0.5,stalzone-database/ru/items/armor/combined/_variants/qjogj/7.json
qjogj,qjogj,8,True,Костюм «Пересмешник»,armor/combined,Сталкер,Комбинированные,RANK_STALKER,PERSONAL_ON_USE,9.0,100.0,100.0,111.10045,,1.0,,,,,,,10.0,,40.0,,,78.0,68.0,60.0,60.0,60.0,200.0,70.0,200.0,120.0,,,,,,,,,,,,,211.10045,101.0,0.5,stalzone-database/ru/items/armor/combined/_variants/qjogj/8.json
qjogj,qjogj,9,True,Костюм «Пересмешник»,armor/combined,Сталкер,Комбинированные,RANK_STALKER,PERSONAL_ON_USE,9.0,100.0,100.0,113.72225,,1.0,,,,,,,10.0,,40.0,,,78.0,68.0,60.0,60.0,60.0,200.0,70.0,200.0,120.0,,,,,,,,,,,,,213.72224999999997,101.0,0.5,stalzone-database/ru/items/armor/combined/_variants/qjogj/9.json
qjogj,qjogj,10,True,Костюм «Пересмешник»,armor/combined,Сталкер,Комбинированные,RANK_STALKER,PERSONAL_ON_USE,9.0,100.0,100.0,121.412865,,1.0,,,,,,,10.0,,40.0,,,78.0,68.0,60.0,60.0,60.0,200.0,70.0,200.0,120.0,,,,,,,,,,,,,221.412865,101.0,0.5,stalzone-database/ru/items/armor/combined/_variants/qjogj/10.json
qjogj,qjogj,11,True,Костюм «Пересмешник»,armor/combined,Сталкер,Комбинированные,RANK_STALKER,PERSONAL_ON_USE,9.0,100.0,100.0,125.25817,,1.0,,,,,,,10.0,,40.0,,,78.0,68.0,60.0,60.0,60.0,200.0,70.0,200.0,120.0,,,,,,,,,,,,,225.25816999999998,101.0,0.5,stalzone-database/ru/items/armor/combined/_variants/qjogj/11.json
qjogj,qjogj,12,True,Костюм «Пересмешник»,armor/combined,Сталкер,Комбинированные,RANK_STALKER,PERSONAL_ON_USE,9.0,100.0,100.0,129.10347,,1.0,,,,,,,10.0,,40.0,,,78.0,68.0,60.0,60.0,60.0,200.0,70.0,200.0,120.0,,,,,,,,,,,,,229.10347,101.0,0.5,stalzone-database/ru/items/armor/combined/_variants/qjogj/12.json
qjogj,qjogj,13,True,Костюм «Пересмешник»,armor/combined,Сталкер,Комбинированные,RANK_STALKER,PERSONAL_ON_USE,9.0,100.0,100.0,132.94879,,1.0,,,,,,,10.0,,40.0,,,78.0,68.0,60.0,60.0,60.0,200.0,70.0,200.0,120.0,,,,,,,,,,,,,232.94879,101.0,0.5,stalzone-database/ru/items/armor/combined/_variants/qjogj/13.json
qjogj,qjogj,14,True,Костюм «Пересмешник»,armor/combined,Сталкер,Комбинированные,RANK_STALKER,PERSONAL_ON_USE,9.0,100.0,100.0,136.7941,,1.0,,,,,,,10.0,,40.0,,,78.0,68.0,60.0,60.0,60.0,200.0,70.0,200.0,120.0,,,,,,,,,,,,,236.7941,101.0,0.5,stalzone-database/ru/items/armor/combined/_variants/qjogj/14.json
qjogj,qjogj,15,True,Костюм «Пересмешник»,armor/combined,Сталкер,Комбинированные,RANK_STALKER,PERSONAL_ON_USE,9.0,100.0,100.0,148.33,,1.0,,,,,,,10.0,,40.0,,,78.0,68.0,60.0,60.0,60.0,200.0,70.0,200.0,120.0,,,,,,,,,,,,,248.33,101.0,0.5,stalzone-database/ru/items/armor/combined/_variants/qjogj/15.json
qjomk,qjomk,0,False,Тяжелый бронекостюм «Идущий в метели»,armor/combat,Ветеран,Боевые,RANK_VETERAN,PERSONAL_ON_USE,18.0,100.0,100.0,194.0,,-2.0,,-10.0,,,,,30.0,,45.0,,,195.0,161.0,80.0,80.0,80.0,230.0,120.0,230.0,210.0,,,,,,,,,,,,,294.0,98.0,0.5,stalzone-database/ru/items/armor/combat/qjomk.json
qjomk,qjomk,1,True,Тяжелый бронекостюм «Идущий в метели»,armor/combat,Ветеран,Боевые,RANK_VETERAN,PERSONAL_ON_USE,18.0,100.0,100.0,196.69115,,-2.0,,-10.0,,,,,30.0,,45.0,,,195.0,161.0,80.0,80.0,80.0,230.0,120.0,230.0,210.0,,,,,,,,,,,,,296.69115,98.0,0.5,stalzone-database/ru/items/armor/combat/_variants/qjomk/1.json
qjomk,qjomk,2,True,Тяжелый бронекостюм «Идущий в метели»,armor/combat,Ветеран,Боевые,RANK_VETERAN,PERSONAL_ON_USE,18.0,100.0,100.0,199.38232,,-2.0,,-10.0,,,,,30.0,,45.0,,,195.0,161.0,80.0,80.0,80.0,230.0,120.0,230.0,210.0,,,,,,,,,,,,,299.38232,98.0,0.5,stalzone-database/ru/items/armor/combat/_variants/qjomk/2.json
qjomk,qjomk,3,True,Тяжелый бронекостюм «Идущий в метели»,armor/combat,Ветеран,Боевые,RANK_VETERAN,PERSONAL_ON_USE,18.0,100.0,100.0,202.07347,,-2.0,,-10.0,,,,,30.0,,45.0,,,195.0,161.0,80.0,80.0,80.0,230.0,120.0,230.0,210.0,,,,,,,,,,,,,302.07347,98.0,0.5,stalzone-database/ru/items/armor/combat/_variants/qjomk/3.json
qjomk,qjomk,4,True,Тяжелый бронекостюм «Идущий в метели»,armor/combat,Ветеран,Боевые,RANK_VETERAN,PERSONAL_ON_USE,18.0,100.0,100.0,204.76462,,-2.0,,-10.0,,,,,30.0,,45.0,,,195.0,161.0,80.0,80.0,80.0,230.0,120.0,230.0,210.0,,,,,,,,,,,,,304.76462000000004,98.0,0.5,stalzone-database/ru/items/armor/combat/_variants/qjomk/4.json
qjomk,qjomk,5,True,Тяжелый бронекостюм «Идущий в метели»,armor/combat,Ветеран,Боевые,RANK_VETERAN,PERSONAL_ON_USE,18.0,100.0,100.0,212.8381,,-2.0,,-10.0,,,,,30.0,,45.0,,,195.0,161.0,80.0,80.0,80.0,230.0,120.0,230.0,210.0,,,,,,,,,,,,,312.8381,98.0,0.5,stalzone-database/ru/items/armor/combat/_variants/qjomk/5.json
qjomk,qjomk,6,True,Тяжелый бронекостюм «Идущий в метели»,armor/combat,Ветеран,Боевые,RANK_VETERAN,PERSONAL_ON_USE,18.0,100.0,100.0,216.87485,,-2.0,,-10.0,,,,,30.0,,45.0,,,195.0,161.0,80.0,80.0,80.0,230.0,120.0,230.0,210.0,,,,,,,,,,,,,316.87485000000004,98.0,0.5,stalzone-database/ru/items/armor/combat/_variants/qjomk/6.json
qjomk,qjomk,7,True,Тяжелый бронекостюм «Идущий в метели»,armor/combat,Ветеран,Боевые,RANK_VETERAN,PERSONAL_ON_USE,18.0,100.0,100.0,220.91159,,-2.0,,-10.0,,,,,30.0,,45.0,,,195.0,161.0,80.0,80.0,80.0,230.0,120.0,230.0,210.0,,,,,,,,,,,,,320.91159,98.0,0.5,stalzone-database/ru/items/armor/combat/_variants/qjomk/7.json
qjomk,qjomk,8,True,Тяжелый бронекостюм «Идущий в метели»,armor/combat,Ветеран,Боевые,RANK_VETERAN,PERSONAL_ON_USE,18.0,100.0,100.0,224.94832,,-2.0,,-10.0,,,,,30.0,,45.0,,,195.0,161.0,80.0,80.0,80.0,230.0,120.0,230.0,210.0,,,,,,,,,,,,,324.94831999999997,98.0,0.5,stalzone-database/ru/items/armor/combat/_variants/qjomk/8.json
qjomk,qjomk,9,True,Тяжелый бронекостюм «Идущий в метели»,armor/combat,Ветеран,Боевые,RANK_VETERAN,PERSONAL_ON_USE,18.0,100.0,100.0,228.98505,,-2.0,,-10.0,,,,,30.0,,45.0,,,195.0,161.0,80.0,80.0,80.0,230.0,120.0,230.0,210.0,,,,,,,,,,,,,328.98505,98.0,0.5,stalzone-database/ru/items/armor/combat/_variants/qjomk/9.json
qjomk,qjomk,10,True,Тяжелый бронекостюм «Идущий в метели»,armor/combat,Ветеран,Боевые,RANK_VETERAN,PERSONAL_ON_USE,18.0,100.0,100.0,240.82614,,-2.0,,-10.0,,,,,30.0,,45.0,,,195.0,161.0,80.0,80.0,80.0,230.0,120.0,230.0,210.0,,,,,,,,,,,,,340.82614,98.0,0.5,stalzone-database/ru/items/armor/combat/_variants/qjomk/10.json
qjomk,qjomk,11,True,Тяжелый бронекостюм «Идущий в метели»,armor/combat,Ветеран,Боевые,RANK_VETERAN,PERSONAL_ON_USE,18.0,100.0,100.0,246.74669,,-2.0,,-10.0,,,,,30.0,,45.0,,,195.0,161.0,80.0,80.0,80.0,230.0,120.0,230.0,210.0,,,,,,,,,,,,,346.74669,98.0,0.5,stalzone-database/ru/items/armor/combat/_variants/qjomk/11.json
qjomk,qjomk,12,True,Тяжелый бронекостюм «Идущий в метели»,armor/combat,Ветеран,Боевые,RANK_VETERAN,PERSONAL_ON_USE,18.0,100.0,100.0,252.66724,,-2.0,,-10.0,,,,,30.0,,45.0,,,195.0,161.0,80.0,80.0,80.0,230.0,120.0,230.0,210.0,,,,,,,,,,,,,352.66724,98.0,0.5,stalzone-database/ru/items/armor/combat/_variants/qjomk/12.json
qjomk,qjomk,13,True,Тяжелый бронекостюм «Идущий в метели»,armor/combat,Ветеран,Боевые,RANK_VETERAN,PERSONAL_ON_USE,18.0,100.0,100.0,258.5878,,-2.0,,-10.0,,,,,30.0,,45.0,,,195.0,161.0,80.0,80.0,80.0,230.0,120.0,230.0,210.0,,,,,,,,,,,,,358.5878,98.0,0.5,stalzone-database/ru/items/armor/combat/_variants/qjomk/13.json
qjomk,qjomk,14,True,Тяжелый бронекостюм «Идущий в метели»,armor/combat,Ветеран,Боевые,RANK_VETERAN,PERSONAL_ON_USE,18.0,100.0,100.0,264.50836,,-2.0,,-10.0,,,,,30.0,,45.0,,,195.0,161.0,80.0,80.0,80.0,230.0,120.0,230.0,210.0,,,,,,,,,,,,,364.50836,98.0,0.5,stalzone-database/ru/items/armor/combat/_variants/qjomk/14.json
qjomk,qjomk,15,True,Тяжелый бронекостюм «Идущий в метели»,armor/combat,Ветеран,Боевые,RANK_VETERAN,PERSONAL_ON_USE,18.0,100.0,100.0,282.27002,,-2.0,,-10.0,,,,,30.0,,45.0,,,195.0,161.0,80.0,80.0,80.0,230.0,120.0,230.0,210.0,,,,,,,,,,,,,382.27002,98.0,0.5,stalzone-database/ru/items/armor/combat/_variants/qjomk/15.json
qjoz3,qjoz3,0,False,Экзоброня «Медведь»,armor/combat,Ветеран,Боевые,RANK_VETERAN,PERSONAL_ON_USE,35.0,100.0,100.0,197.0,,-8.0,,-20.0,,,,,14.0,,55.0,,,170.0,296.0,40.0,40.0,40.0,200.0,100.0,200.0,160.0,,35.0,,,,,,,,,,,297.0,92.0,0.5,stalzone-database/ru/items/armor/combat/qjoz3.json
qjoz3,qjoz3,1,True,Экзоброня «Медведь»,armor/combat,Ветеран,Боевые,RANK_VETERAN,PERSONAL_ON_USE,35.0,100.0,100.0,199.72076,,-8.0,,-20.0,,,,,14.0,,55.0,,,170.0,296.0,40.0,40.0,40.0,200.0,100.0,200.0,160.0,,35.0,,,,,,,,,,,299.72076000000004,92.0,0.5,stalzone-database/ru/items/armor/combat/_variants/qjoz3/1.json
qjoz3,qjoz3,2,True,Экзоброня «Медведь»,armor/combat,Ветеран,Боевые,RANK_VETERAN,PERSONAL_ON_USE,35.0,100.0,100.0,202.44153,,-8.0,,-20.0,,,,,14.0,,55.0,,,170.0,296.0,40.0,40.0,40.0,200.0,100.0,200.0,160.0,,35.0,,,,,,,,,,,302.44153,92.0,0.5,stalzone-database/ru/items/armor/combat/_variants/qjoz3/2.json
qjoz3,qjoz3,3,True,Экзоброня «Медведь»,armor/combat,Ветеран,Боевые,RANK_VETERAN,PERSONAL_ON_USE,35.0,100.0,100.0,205.1623,,-8.0,,-20.0,,,,,14.0,,55.0,,,170.0,296.0,40.0,40.0,40.0,200.0,100.0,200.0,160.0,,35.0,,,,,,,,,,,305.16229999999996,92.0,0.5,stalzone-database/ru/items/armor/combat/_variants/qjoz3/3.json
qjoz3,qjoz3,4,True,Экзоброня «Медведь»,armor/combat,Ветеран,Боевые,RANK_VETERAN,PERSONAL_ON_USE,35.0,100.0,100.0,207.88304,,-8.0,,-20.0,,,,,14.0,,55.0,,,170.0,296.0,40.0,40.0,40.0,200.0,100.0,200.0,160.0,,35.0,,,,,,,,,,,307.88304,92.0,0.5,stalzone-database/ru/items/armor/combat/_variants/qjoz3/4.json
qjoz3,qjoz3,5,True,Экзоброня «Медведь»,armor/combat,Ветеран,Боевые,RANK_VETERAN,PERSONAL_ON_USE,35.0,100.0,100.0,216.04533,,-8.0,,-20.0,,,,,14.0,,55.0,,,170.0,296.0,40.0,40.0,40.0,200.0,100.0,200.0,160.0,,35.0,,,,,,,,,,,316.04533000000004,92.0,0.5,stalzone-database/ru/items/armor/combat/_variants/qjoz3/5.json
qjoz3,qjoz3,6,True,Экзоброня «Медведь»,armor/combat,Ветеран,Боевые,RANK_VETERAN,PERSONAL_ON_USE,35.0,100.0,100.0,220.12646,,-8.0,,-20.0,,,,,14.0,,55.0,,,170.0,296.0,40.0,40.0,40.0,200.0,100.0,200.0,160.0,,35.0,,,,,,,,,,,320.12646,92.0,0.5,stalzone-database/ru/items/armor/combat/_variants/qjoz3/6.json
qjoz3,qjoz3,7,True,Экзоброня «Медведь»,armor/combat,Ветеран,Боевые,RANK_VETERAN,PERSONAL_ON_USE,35.0,100.0,100.0,224.20761,,-8.0,,-20.0,,,,,14.0,,55.0,,,170.0,296.0,40.0,40.0,40.0,200.0,100.0,200.0,160.0,,35.0,,,,,,,,,,,324.20761,92.0,0.5,stalzone-database/ru/items/armor/combat/_variants/qjoz3/7.json
qjoz3,qjoz3,8,True,Экзоброня «Медведь»,armor/combat,Ветеран,Боевые,RANK_VETERAN,PERSONAL_ON_USE,35.0,100.0,100.0,228.28877,,-8.0,,-20.0,,,,,14.0,,55.0,,,170.0,296.0,40.0,40.0,40.0,200.0,100.0,200.0,160.0,,35.0,,,,,,,,,,,328.28877,92.0,0.5,stalzone-database/ru/items/armor/combat/_variants/qjoz3/8.json
qjoz3,qjoz3,9,True,Экзоброня «Медведь»,armor/combat,Ветеран,Боевые,RANK_VETERAN,PERSONAL_ON_USE,35.0,100.0,100.0,232.3699,,-8.0,,-20.0,,,,,14.0,,55.0,,,170.0,296.0,40.0,40.0,40.0,200.0,100.0,200.0,160.0,,35.0,,,,,,,,,,,332.36990000000003,92.0,0.5,stalzone-database/ru/items/armor/combat/_variants/qjoz3/9.json
qjoz3,qjoz3,10,True,Экзоброня «Медведь»,armor/combat,Ветеран,Боевые,RANK_VETERAN,PERSONAL_ON_USE,35.0,100.0,100.0,244.34125,,-8.0,,-20.0,,,,,14.0,,55.0,,,170.0,296.0,40.0,40.0,40.0,200.0,100.0,200.0,160.0,,35.0,,,,,,,,,,,344.34125,92.0,0.5,stalzone-database/ru/items/armor/combat/_variants/qjoz3/10.json
qjoz3,qjoz3,11,True,Экзоброня «Медведь»,armor/combat,Ветеран,Боевые,RANK_VETERAN,PERSONAL_ON_USE,35.0,100.0,100.0,250.32693,,-8.0,,-20.0,,,,,14.0,,55.0,,,170.0,296.0,40.0,40.0,40.0,200.0,100.0,200.0,160.0,,35.0,,,,,,,,,,,350.32693,92.0,0.5,stalzone-database/ru/items/armor/combat/_variants/qjoz3/11.json
qjoz3,qjoz3,12,True,Экзоброня «Медведь»,armor/combat,Ветеран,Боевые,RANK_VETERAN,PERSONAL_ON_USE,35.0,100.0,100.0,256.31262,,-8.0,,-20.0,,,,,14.0,,55.0,,,170.0,296.0,40.0,40.0,40.0,200.0,100.0,200.0,160.0,,35.0,,,,,,,,,,,356.3126199999999,92.0,0.5,stalzone-database/ru/items/armor/combat/_variants/qjoz3/12.json
qjoz3,qjoz3,13,True,Экзоброня «Медведь»,armor/combat,Ветеран,Боевые,RANK_VETERAN,PERSONAL_ON_USE,35.0,100.0,100.0,262.2983,,-8.0,,-20.0,,,,,14.0,,55.0,,,170.0,296.0,40.0,40.0,40.0,200.0,100.0,200.0,160.0,,35.0,,,,,,,,,,,362.29830000000004,92.0,0.5,stalzone-database/ru/items/armor/combat/_variants/qjoz3/13.json
qjoz3,qjoz3,14,True,Экзоброня «Медведь»,armor/combat,Ветеран,Боевые,RANK_VETERAN,PERSONAL_ON_USE,35.0,100.0,100.0,268.284,,-8.0,,-20.0,,,,,14.0,,55.0,,,170.0,296.0,40.0,40.0,40.0,200.0,100.0,200.0,160.0,,35.0,,,,,,,,,,,368.284,92.0,0.5,stalzone-database/ru/items/armor/combat/_variants/qjoz3/14.json
qjoz3,qjoz3,15,True,Экзоброня «Медведь»,armor/combat,Ветеран,Боевые,RANK_VETERAN,PERSONAL_ON_USE,35.0,100.0,100.0,286.241,,-8.0,,-20.0,,,,,14.0,,55.0,,,170.0,296.0,40.0,40.0,40.0,200.0,100.0,200.0,160.0,,35.0,,,,,,,,,,,386.241,92.0,0.5,stalzone-database/ru/items/armor/combat/_variants/qjoz3/15.json
rwg9l,rwg9l,0,False,Штурмовой ПНВ,armor/device,Отмычка,Устройства,DEFAULT,PERSONAL_ON_USE,2.0,,,,,,,,,,,,,,,,,,,,,,,,,,,,,,,,,,,,,,100.0,100.0,0.5,stalzone-database/ru/items/armor/device/rwg9l.json
rwgl5,rwgl5,0,False,КИМ-100 «Гранат»,armor/scientist,Сталкер,Научные,RANK_STALKER,PERSONAL_ON_USE,6.0,100.0,100.0,58.0,,,,,,,5.0,,6.0,-1.0,30.0,,,29.0,23.0,600.0,600.0,600.0,300.0,300.0,300.0,200.0,,,,,,,,,,,,,158.0,100.0,5.5,stalzone-database/ru/items/armor/scientist/rwgl5.json
rwgl5,rwgl5,1,True,КИМ-100 «Гранат»,armor/scientist,Сталкер,Научные,RANK_STALKER,PERSONAL_ON_USE,6.0,100.0,100.0,59.446465,,,,,,,5.0,,6.0,-1.0,30.0,,,29.0,23.0,600.0,600.0,600.0,300.0,300.0,300.0,200.0,,,,,,,,,,,,,159.446465,100.0,5.5,stalzone-database/ru/items/armor/scientist/_variants/rwgl5/1.json
rwgl5,rwgl5,2,True,КИМ-100 «Гранат»,armor/scientist,Сталкер,Научные,RANK_STALKER,PERSONAL_ON_USE,6.0,100.0,100.0,60.892925,,,,,,,5.0,,6.0,-1.0,30.0,,,29.0,23.0,600.0,600.0,600.0,300.0,300.0,300.0,200.0,,,,,,,,,,,,,160.892925,100.0,5.5,stalzone-database/ru/items/armor/scientist/_variants/rwgl5/2.json
rwgl5,rwgl5,3,True,КИМ-100 «Гранат»,armor/scientist,Сталкер,Научные,RANK_STALKER,PERSONAL_ON_USE,6.0,100.0,100.0,62.33939,,,,,,,5.0,,6.0,-1.0,30.0,,,29.0,23.0,600.0,600.0,600.0,300.0,300.0,300.0,200.0,,,,,,,,,,,,,162.33939,100.0,5.5,stalzone-database/ru/items/armor/scientist/_variants/rwgl5/3.json
rwgl5,rwgl5,4,True,КИМ-100 «Гранат»,armor/scientist,Сталкер,Научные,RANK_STALKER,PERSONAL_ON_USE,6.0,100.0,100.0,63.785854,,,,,,,5.0,,6.0,-1.0,30.0,,,29.0,23.0,600.0,600.0,600.0,300.0,300.0,300.0,200.0,,,,,,,,,,,,,163.785854,100.0,5.5,stalzone-database/ru/items/armor/scientist/_variants/rwgl5/4.json
rwgl5,rwgl5,5,True,КИМ-100 «Гранат»,armor/scientist,Сталкер,Научные,RANK_STALKER,PERSONAL_ON_USE,6.0,100.0,100.0,68.125244,,,,,,,5.0,,6.0,-1.0,30.0,,,29.0,23.0,600.0,600.0,600.0,300.0,300.0,300.0,200.0,,,,,,,,,,,,,168.125244,100.0,5.5,stalzone-database/ru/items/armor/scientist/_variants/rwgl5/5.json
rwgl5,rwgl5,6,True,КИМ-100 «Гранат»,armor/scientist,Сталкер,Научные,RANK_STALKER,PERSONAL_ON_USE,6.0,100.0,100.0,70.29494,,,,,,,5.0,,6.0,-1.0,30.0,,,29.0,23.0,600.0,600.0,600.0,300.0,300.0,300.0,200.0,,,,,,,,,,,,,170.29494,100.0,5.5,stalzone-database/ru/items/armor/scientist/_variants/rwgl5/6.json
rwgl5,rwgl5,7,True,КИМ-100 «Гранат»,armor/scientist,Сталкер,Научные,RANK_STALKER,PERSONAL_ON_USE,6.0,100.0,100.0,72.46464,,,,,,,5.0,,6.0,-1.0,30.0,,,29.0,23.0,600.0,600.0,600.0,300.0,300.0,300.0,200.0,,,,,,,,,,,,,172.46464,100.0,5.5,stalzone-database/ru/items/armor/scientist/_variants/rwgl5/7.json
rwgl5,rwgl5,8,True,КИМ-100 «Гранат»,armor/scientist,Сталкер,Научные,RANK_STALKER,PERSONAL_ON_USE,6.0,100.0,100.0,74.63432,,,,,,,5.0,,6.0,-1.0,30.0,,,29.0,23.0,600.0,600.0,600.0,300.0,300.0,300.0,200.0,,,,,,,,,,,,,174.63432,100.0,5.5,stalzone-database/ru/items/armor/scientist/_variants/rwgl5/8.json
rwgl5,rwgl5,9,True,КИМ-100 «Гранат»,armor/scientist,Сталкер,Научные,RANK_STALKER,PERSONAL_ON_USE,6.0,100.0,100.0,76.80402,,,,,,,5.0,,6.0,-1.0,30.0,,,29.0,23.0,600.0,600.0,600.0,300.0,300.0,300.0,200.0,,,,,,,,,,,,,176.80401999999998,100.0,5.5,stalzone-database/ru/items/armor/scientist/_variants/rwgl5/9.json
rwgl5,rwgl5,10,True,КИМ-100 «Гранат»,armor/scientist,Сталкер,Научные,RANK_STALKER,PERSONAL_ON_USE,6.0,100.0,100.0,83.16846,,,,,,,5.0,,6.0,-1.0,30.0,,,29.0,23.0,600.0,600.0,600.0,300.0,300.0,300.0,200.0,,,,,,,,,,,,,183.16845999999998,100.0,5.5,stalzone-database/ru/items/armor/scientist/_variants/rwgl5/10.json
rwgl5,rwgl5,11,True,КИМ-100 «Гранат»,armor/scientist,Сталкер,Научные,RANK_STALKER,PERSONAL_ON_USE,6.0,100.0,100.0,86.35068,,,,,,,5.0,,6.0,-1.0,30.0,,,29.0,23.0,600.0,600.0,600.0,300.0,300.0,300.0,200.0,,,,,,,,,,,,,186.35067999999998,100.0,5.5,stalzone-database/ru/items/armor/scientist/_variants/rwgl5/11.json
rwgl5,rwgl5,12,True,КИМ-100 «Гранат»,armor/scientist,Сталкер,Научные,RANK_STALKER,PERSONAL_ON_USE,6.0,100.0,100.0,89.5329,,,,,,,5.0,,6.0,-1.0,30.0,,,29.0,23.0,600.0,600.0,600.0,300.0,300.0,300.0,200.0,,,,,,,,,,,,,189.53289999999998,100.0,5.5,stalzone-database/ru/items/armor/scientist/_variants/rwgl5/12.json
rwgl5,rwgl5,13,True,КИМ-100 «Гранат»,armor/scientist,Сталкер,Научные,RANK_STALKER,PERSONAL_ON_USE,6.0,100.0,100.0,92.715126,,,,,,,5.0,,6.0,-1.0,30.0,,,29.0,23.0,600.0,600.0,600.0,300.0,300.0,300.0,200.0,,,,,,,,,,,,,192.71512599999997,100.0,5.5,stalzone-database/ru/items/armor/scientist/_variants/rwgl5/13.json
rwgl5,rwgl5,14,True,КИМ-100 «Гранат»,armor/scientist,Сталкер,Научные,RANK_STALKER,PERSONAL_ON_USE,6.0,100.0,100.0,95.89735,,,,,,,5.0,,6.0,-1.0,30.0,,,29.0,23.0,600.0,600.0,600.0,300.0,300.0,300.0,200.0,,,,,,,,,,,,,195.89735000000002,100.0,5.5,stalzone-database/ru/items/armor/scientist/_variants/rwgl5/14.json
rwgl5,rwgl5,15,True,КИМ-100 «Гранат»,armor/scientist,Сталкер,Научные,RANK_STALKER,PERSONAL_ON_USE,6.0,100.0,100.0,105.44401,,,,,,,5.0,,6.0,-1.0,30.0,,,29.0,23.0,600.0,600.0,600.0,300.0,300.0,300.0,200.0,,,,,,,,,,,,,205.44401,100.0,5.5,stalzone-database/ru/items/armor/scientist/_variants/rwgl5/15.json
rwgmg,rwgmg,0,False,Экзоброня «Гончий»,armor/combined,Мастер,Комбинированные,RANK_MASTER,PERSONAL_ON_USE,24.0,100.0,100.0,173.0,,12.0,,,,,,,18.0,-0.5,40.0,,,113.0,108.0,150.0,150.0,150.0,300.0,200.0,300.0,300.0,,,,,,,,,,,,,273.0,112.0,0.5,stalzone-database/ru/items/armor/combined/rwgmg.json
rwgmg,rwgmg,1,True,Экзоброня «Гончий»,armor/combined,Мастер,Комбинированные,RANK_MASTER,PERSONAL_ON_USE,24.0,100.0,100.0,175.50008,,12.0,,,,,,,18.0,-0.5,40.0,,,113.0,108.0,150.0,150.0,150.0,300.0,200.0,300.0,300.0,,,,,,,,,,,,,275.50008,112.0,0.5,stalzone-database/ru/items/armor/combined/_variants/rwgmg/1.json
rwgmg,rwgmg,2,True,Экзоброня «Гончий»,armor/combined,Мастер,Комбинированные,RANK_MASTER,PERSONAL_ON_USE,24.0,100.0,100.0,178.00012,,12.0,,,,,,,18.0,-0.5,40.0,,,113.0,108.0,150.0,150.0,150.0,300.0,200.0,300.0,300.0,,,,,,,,,,,,,278.00012000000004,112.0,0.5,stalzone-database/ru/items/armor/combined/_variants/rwgmg/2.json
rwgmg,rwgmg,3,True,Экзоброня «Гончий»,armor/combined,Мастер,Комбинированные,RANK_MASTER,PERSONAL_ON_USE,24.0,100.0,100.0,180.50018,,12.0,,,,,,,18.0,-0.5,40.0,,,113.0,108.0,150.0,150.0,150.0,300.0,200.0,300.0,300.0,,,,,,,,,,,,,280.50018,112.0,0.5,stalzone-database/ru/items/armor/combined/_variants/rwgmg/3.json
rwgmg,rwgmg,4,True,Экзоброня «Гончий»,armor/combined,Мастер,Комбинированные,RANK_MASTER,PERSONAL_ON_USE,24.0,100.0,100.0,183.00023,,12.0,,,,,,,18.0,-0.5,40.0,,,113.0,108.0,150.0,150.0,150.0,300.0,200.0,300.0,300.0,,,,,,,,,,,,,283.00023,112.0,0.5,stalzone-database/ru/items/armor/combined/_variants/rwgmg/4.json
rwgmg,rwgmg,5,True,Экзоброня «Гончий»,armor/combined,Мастер,Комбинированные,RANK_MASTER,PERSONAL_ON_USE,24.0,100.0,100.0,190.50043,,12.0,,,,,,,18.0,-0.5,40.0,,,113.0,108.0,150.0,150.0,150.0,300.0,200.0,300.0,300.0,,,,,,,,,,,,,290.50043,112.0,0.5,stalzone-database/ru/items/armor/combined/_variants/rwgmg/5.json
rwgmg,rwgmg,6,True,Экзоброня «Гончий»,armor/combined,Мастер,Комбинированные,RANK_MASTER,PERSONAL_ON_USE,24.0,100.0,100.0,194.25052,,12.0,,,,,,,18.0,-0.5,40.0,,,113.0,108.0,150.0,150.0,150.0,300.0,200.0,300.0,300.0,,,,,,,,,,,,,294.25052,112.0,0.5,stalzone-database/ru/items/armor/combined/_variants/rwgmg/6.json
rwgmg,rwgmg,7,True,Экзоброня «Гончий»,armor/combined,Мастер,Комбинированные,RANK_MASTER,PERSONAL_ON_USE,24.0,100.0,100.0,198.00061,,12.0,,,,,,,18.0,-0.5,40.0,,,113.0,108.0,150.0,150.0,150.0,300.0,200.0,300.0,300.0,,,,,,,,,,,,,298.00061,112.0,0.5,stalzone-database/ru/items/armor/combined/_variants/rwgmg/7.json
rwgmg,rwgmg,8,True,Экзоброня «Гончий»,armor/combined,Мастер,Комбинированные,RANK_MASTER,PERSONAL_ON_USE,24.0,100.0,100.0,201.75069,,12.0,,,,,,,18.0,-0.5,40.0,,,113.0,108.0,150.0,150.0,150.0,300.0,200.0,300.0,300.0,,,,,,,,,,,,,301.75068999999996,112.0,0.5,stalzone-database/ru/items/armor/combined/_variants/rwgmg/8.json
rwgmg,rwgmg,9,True,Экзоброня «Гончий»,armor/combined,Мастер,Комбинированные,RANK_MASTER,PERSONAL_ON_USE,24.0,100.0,100.0,205.5008,,12.0,,,,,,,18.0,-0.5,40.0,,,113.0,108.0,150.0,150.0,150.0,300.0,200.0,300.0,300.0,,,,,,,,,,,,,305.5008,112.0,0.5,stalzone-database/ru/items/armor/combined/_variants/rwgmg/9.json
rwgmg,rwgmg,10,True,Экзоброня «Гончий»,armor/combined,Мастер,Комбинированные,RANK_MASTER,PERSONAL_ON_USE,24.0,100.0,100.0,216.50107,,12.0,,,,,,,18.0,-0.5,40.0,,,113.0,108.0,150.0,150.0,150.0,300.0,200.0,300.0,300.0,,,,,,,,,,,,,316.50107,112.0,0.5,stalzone-database/ru/items/armor/combined/_variants/rwgmg/10.json
rwgmg,rwgmg,11,True,Экзоброня «Гончий»,armor/combined,Мастер,Комбинированные,RANK_MASTER,PERSONAL_ON_USE,24.0,100.0,100.0,222.00119,,12.0,,,,,,,18.0,-0.5,40.0,,,113.0,108.0,150.0,150.0,150.0,300.0,200.0,300.0,300.0,,,,,,,,,,,,,322.00119,112.0,0.5,stalzone-database/ru/items/armor/combined/_variants/rwgmg/11.json
rwgmg,rwgmg,12,True,Экзоброня «Гончий»,armor/combined,Мастер,Комбинированные,RANK_MASTER,PERSONAL_ON_USE,24.0,100.0,100.0,227.50133,,12.0,,,,,,,18.0,-0.5,40.0,,,113.0,108.0,150.0,150.0,150.0,300.0,200.0,300.0,300.0,,,,,,,,,,,,,327.50133,112.0,0.5,stalzone-database/ru/items/armor/combined/_variants/rwgmg/12.json
rwgmg,rwgmg,13,True,Экзоброня «Гончий»,armor/combined,Мастер,Комбинированные,RANK_MASTER,PERSONAL_ON_USE,24.0,100.0,100.0,233.00146,,12.0,,,,,,,18.0,-0.5,40.0,,,113.0,108.0,150.0,150.0,150.0,300.0,200.0,300.0,300.0,,,,,,,,,,,,,333.00146,112.0,0.5,stalzone-database/ru/items/armor/combined/_variants/rwgmg/13.json
rwgmg,rwgmg,14,True,Экзоброня «Гончий»,armor/combined,Мастер,Комбинированные,RANK_MASTER,PERSONAL_ON_USE,24.0,100.0,100.0,238.5016,,12.0,,,,,,,18.0,-0.5,40.0,,,113.0,108.0,150.0,150.0,150.0,300.0,200.0,300.0,300.0,,,,,,,,,,,,,338.50159999999994,112.0,0.5,stalzone-database/ru/items/armor/combined/_variants/rwgmg/14.json
rwgmg,rwgmg,15,True,Экзоброня «Гончий»,armor/combined,Мастер,Комбинированные,RANK_MASTER,PERSONAL_ON_USE,24.0,100.0,100.0,255.002,,12.0,,,,,,,18.0,-0.5,40.0,,,113.0,108.0,150.0,150.0,150.0,300.0,200.0,300.0,300.0,,,,,,,,,,,,,355.00200000000007,112.0,0.5,stalzone-database/ru/items/armor/combined/_variants/rwgmg/15.json
rwn2v,rwn2v,0,False,Костюм «Грибник»,armor/combined,Новичок,Комбинированные,RANK_NEWBIE,PERSONAL_ON_USE,4.3,100.0,100.0,54.0,,1.0,,,,,,,10.0,,40.0,,,54.0,44.0,30.0,30.0,30.0,140.0,40.0,100.0,70.0,,,,,,,,,,,,,154.0,101.0,0.5,stalzone-database/ru/items/armor/combined/rwn2v.json
rwn2v,rwn2v,1,True,Костюм «Грибник»,armor/combined,Новичок,Комбинированные,RANK_NEWBIE,PERSONAL_ON_USE,4.3,100.0,100.0,55.409267,,1.0,,,,,,,10.0,,40.0,,,54.0,44.0,30.0,30.0,30.0,140.0,40.0,100.0,70.0,,,,,,,,,,,,,155.409267,101.0,0.5,stalzone-database/ru/items/armor/combined/_variants/rwn2v/1.json
rwn2v,rwn2v,2,True,Костюм «Грибник»,armor/combined,Новичок,Комбинированные,RANK_NEWBIE,PERSONAL_ON_USE,4.3,100.0,100.0,56.818535,,1.0,,,,,,,10.0,,40.0,,,54.0,44.0,30.0,30.0,30.0,140.0,40.0,100.0,70.0,,,,,,,,,,,,,156.818535,101.0,0.5,stalzone-database/ru/items/armor/combined/_variants/rwn2v/2.json
rwn2v,rwn2v,3,True,Костюм «Грибник»,armor/combined,Новичок,Комбинированные,RANK_NEWBIE,PERSONAL_ON_USE,4.3,100.0,100.0,58.227806,,1.0,,,,,,,10.0,,40.0,,,54.0,44.0,30.0,30.0,30.0,140.0,40.0,100.0,70.0,,,,,,,,,,,,,158.227806,101.0,0.5,stalzone-database/ru/items/armor/combined/_variants/rwn2v/3.json
rwn2v,rwn2v,4,True,Костюм «Грибник»,armor/combined,Новичок,Комбинированные,RANK_NEWBIE,PERSONAL_ON_USE,4.3,100.0,100.0,59.637074,,1.0,,,,,,,10.0,,40.0,,,54.0,44.0,30.0,30.0,30.0,140.0,40.0,100.0,70.0,,,,,,,,,,,,,159.63707399999998,101.0,0.5,stalzone-database/ru/items/armor/combined/_variants/rwn2v/4.json
rwn2v,rwn2v,5,True,Костюм «Грибник»,armor/combined,Новичок,Комбинированные,RANK_NEWBIE,PERSONAL_ON_USE,4.3,100.0,100.0,63.864876,,1.0,,,,,,,10.0,,40.0,,,54.0,44.0,30.0,30.0,30.0,140.0,40.0,100.0,70.0,,,,,,,,,,,,,163.864876,101.0,0.5,stalzone-database/ru/items/armor/combined/_variants/rwn2v/5.json
rwn2v,rwn2v,6,True,Костюм «Грибник»,armor/combined,Новичок,Комбинированные,RANK_NEWBIE,PERSONAL_ON_USE,4.3,100.0,100.0,65.978775,,1.0,,,,,,,10.0,,40.0,,,54.0,44.0,30.0,30.0,30.0,140.0,40.0,100.0,70.0,,,,,,,,,,,,,165.97877499999998,101.0,0.5,stalzone-database/ru/items/armor/combined/_variants/rwn2v/6.json
rwn2v,rwn2v,7,True,Костюм «Грибник»,armor/combined,Новичок,Комбинированные,RANK_NEWBIE,PERSONAL_ON_USE,4.3,100.0,100.0,68.09268,,1.0,,,,,,,10.0,,40.0,,,54.0,44.0,30.0,30.0,30.0,140.0,40.0,100.0,70.0,,,,,,,,,,,,,168.09268,101.0,0.5,stalzone-database/ru/items/armor/combined/_variants/rwn2v/7.json
rwn2v,rwn2v,8,True,Костюм «Грибник»,armor/combined,Новичок,Комбинированные,RANK_NEWBIE,PERSONAL_ON_USE,4.3,100.0,100.0,70.20658,,1.0,,,,,,,10.0,,40.0,,,54.0,44.0,30.0,30.0,30.0,140.0,40.0,100.0,70.0,,,,,,,,,,,,,170.20658,101.0,0.5,stalzone-database/ru/items/armor/combined/_variants/rwn2v/8.json
rwn2v,rwn2v,9,True,Костюм «Грибник»,armor/combined,Новичок,Комбинированные,RANK_NEWBIE,PERSONAL_ON_USE,4.3,100.0,100.0,72.32048,,1.0,,,,,,,10.0,,40.0,,,54.0,44.0,30.0,30.0,30.0,140.0,40.0,100.0,70.0,,,,,,,,,,,,,172.32047999999998,101.0,0.5,stalzone-database/ru/items/armor/combined/_variants/rwn2v/9.json
rwn2v,rwn2v,10,True,Костюм «Грибник»,armor/combined,Новичок,Комбинированные,RANK_NEWBIE,PERSONAL_ON_USE,4.3,100.0,100.0,78.52126,,1.0,,,,,,,10.0,,40.0,,,54.0,44.0,30.0,30.0,30.0,140.0,40.0,100.0,70.0,,,,,,,,,,,,,178.52125999999996,101.0,0.5,stalzone-database/ru/items/armor/combined/_variants/rwn2v/10.json
rwn2v,rwn2v,11,True,Костюм «Грибник»,armor/combined,Новичок,Комбинированные,RANK_NEWBIE,PERSONAL_ON_USE,4.3,100.0,100.0,81.62166,,1.0,,,,,,,10.0,,40.0,,,54.0,44.0,30.0,30.0,30.0,140.0,40.0,100.0,70.0,,,,,,,,,,,,,181.62166000000002,101.0,0.5,stalzone-database/ru/items/armor/combined/_variants/rwn2v/11.json
rwn2v,rwn2v,12,True,Костюм «Грибник»,armor/combined,Новичок,Комбинированные,RANK_NEWBIE,PERSONAL_ON_USE,4.3,100.0,100.0,84.722046,,1.0,,,,,,,10.0,,40.0,,,54.0,44.0,30.0,30.0,30.0,140.0,40.0,100.0,70.0,,,,,,,,,,,,,184.722046,101.0,0.5,stalzone-database/ru/items/armor/combined/_variants/rwn2v/12.json
rwn2v,rwn2v,13,True,Костюм «Грибник»,armor/combined,Новичок,Комбинированные,RANK_NEWBIE,PERSONAL_ON_USE,4.3,100.0,100.0,87.82244,,1.0,,,,,,,10.0,,40.0,,,54.0,44.0,30.0,30.0,30.0,140.0,40.0,100.0,70.0,,,,,,,,,,,,,187.82244,101.0,0.5,stalzone-database/ru/items/armor/combined/_variants/rwn2v/13.json
rwn2v,rwn2v,14,True,Костюм «Грибник»,armor/combined,Новичок,Комбинированные,RANK_NEWBIE,PERSONAL_ON_USE,4.3,100.0,100.0,90.92283,,1.0,,,,,,,10.0,,40.0,,,54.0,44.0,30.0,30.0,30.0,140.0,40.0,100.0,70.0,,,,,,,,,,,,,190.92283,101.0,0.5,stalzone-database/ru/items/armor/combined/_variants/rwn2v/14.json
rwn2v,rwn2v,15,True,Костюм «Грибник»,armor/combined,Новичок,Комбинированные,RANK_NEWBIE,PERSONAL_ON_USE,4.3,100.0,100.0,100.224,,1.0,,,,,,,10.0,,40.0,,,54.0,44.0,30.0,30.0,30.0,140.0,40.0,100.0,70.0,,,,,,,,,,,,,200.224,101.0,0.5,stalzone-database/ru/items/armor/combined/_variants/rwn2v/15.json
rwnrv,rwnrv,0,False,Костюм «Горка-3»,armor/combined,Отмычка,Комбинированные,DEFAULT,PERSONAL_ON_USE,1.0,100.0,100.0,19.0,,1.0,,,,,,,1.0,,25.0,,,40.0,35.0,5.0,5.0,5.0,10.0,5.0,10.0,0.0,,,,,,,,,,,,,119.0,101.0,0.5,stalzone-database/ru/items/armor/combined/rwnrv.json
rwnrv,rwnrv,1,True,Костюм «Горка-3»,armor/combined,Отмычка,Комбинированные,DEFAULT,PERSONAL_ON_USE,1.0,100.0,100.0,20.088446,,1.0,,,,,,,1.0,,25.0,,,40.0,35.0,5.0,5.0,5.0,10.0,5.0,10.0,0.0,,,,,,,,,,,,,120.088446,101.0,0.5,stalzone-database/ru/items/armor/combined/_variants/rwnrv/1.json
rwnrv,rwnrv,2,True,Костюм «Горка-3»,armor/combined,Отмычка,Комбинированные,DEFAULT,PERSONAL_ON_USE,1.0,100.0,100.0,21.17689,,1.0,,,,,,,1.0,,25.0,,,40.0,35.0,5.0,5.0,5.0,10.0,5.0,10.0,0.0,,,,,,,,,,,,,121.17689,101.0,0.5,stalzone-database/ru/items/armor/combined/_variants/rwnrv/2.json
rwnrv,rwnrv,3,True,Костюм «Горка-3»,armor/combined,Отмычка,Комбинированные,DEFAULT,PERSONAL_ON_USE,1.0,100.0,100.0,22.265335,,1.0,,,,,,,1.0,,25.0,,,40.0,35.0,5.0,5.0,5.0,10.0,5.0,10.0,0.0,,,,,,,,,,,,,122.265335,101.0,0.5,stalzone-database/ru/items/armor/combined/_variants/rwnrv/3.json
rwnrv,rwnrv,4,True,Костюм «Горка-3»,armor/combined,Отмычка,Комбинированные,DEFAULT,PERSONAL_ON_USE,1.0,100.0,100.0,23.353779,,1.0,,,,,,,1.0,,25.0,,,40.0,35.0,5.0,5.0,5.0,10.0,5.0,10.0,0.0,,,,,,,,,,,,,123.35377899999999,101.0,0.5,stalzone-database/ru/items/armor/combined/_variants/rwnrv/4.json
rwnrv,rwnrv,5,True,Костюм «Горка-3»,armor/combined,Отмычка,Комбинированные,DEFAULT,PERSONAL_ON_USE,1.0,100.0,100.0,26.619114,,1.0,,,,,,,1.0,,25.0,,,40.0,35.0,5.0,5.0,5.0,10.0,5.0,10.0,0.0,,,,,,,,,,,,,126.619114,101.0,0.5,stalzone-database/ru/items/armor/combined/_variants/rwnrv/5.json
rwnrv,rwnrv,6,True,Костюм «Горка-3»,armor/combined,Отмычка,Комбинированные,DEFAULT,PERSONAL_ON_USE,1.0,100.0,100.0,28.251781,,1.0,,,,,,,1.0,,25.0,,,40.0,35.0,5.0,5.0,5.0,10.0,5.0,10.0,0.0,,,,,,,,,,,,,128.251781,101.0,0.5,stalzone-database/ru/items/armor/combined/_variants/rwnrv/6.json
rwnrv,rwnrv,7,True,Костюм «Горка-3»,armor/combined,Отмычка,Комбинированные,DEFAULT,PERSONAL_ON_USE,1.0,100.0,100.0,29.884449,,1.0,,,,,,,1.0,,25.0,,,40.0,35.0,5.0,5.0,5.0,10.0,5.0,10.0,0.0,,,,,,,,,,,,,129.884449,101.0,0.5,stalzone-database/ru/items/armor/combined/_variants/rwnrv/7.json
rwnrv,rwnrv,8,True,Костюм «Горка-3»,armor/combined,Отмычка,Комбинированные,DEFAULT,PERSONAL_ON_USE,1.0,100.0,100.0,31.517117,,1.0,,,,,,,1.0,,25.0,,,40.0,35.0,5.0,5.0,5.0,10.0,5.0,10.0,0.0,,,,,,,,,,,,,131.51711699999998,101.0,0.5,stalzone-database/ru/items/armor/combined/_variants/rwnrv/8.json
rwnrv,rwnrv,9,True,Костюм «Горка-3»,armor/combined,Отмычка,Комбинированные,DEFAULT,PERSONAL_ON_USE,1.0,100.0,100.0,33.149784,,1.0,,,,,,,1.0,,25.0,,,40.0,35.0,5.0,5.0,5.0,10.0,5.0,10.0,0.0,,,,,,,,,,,,,133.149784,101.0,0.5,stalzone-database/ru/items/armor/combined/_variants/rwnrv/9.json
rwnrv,rwnrv,10,True,Костюм «Горка-3»,armor/combined,Отмычка,Комбинированные,DEFAULT,PERSONAL_ON_USE,1.0,100.0,100.0,37.938942,,1.0,,,,,,,1.0,,25.0,,,40.0,35.0,5.0,5.0,5.0,10.0,5.0,10.0,0.0,,,,,,,,,,,,,137.938942,101.0,0.5,stalzone-database/ru/items/armor/combined/_variants/rwnrv/10.json
rwnrv,rwnrv,11,True,Костюм «Горка-3»,armor/combined,Отмычка,Комбинированные,DEFAULT,PERSONAL_ON_USE,1.0,100.0,100.0,38.0,,1.0,,,,,,,1.0,,25.0,,,40.0,35.0,5.0,5.0,5.0,10.0,5.0,10.0,0.0,,,,,,,,,,,,,138.0,101.0,0.5,stalzone-database/ru/items/armor/combined/_variants/rwnrv/11.json
rwnrv,rwnrv,12,True,Костюм «Горка-3»,armor/combined,Отмычка,Комбинированные,DEFAULT,PERSONAL_ON_USE,1.0,100.0,100.0,38.0,,1.0,,,,,,,1.0,,25.0,,,40.0,35.0,5.0,5.0,5.0,10.0,5.0,10.0,0.0,,,,,,,,,,,,,138.0,101.0,0.5,stalzone-database/ru/items/armor/combined/_variants/rwnrv/12.json
rwnrv,rwnrv,13,True,Костюм «Горка-3»,armor/combined,Отмычка,Комбинированные,DEFAULT,PERSONAL_ON_USE,1.0,100.0,100.0,38.0,,1.0,,,,,,,1.0,,25.0,,,40.0,35.0,5.0,5.0,5.0,10.0,5.0,10.0,0.0,,,,,,,,,,,,,138.0,101.0,0.5,stalzone-database/ru/items/armor/combined/_variants/rwnrv/13.json
rwnrv,rwnrv,14,True,Костюм «Горка-3»,armor/combined,Отмычка,Комбинированные,DEFAULT,PERSONAL_ON_USE,1.0,100.0,100.0,38.0,,1.0,,,,,,,1.0,,25.0,,,40.0,35.0,5.0,5.0,5.0,10.0,5.0,10.0,0.0,,,,,,,,,,,,,138.0,101.0,0.5,stalzone-database/ru/items/armor/combined/_variants/rwnrv/14.json
rwnrv,rwnrv,15,True,Костюм «Горка-3»,armor/combined,Отмычка,Комбинированные,DEFAULT,PERSONAL_ON_USE,1.0,100.0,100.0,38.0,,1.0,,,,,,,1.0,,25.0,,,40.0,35.0,5.0,5.0,5.0,10.0,5.0,10.0,0.0,,,,,,,,,,,,,138.0,101.0,0.5,stalzone-database/ru/items/armor/combined/_variants/rwnrv/15.json
rwnzv,rwnzv,0,False,КИМ-105 «Топаз»,armor/scientist,Сталкер,Научные,RANK_STALKER,PERSONAL_ON_USE,7.3,100.0,100.0,88.0,,,,,,,,,9.0,,30.0,,,51.0,60.0,650.0,1000.0,650.0,320.0,400.0,320.0,250.0,,,,,,,,,,,,,188.0,100.0,0.5,stalzone-database/ru/items/armor/scientist/rwnzv.json
rwnzv,rwnzv,1,True,КИМ-105 «Топаз»,armor/scientist,Сталкер,Научные,RANK_STALKER,PERSONAL_ON_USE,7.3,100.0,100.0,89.71976,,,,,,,,,9.0,,30.0,,,51.0,60.0,650.0,1000.0,650.0,320.0,400.0,320.0,250.0,,,,,,,,,,,,,189.71976000000004,100.0,0.5,stalzone-database/ru/items/armor/scientist/_variants/rwnzv/1.json
rwnzv,rwnzv,2,True,КИМ-105 «Топаз»,armor/scientist,Сталкер,Научные,RANK_STALKER,PERSONAL_ON_USE,7.3,100.0,100.0,91.439514,,,,,,,,,9.0,,30.0,,,51.0,60.0,650.0,1000.0,650.0,320.0,400.0,320.0,250.0,,,,,,,,,,,,,191.43951400000003,100.0,0.5,stalzone-database/ru/items/armor/scientist/_variants/rwnzv/2.json
rwnzv,rwnzv,3,True,КИМ-105 «Топаз»,armor/scientist,Сталкер,Научные,RANK_STALKER,PERSONAL_ON_USE,7.3,100.0,100.0,93.15927,,,,,,,,,9.0,,30.0,,,51.0,60.0,650.0,1000.0,650.0,320.0,400.0,320.0,250.0,,,,,,,,,,,,,193.15927,100.0,0.5,stalzone-database/ru/items/armor/scientist/_variants/rwnzv/3.json
rwnzv,rwnzv,4,True,КИМ-105 «Топаз»,armor/scientist,Сталкер,Научные,RANK_STALKER,PERSONAL_ON_USE,7.3,100.0,100.0,94.87903,,,,,,,,,9.0,,30.0,,,51.0,60.0,650.0,1000.0,650.0,320.0,400.0,320.0,250.0,,,,,,,,,,,,,194.87902999999997,100.0,0.5,stalzone-database/ru/items/armor/scientist/_variants/rwnzv/4.json
rwnzv,rwnzv,5,True,КИМ-105 «Топаз»,armor/scientist,Сталкер,Научные,RANK_STALKER,PERSONAL_ON_USE,7.3,100.0,100.0,100.03829,,,,,,,,,9.0,,30.0,,,51.0,60.0,650.0,1000.0,650.0,320.0,400.0,320.0,250.0,,,,,,,,,,,,,200.03829000000002,100.0,0.5,stalzone-database/ru/items/armor/scientist/_variants/rwnzv/5.json
rwnzv,rwnzv,6,True,КИМ-105 «Топаз»,armor/scientist,Сталкер,Научные,RANK_STALKER,PERSONAL_ON_USE,7.3,100.0,100.0,102.61793,,,,,,,,,9.0,,30.0,,,51.0,60.0,650.0,1000.0,650.0,320.0,400.0,320.0,250.0,,,,,,,,,,,,,202.61793,100.0,0.5,stalzone-database/ru/items/armor/scientist/_variants/rwnzv/6.json
rwnzv,rwnzv,7,True,КИМ-105 «Топаз»,armor/scientist,Сталкер,Научные,RANK_STALKER,PERSONAL_ON_USE,7.3,100.0,100.0,105.19756,,,,,,,,,9.0,,30.0,,,51.0,60.0,650.0,1000.0,650.0,320.0,400.0,320.0,250.0,,,,,,,,,,,,,205.19756,100.0,0.5,stalzone-database/ru/items/armor/scientist/_variants/rwnzv/7.json
rwnzv,rwnzv,8,True,КИМ-105 «Топаз»,armor/scientist,Сталкер,Научные,RANK_STALKER,PERSONAL_ON_USE,7.3,100.0,100.0,107.7772,,,,,,,,,9.0,,30.0,,,51.0,60.0,650.0,1000.0,650.0,320.0,400.0,320.0,250.0,,,,,,,,,,,,,207.77720000000002,100.0,0.5,stalzone-database/ru/items/armor/scientist/_variants/rwnzv/8.json
rwnzv,rwnzv,9,True,КИМ-105 «Топаз»,armor/scientist,Сталкер,Научные,RANK_STALKER,PERSONAL_ON_USE,7.3,100.0,100.0,110.35682,,,,,,,,,9.0,,30.0,,,51.0,60.0,650.0,1000.0,650.0,320.0,400.0,320.0,250.0,,,,,,,,,,,,,210.35682,100.0,0.5,stalzone-database/ru/items/armor/scientist/_variants/rwnzv/9.json
rwnzv,rwnzv,10,True,КИМ-105 «Топаз»,armor/scientist,Сталкер,Научные,RANK_STALKER,PERSONAL_ON_USE,7.3,100.0,100.0,117.92375,,,,,,,,,9.0,,30.0,,,51.0,60.0,650.0,1000.0,650.0,320.0,400.0,320.0,250.0,,,,,,,,,,,,,217.92375,100.0,0.5,stalzone-database/ru/items/armor/scientist/_variants/rwnzv/10.json
rwnzv,rwnzv,11,True,КИМ-105 «Топаз»,armor/scientist,Сталкер,Научные,RANK_STALKER,PERSONAL_ON_USE,7.3,100.0,100.0,121.707214,,,,,,,,,9.0,,30.0,,,51.0,60.0,650.0,1000.0,650.0,320.0,400.0,320.0,250.0,,,,,,,,,,,,,221.707214,100.0,0.5,stalzone-database/ru/items/armor/scientist/_variants/rwnzv/11.json
rwnzv,rwnzv,12,True,КИМ-105 «Топаз»,armor/scientist,Сталкер,Научные,RANK_STALKER,PERSONAL_ON_USE,7.3,100.0,100.0,125.49068,,,,,,,,,9.0,,30.0,,,51.0,60.0,650.0,1000.0,650.0,320.0,400.0,320.0,250.0,,,,,,,,,,,,,225.49068,100.0,0.5,stalzone-database/ru/items/armor/scientist/_variants/rwnzv/12.json
rwnzv,rwnzv,13,True,КИМ-105 «Топаз»,armor/scientist,Сталкер,Научные,RANK_STALKER,PERSONAL_ON_USE,7.3,100.0,100.0,129.27415,,,,,,,,,9.0,,30.0,,,51.0,60.0,650.0,1000.0,650.0,320.0,400.0,320.0,250.0,,,,,,,,,,,,,229.27415000000002,100.0,0.5,stalzone-database/ru/items/armor/scientist/_variants/rwnzv/13.json
rwnzv,rwnzv,14,True,КИМ-105 «Топаз»,armor/scientist,Сталкер,Научные,RANK_STALKER,PERSONAL_ON_USE,7.3,100.0,100.0,133.0576,,,,,,,,,9.0,,30.0,,,51.0,60.0,650.0,1000.0,650.0,320.0,400.0,320.0,250.0,,,,,,,,,,,,,233.0576,100.0,0.5,stalzone-database/ru/items/armor/scientist/_variants/rwnzv/14.json
rwnzv,rwnzv,15,True,КИМ-105 «Топаз»,armor/scientist,Сталкер,Научные,RANK_STALKER,PERSONAL_ON_USE,7.3,100.0,100.0,144.408,,,,,,,,,9.0,,30.0,,,51.0,60.0,650.0,1000.0,650.0,320.0,400.0,320.0,250.0,,,,,,,,,,,,,244.408,100.0,0.5,stalzone-database/ru/items/armor/scientist/_variants/rwnzv/15.json
vj12r,vj12r,0,False,Бронекостюм «Червь»,armor/combat,Новичок,Боевые,RANK_NEWBIE,PERSONAL_ON_USE,9.0,100.0,100.0,68.0,,,,,,,,,4.0,,50.0,,,72.0,80.0,10.0,10.0,10.0,20.0,0.0,20.0,0.0,,,,,,,,,,,,,168.0,100.0,0.5,stalzone-database/ru/items/armor/combat/vj12r.json
vj12r,vj12r,1,True,Бронекостюм «Червь»,armor/combat,Новичок,Боевые,RANK_NEWBIE,PERSONAL_ON_USE,9.0,100.0,100.0,69.53829,,,,,,,,,4.0,,50.0,,,72.0,80.0,10.0,10.0,10.0,20.0,0.0,20.0,0.0,,,,,,,,,,,,,169.53829000000002,100.0,0.5,stalzone-database/ru/items/armor/combat/_variants/vj12r/1.json
vj12r,vj12r,2,True,Бронекостюм «Червь»,armor/combat,Новичок,Боевые,RANK_NEWBIE,PERSONAL_ON_USE,9.0,100.0,100.0,71.076584,,,,,,,,,4.0,,50.0,,,72.0,80.0,10.0,10.0,10.0,20.0,0.0,20.0,0.0,,,,,,,,,,,,,171.076584,100.0,0.5,stalzone-database/ru/items/armor/combat/_variants/vj12r/2.json
vj12r,vj12r,3,True,Бронекостюм «Червь»,armor/combat,Новичок,Боевые,RANK_NEWBIE,PERSONAL_ON_USE,9.0,100.0,100.0,72.614876,,,,,,,,,4.0,,50.0,,,72.0,80.0,10.0,10.0,10.0,20.0,0.0,20.0,0.0,,,,,,,,,,,,,172.61487599999998,100.0,0.5,stalzone-database/ru/items/armor/combat/_variants/vj12r/3.json
vj12r,vj12r,4,True,Бронекостюм «Червь»,armor/combat,Новичок,Боевые,RANK_NEWBIE,PERSONAL_ON_USE,9.0,100.0,100.0,74.153175,,,,,,,,,4.0,,50.0,,,72.0,80.0,10.0,10.0,10.0,20.0,0.0,20.0,0.0,,,,,,,,,,,,,174.153175,100.0,0.5,stalzone-database/ru/items/armor/combat/_variants/vj12r/4.json
vj12r,vj12r,5,True,Бронекостюм «Червь»,armor/combat,Новичок,Боевые,RANK_NEWBIE,PERSONAL_ON_USE,9.0,100.0,100.0,78.76804,,,,,,,,,4.0,,50.0,,,72.0,80.0,10.0,10.0,10.0,20.0,0.0,20.0,0.0,,,,,,,,,,,,,178.76804,100.0,0.5,stalzone-database/ru/items/armor/combat/_variants/vj12r/5.json
vj12r,vj12r,6,True,Бронекостюм «Червь»,armor/combat,Новичок,Боевые,RANK_NEWBIE,PERSONAL_ON_USE,9.0,100.0,100.0,81.075485,,,,,,,,,4.0,,50.0,,,72.0,80.0,10.0,10.0,10.0,20.0,0.0,20.0,0.0,,,,,,,,,,,,,181.07548500000001,100.0,0.5,stalzone-database/ru/items/armor/combat/_variants/vj12r/6.json
vj12r,vj12r,7,True,Бронекостюм «Червь»,armor/combat,Новичок,Боевые,RANK_NEWBIE,PERSONAL_ON_USE,9.0,100.0,100.0,83.38292,,,,,,,,,4.0,,50.0,,,72.0,80.0,10.0,10.0,10.0,20.0,0.0,20.0,0.0,,,,,,,,,,,,,183.38292,100.0,0.5,stalzone-database/ru/items/armor/combat/_variants/vj12r/7.json
vj12r,vj12r,8,True,Бронекостюм «Червь»,armor/combat,Новичок,Боевые,RANK_NEWBIE,PERSONAL_ON_USE,9.0,100.0,100.0,85.69036,,,,,,,,,4.0,,50.0,,,72.0,80.0,10.0,10.0,10.0,20.0,0.0,20.0,0.0,,,,,,,,,,,,,185.69036,100.0,0.5,stalzone-database/ru/items/armor/combat/_variants/vj12r/8.json
vj12r,vj12r,9,True,Бронекостюм «Червь»,armor/combat,Новичок,Боевые,RANK_NEWBIE,PERSONAL_ON_USE,9.0,100.0,100.0,87.997795,,,,,,,,,4.0,,50.0,,,72.0,80.0,10.0,10.0,10.0,20.0,0.0,20.0,0.0,,,,,,,,,,,,,187.997795,100.0,0.5,stalzone-database/ru/items/armor/combat/_variants/vj12r/9.json
vj12r,vj12r,10,True,Бронекостюм «Червь»,armor/combat,Новичок,Боевые,RANK_NEWBIE,PERSONAL_ON_USE,9.0,100.0,100.0,94.76629,,,,,,,,,4.0,,50.0,,,72.0,80.0,10.0,10.0,10.0,20.0,0.0,20.0,0.0,,,,,,,,,,,,,194.76629,100.0,0.5,stalzone-database/ru/items/armor/combat/_variants/vj12r/10.json
vj12r,vj12r,11,True,Бронекостюм «Червь»,armor/combat,Новичок,Боевые,RANK_NEWBIE,PERSONAL_ON_USE,9.0,100.0,100.0,98.15053,,,,,,,,,4.0,,50.0,,,72.0,80.0,10.0,10.0,10.0,20.0,0.0,20.0,0.0,,,,,,,,,,,,,198.15053,100.0,0.5,stalzone-database/ru/items/armor/combat/_variants/vj12r/11.json
vj12r,vj12r,12,True,Бронекостюм «Червь»,armor/combat,Новичок,Боевые,RANK_NEWBIE,PERSONAL_ON_USE,9.0,100.0,100.0,101.534775,,,,,,,,,4.0,,50.0,,,72.0,80.0,10.0,10.0,10.0,20.0,0.0,20.0,0.0,,,,,,,,,,,,,201.534775,100.0,0.5,stalzone-database/ru/items/armor/combat/_variants/vj12r/12.json
vj12r,vj12r,13,True,Бронекостюм «Червь»,armor/combat,Новичок,Боевые,RANK_NEWBIE,PERSONAL_ON_USE,9.0,100.0,100.0,104.91902,,,,,,,,,4.0,,50.0,,,72.0,80.0,10.0,10.0,10.0,20.0,0.0,20.0,0.0,,,,,,,,,,,,,204.91902,100.0,0.5,stalzone-database/ru/items/armor/combat/_variants/vj12r/13.json
vj12r,vj12r,14,True,Бронекостюм «Червь»,armor/combat,Новичок,Боевые,RANK_NEWBIE,PERSONAL_ON_USE,9.0,100.0,100.0,108.30327,,,,,,,,,4.0,,50.0,,,72.0,80.0,10.0,10.0,10.0,20.0,0.0,20.0,0.0,,,,,,,,,,,,,208.30327,100.0,0.5,stalzone-database/ru/items/armor/combat/_variants/vj12r/14.json
vj12r,vj12r,15,True,Бронекостюм «Червь»,armor/combat,Новичок,Боевые,RANK_NEWBIE,PERSONAL_ON_USE,9.0,100.0,100.0,118.456,,,,,,,,,4.0,,50.0,,,72.0,80.0,10.0,10.0,10.0,20.0,0.0,20.0,0.0,,,,,,,,,,,,,218.45600000000002,100.0,0.5,stalzone-database/ru/items/armor/combat/_variants/vj12r/15.json
vj14r,vj14r,0,False,УКАЗ АО-5 «Пилигрим»,armor/combined,Ветеран,Комбинированные,RANK_VETERAN,PERSONAL_ON_USE,30.0,100.0,100.0,168.0,,-3.0,,,4.0,,2.0,,20.0,-0.5,40.0,,,120.0,112.0,255.0,255.0,255.0,300.0,200.0,300.0,260.0,,,,,,,,,,,,,268.0,97.0,2.5,stalzone-database/ru/items/armor/combined/vj14r.json
vj14r,vj14r,1,True,УКАЗ АО-5 «Пилигрим»,armor/combined,Ветеран,Комбинированные,RANK_VETERAN,PERSONAL_ON_USE,30.0,100.0,100.0,170.4534,,-3.0,,,4.0,,2.0,,20.0,-0.5,40.0,,,120.0,112.0,255.0,255.0,255.0,300.0,200.0,300.0,260.0,,,,,,,,,,,,,270.4534,97.0,2.5,stalzone-database/ru/items/armor/combined/_variants/vj14r/1.json
vj14r,vj14r,2,True,УКАЗ АО-5 «Пилигрим»,armor/combined,Ветеран,Комбинированные,RANK_VETERAN,PERSONAL_ON_USE,30.0,100.0,100.0,172.90683,,-3.0,,,4.0,,2.0,,20.0,-0.5,40.0,,,120.0,112.0,255.0,255.0,255.0,300.0,200.0,300.0,260.0,,,,,,,,,,,,,272.90683,97.0,2.5,stalzone-database/ru/items/armor/combined/_variants/vj14r/2.json
vj14r,vj14r,3,True,УКАЗ АО-5 «Пилигрим»,armor/combined,Ветеран,Комбинированные,RANK_VETERAN,PERSONAL_ON_USE,30.0,100.0,100.0,175.36024,,-3.0,,,4.0,,2.0,,20.0,-0.5,40.0,,,120.0,112.0,255.0,255.0,255.0,300.0,200.0,300.0,260.0,,,,,,,,,,,,,275.36024,97.0,2.5,stalzone-database/ru/items/armor/combined/_variants/vj14r/3.json
vj14r,vj14r,4,True,УКАЗ АО-5 «Пилигрим»,armor/combined,Ветеран,Комбинированные,RANK_VETERAN,PERSONAL_ON_USE,30.0,100.0,100.0,177.81364,,-3.0,,,4.0,,2.0,,20.0,-0.5,40.0,,,120.0,112.0,255.0,255.0,255.0,300.0,200.0,300.0,260.0,,,,,,,,,,,,,277.81363999999996,97.0,2.5,stalzone-database/ru/items/armor/combined/_variants/vj14r/4.json
vj14r,vj14r,5,True,УКАЗ АО-5 «Пилигрим»,armor/combined,Ветеран,Комбинированные,RANK_VETERAN,PERSONAL_ON_USE,30.0,100.0,100.0,185.17389,,-3.0,,,4.0,,2.0,,20.0,-0.5,40.0,,,120.0,112.0,255.0,255.0,255.0,300.0,200.0,300.0,260.0,,,,,,,,,,,,,285.17389000000003,97.0,2.5,stalzone-database/ru/items/armor/combined/_variants/vj14r/5.json
vj14r,vj14r,6,True,УКАЗ АО-5 «Пилигрим»,armor/combined,Ветеран,Комбинированные,RANK_VETERAN,PERSONAL_ON_USE,30.0,100.0,100.0,188.85402,,-3.0,,,4.0,,2.0,,20.0,-0.5,40.0,,,120.0,112.0,255.0,255.0,255.0,300.0,200.0,300.0,260.0,,,,,,,,,,,,,288.85402,97.0,2.5,stalzone-database/ru/items/armor/combined/_variants/vj14r/6.json
vj14r,vj14r,7,True,УКАЗ АО-5 «Пилигрим»,armor/combined,Ветеран,Комбинированные,RANK_VETERAN,PERSONAL_ON_USE,30.0,100.0,100.0,192.53415,,-3.0,,,4.0,,2.0,,20.0,-0.5,40.0,,,120.0,112.0,255.0,255.0,255.0,300.0,200.0,300.0,260.0,,,,,,,,,,,,,292.53415,97.0,2.5,stalzone-database/ru/items/armor/combined/_variants/vj14r/7.json
vj14r,vj14r,8,True,УКАЗ АО-5 «Пилигрим»,armor/combined,Ветеран,Комбинированные,RANK_VETERAN,PERSONAL_ON_USE,30.0,100.0,100.0,196.21426,,-3.0,,,4.0,,2.0,,20.0,-0.5,40.0,,,120.0,112.0,255.0,255.0,255.0,300.0,200.0,300.0,260.0,,,,,,,,,,,,,296.21425999999997,97.0,2.5,stalzone-database/ru/items/armor/combined/_variants/vj14r/8.json
vj14r,vj14r,9,True,УКАЗ АО-5 «Пилигрим»,armor/combined,Ветеран,Комбинированные,RANK_VETERAN,PERSONAL_ON_USE,30.0,100.0,100.0,199.8944,,-3.0,,,4.0,,2.0,,20.0,-0.5,40.0,,,120.0,112.0,255.0,255.0,255.0,300.0,200.0,300.0,260.0,,,,,,,,,,,,,299.8944,97.0,2.5,stalzone-database/ru/items/armor/combined/_variants/vj14r/9.json
vj14r,vj14r,10,True,УКАЗ АО-5 «Пилигрим»,armor/combined,Ветеран,Комбинированные,RANK_VETERAN,PERSONAL_ON_USE,30.0,100.0,100.0,210.68942,,-3.0,,,4.0,,2.0,,20.0,-0.5,40.0,,,120.0,112.0,255.0,255.0,255.0,300.0,200.0,300.0,260.0,,,,,,,,,,,,,310.68942000000004,97.0,2.5,stalzone-database/ru/items/armor/combined/_variants/vj14r/10.json
vj14r,vj14r,11,True,УКАЗ АО-5 «Пилигрим»,armor/combined,Ветеран,Комбинированные,RANK_VETERAN,PERSONAL_ON_USE,30.0,100.0,100.0,216.08693,,-3.0,,,4.0,,2.0,,20.0,-0.5,40.0,,,120.0,112.0,255.0,255.0,255.0,300.0,200.0,300.0,260.0,,,,,,,,,,,,,316.08693,97.0,2.5,stalzone-database/ru/items/armor/combined/_variants/vj14r/11.json
vj14r,vj14r,12,True,УКАЗ АО-5 «Пилигрим»,armor/combined,Ветеран,Комбинированные,RANK_VETERAN,PERSONAL_ON_USE,30.0,100.0,100.0,221.48444,,-3.0,,,4.0,,2.0,,20.0,-0.5,40.0,,,120.0,112.0,255.0,255.0,255.0,300.0,200.0,300.0,260.0,,,,,,,,,,,,,321.48444,97.0,2.5,stalzone-database/ru/items/armor/combined/_variants/vj14r/12.json
vj14r,vj14r,13,True,УКАЗ АО-5 «Пилигрим»,armor/combined,Ветеран,Комбинированные,RANK_VETERAN,PERSONAL_ON_USE,30.0,100.0,100.0,226.88196,,-3.0,,,4.0,,2.0,,20.0,-0.5,40.0,,,120.0,112.0,255.0,255.0,255.0,300.0,200.0,300.0,260.0,,,,,,,,,,,,,326.88196,97.0,2.5,stalzone-database/ru/items/armor/combined/_variants/vj14r/13.json
vj14r,vj14r,14,True,УКАЗ АО-5 «Пилигрим»,armor/combined,Ветеран,Комбинированные,RANK_VETERAN,PERSONAL_ON_USE,30.0,100.0,100.0,232.27948,,-3.0,,,4.0,,2.0,,20.0,-0.5,40.0,,,120.0,112.0,255.0,255.0,255.0,300.0,200.0,300.0,260.0,,,,,,,,,,,,,332.27948000000004,97.0,2.5,stalzone-database/ru/items/armor/combined/_variants/vj14r/14.json
vj14r,vj14r,15,True,УКАЗ АО-5 «Пилигрим»,armor/combined,Ветеран,Комбинированные,RANK_VETERAN,PERSONAL_ON_USE,30.0,100.0,100.0,248.472,,-3.0,,,4.0,,2.0,,20.0,-0.5,40.0,,,120.0,112.0,255.0,255.0,255.0,300.0,200.0,300.0,260.0,,,,,,,,,,,,,348.472,97.0,2.5,stalzone-database/ru/items/armor/combined/_variants/vj14r/15.json
vj1kp,vj1kp,0,False,Таинственный незнакомец,armor/combat,Сталкер,Боевые,RANK_STALKER,PERSONAL_ON_USE,6.0,100.0,100.0,64.0,,8.0,,25.0,5.0,2.5,,,9.0,-1.0,50.0,,,114.0,62.0,20.0,20.0,20.0,120.0,20.0,90.0,20.0,,5.0,,,,,,,,,,,164.0,108.0,1.0,stalzone-database/ru/items/armor/combat/vj1kp.json
vj1kp,vj1kp,1,True,Таинственный незнакомец,armor/combat,Сталкер,Боевые,RANK_STALKER,PERSONAL_ON_USE,6.0,100.0,100.0,65.50049,,8.0,,25.0,5.0,2.5,,,9.0,-1.0,50.0,,,114.0,62.0,20.0,20.0,20.0,120.0,20.0,90.0,20.0,,5.0,,,,,,,,,,,165.50049,108.0,1.0,stalzone-database/ru/items/armor/combat/_variants/vj1kp/1.json
vj1kp,vj1kp,2,True,Таинственный незнакомец,armor/combat,Сталкер,Боевые,RANK_STALKER,PERSONAL_ON_USE,6.0,100.0,100.0,67.00098,,8.0,,25.0,5.0,2.5,,,9.0,-1.0,50.0,,,114.0,62.0,20.0,20.0,20.0,120.0,20.0,90.0,20.0,,5.0,,,,,,,,,,,167.00097999999997,108.0,1.0,stalzone-database/ru/items/armor/combat/_variants/vj1kp/2.json
vj1kp,vj1kp,3,True,Таинственный незнакомец,armor/combat,Сталкер,Боевые,RANK_STALKER,PERSONAL_ON_USE,6.0,100.0,100.0,68.501465,,8.0,,25.0,5.0,2.5,,,9.0,-1.0,50.0,,,114.0,62.0,20.0,20.0,20.0,120.0,20.0,90.0,20.0,,5.0,,,,,,,,,,,168.501465,108.0,1.0,stalzone-database/ru/items/armor/combat/_variants/vj1kp/3.json
vj1kp,vj1kp,4,True,Таинственный незнакомец,armor/combat,Сталкер,Боевые,RANK_STALKER,PERSONAL_ON_USE,6.0,100.0,100.0,70.00195,,8.0,,25.0,5.0,2.5,,,9.0,-1.0,50.0,,,114.0,62.0,20.0,20.0,20.0,120.0,20.0,90.0,20.0,,5.0,,,,,,,,,,,170.00195,108.0,1.0,stalzone-database/ru/items/armor/combat/_variants/vj1kp/4.json
vj1kp,vj1kp,5,True,Таинственный незнакомец,armor/combat,Сталкер,Боевые,RANK_STALKER,PERSONAL_ON_USE,6.0,100.0,100.0,74.50341,,8.0,,25.0,5.0,2.5,,,9.0,-1.0,50.0,,,114.0,62.0,20.0,20.0,20.0,120.0,20.0,90.0,20.0,,5.0,,,,,,,,,,,174.50341,108.0,1.0,stalzone-database/ru/items/armor/combat/_variants/vj1kp/5.json
vj1kp,vj1kp,6,True,Таинственный незнакомец,armor/combat,Сталкер,Боевые,RANK_STALKER,PERSONAL_ON_USE,6.0,100.0,100.0,76.75414,,8.0,,25.0,5.0,2.5,,,9.0,-1.0,50.0,,,114.0,62.0,20.0,20.0,20.0,120.0,20.0,90.0,20.0,,5.0,,,,,,,,,,,176.75414,108.0,1.0,stalzone-database/ru/items/armor/combat/_variants/vj1kp/6.json
vj1kp,vj1kp,7,True,Таинственный незнакомец,armor/combat,Сталкер,Боевые,RANK_STALKER,PERSONAL_ON_USE,6.0,100.0,100.0,79.004875,,8.0,,25.0,5.0,2.5,,,9.0,-1.0,50.0,,,114.0,62.0,20.0,20.0,20.0,120.0,20.0,90.0,20.0,,5.0,,,,,,,,,,,179.004875,108.0,1.0,stalzone-database/ru/items/armor/combat/_variants/vj1kp/7.json
vj1kp,vj1kp,8,True,Таинственный незнакомец,armor/combat,Сталкер,Боевые,RANK_STALKER,PERSONAL_ON_USE,6.0,100.0,100.0,81.25561,,8.0,,25.0,5.0,2.5,,,9.0,-1.0,50.0,,,114.0,62.0,20.0,20.0,20.0,120.0,20.0,90.0,20.0,,5.0,,,,,,,,,,,181.25561,108.0,1.0,stalzone-database/ru/items/armor/combat/_variants/vj1kp/8.json
vj1kp,vj1kp,9,True,Таинственный незнакомец,armor/combat,Сталкер,Боевые,RANK_STALKER,PERSONAL_ON_USE,6.0,100.0,100.0,83.50634,,8.0,,25.0,5.0,2.5,,,9.0,-1.0,50.0,,,114.0,62.0,20.0,20.0,20.0,120.0,20.0,90.0,20.0,,5.0,,,,,,,,,,,183.50634,108.0,1.0,stalzone-database/ru/items/armor/combat/_variants/vj1kp/9.json
vj1kp,vj1kp,10,True,Таинственный незнакомец,armor/combat,Сталкер,Боевые,RANK_STALKER,PERSONAL_ON_USE,6.0,100.0,100.0,90.10848,,8.0,,25.0,5.0,2.5,,,9.0,-1.0,50.0,,,114.0,62.0,20.0,20.0,20.0,120.0,20.0,90.0,20.0,,5.0,,,,,,,,,,,190.10848,108.0,1.0,stalzone-database/ru/items/armor/combat/_variants/vj1kp/10.json
vj1kp,vj1kp,11,True,Таинственный незнакомец,armor/combat,Сталкер,Боевые,RANK_STALKER,PERSONAL_ON_USE,6.0,100.0,100.0,93.40956,,8.0,,25.0,5.0,2.5,,,9.0,-1.0,50.0,,,114.0,62.0,20.0,20.0,20.0,120.0,20.0,90.0,20.0,,5.0,,,,,,,,,,,193.40955999999997,108.0,1.0,stalzone-database/ru/items/armor/combat/_variants/vj1kp/11.json
vj1kp,vj1kp,12,True,Таинственный незнакомец,armor/combat,Сталкер,Боевые,RANK_STALKER,PERSONAL_ON_USE,6.0,100.0,100.0,96.71063,,8.0,,25.0,5.0,2.5,,,9.0,-1.0,50.0,,,114.0,62.0,20.0,20.0,20.0,120.0,20.0,90.0,20.0,,5.0,,,,,,,,,,,196.71062999999998,108.0,1.0,stalzone-database/ru/items/armor/combat/_variants/vj1kp/12.json
vj1kp,vj1kp,13,True,Таинственный незнакомец,armor/combat,Сталкер,Боевые,RANK_STALKER,PERSONAL_ON_USE,6.0,100.0,100.0,100.0117,,8.0,,25.0,5.0,2.5,,,9.0,-1.0,50.0,,,114.0,62.0,20.0,20.0,20.0,120.0,20.0,90.0,20.0,,5.0,,,,,,,,,,,200.01170000000002,108.0,1.0,stalzone-database/ru/items/armor/combat/_variants/vj1kp/13.json
vj1kp,vj1kp,14,True,Таинственный незнакомец,armor/combat,Сталкер,Боевые,RANK_STALKER,PERSONAL_ON_USE,6.0,100.0,100.0,103.31278,,8.0,,25.0,5.0,2.5,,,9.0,-1.0,50.0,,,114.0,62.0,20.0,20.0,20.0,120.0,20.0,90.0,20.0,,5.0,,,,,,,,,,,203.31278000000003,108.0,1.0,stalzone-database/ru/items/armor/combat/_variants/vj1kp/14.json
vj1kp,vj1kp,15,True,Таинственный незнакомец,armor/combat,Сталкер,Боевые,RANK_STALKER,PERSONAL_ON_USE,6.0,100.0,100.0,113.216,,8.0,,25.0,5.0,2.5,,,9.0,-1.0,50.0,,,114.0,62.0,20.0,20.0,20.0,120.0,20.0,90.0,20.0,,5.0,,,,,,,,,,,213.216,108.0,1.0,stalzone-database/ru/items/armor/combat/_variants/vj1kp/15.json
wj49p,wj49p,0,False,Экзоброня «Зверобой»,armor/combat,Мастер,Боевые,RANK_MASTER,PERSONAL_ON_USE,32.0,100.0,100.0,217.0,,,,25.0,,,,,50.0,,70.0,,,291.0,150.0,50.0,50.0,50.0,240.0,120.0,240.0,220.0,,40.0,,,,,,,,,,,317.0,100.0,0.5,stalzone-database/ru/items/armor/combat/wj49p.json
wj49p,wj49p,1,True,Экзоброня «Зверобой»,armor/combat,Мастер,Боевые,RANK_MASTER,PERSONAL_ON_USE,32.0,100.0,100.0,219.90436,,,,25.0,,,,,50.0,,70.0,,,291.0,150.0,50.0,50.0,50.0,240.0,120.0,240.0,220.0,,40.0,,,,,,,,,,,319.90436,100.0,0.5,stalzone-database/ru/items/armor/combat/_variants/wj49p/1.json
wj49p,wj49p,2,True,Экзоброня «Зверобой»,armor/combat,Мастер,Боевые,RANK_MASTER,PERSONAL_ON_USE,32.0,100.0,100.0,222.80873,,,,25.0,,,,,50.0,,70.0,,,291.0,150.0,50.0,50.0,50.0,240.0,120.0,240.0,220.0,,40.0,,,,,,,,,,,322.80872999999997,100.0,0.5,stalzone-database/ru/items/armor/combat/_variants/wj49p/2.json
wj49p,wj49p,3,True,Экзоброня «Зверобой»,armor/combat,Мастер,Боевые,RANK_MASTER,PERSONAL_ON_USE,32.0,100.0,100.0,225.71307,,,,25.0,,,,,50.0,,70.0,,,291.0,150.0,50.0,50.0,50.0,240.0,120.0,240.0,220.0,,40.0,,,,,,,,,,,325.71307,100.0,0.5,stalzone-database/ru/items/armor/combat/_variants/wj49p/3.json
wj49p,wj49p,4,True,Экзоброня «Зверобой»,armor/combat,Мастер,Боевые,RANK_MASTER,PERSONAL_ON_USE,32.0,100.0,100.0,228.61743,,,,25.0,,,,,50.0,,70.0,,,291.0,150.0,50.0,50.0,50.0,240.0,120.0,240.0,220.0,,40.0,,,,,,,,,,,328.61743,100.0,0.5,stalzone-database/ru/items/armor/combat/_variants/wj49p/4.json
wj49p,wj49p,5,True,Экзоброня «Зверобой»,armor/combat,Мастер,Боевые,RANK_MASTER,PERSONAL_ON_USE,32.0,100.0,100.0,237.3305,,,,25.0,,,,,50.0,,70.0,,,291.0,150.0,50.0,50.0,50.0,240.0,120.0,240.0,220.0,,40.0,,,,,,,,,,,337.33050000000003,100.0,0.5,stalzone-database/ru/items/armor/combat/_variants/wj49p/5.json
wj49p,wj49p,6,True,Экзоброня «Зверобой»,armor/combat,Мастер,Боевые,RANK_MASTER,PERSONAL_ON_USE,32.0,100.0,100.0,241.68706,,,,25.0,,,,,50.0,,70.0,,,291.0,150.0,50.0,50.0,50.0,240.0,120.0,240.0,220.0,,40.0,,,,,,,,,,,341.68706,100.0,0.5,stalzone-database/ru/items/armor/combat/_variants/wj49p/6.json
wj49p,wj49p,7,True,Экзоброня «Зверобой»,armor/combat,Мастер,Боевые,RANK_MASTER,PERSONAL_ON_USE,32.0,100.0,100.0,246.04361,,,,25.0,,,,,50.0,,70.0,,,291.0,150.0,50.0,50.0,50.0,240.0,120.0,240.0,220.0,,40.0,,,,,,,,,,,346.04360999999994,100.0,0.5,stalzone-database/ru/items/armor/combat/_variants/wj49p/7.json
wj49p,wj49p,8,True,Экзоброня «Зверобой»,armor/combat,Мастер,Боевые,RANK_MASTER,PERSONAL_ON_USE,32.0,100.0,100.0,250.40013,,,,25.0,,,,,50.0,,70.0,,,291.0,150.0,50.0,50.0,50.0,240.0,120.0,240.0,220.0,,40.0,,,,,,,,,,,350.40013,100.0,0.5,stalzone-database/ru/items/armor/combat/_variants/wj49p/8.json
wj49p,wj49p,9,True,Экзоброня «Зверобой»,armor/combat,Мастер,Боевые,RANK_MASTER,PERSONAL_ON_USE,32.0,100.0,100.0,254.75665,,,,25.0,,,,,50.0,,70.0,,,291.0,150.0,50.0,50.0,50.0,240.0,120.0,240.0,220.0,,40.0,,,,,,,,,,,354.75665000000004,100.0,0.5,stalzone-database/ru/items/armor/combat/_variants/wj49p/9.json
wj49p,wj49p,10,True,Экзоброня «Зверобой»,armor/combat,Мастер,Боевые,RANK_MASTER,PERSONAL_ON_USE,32.0,100.0,100.0,267.53586,,,,25.0,,,,,50.0,,70.0,,,291.0,150.0,50.0,50.0,50.0,240.0,120.0,240.0,220.0,,40.0,,,,,,,,,,,367.53586,100.0,0.5,stalzone-database/ru/items/armor/combat/_variants/wj49p/10.json
wj49p,wj49p,11,True,Экзоброня «Зверобой»,armor/combat,Мастер,Боевые,RANK_MASTER,PERSONAL_ON_USE,32.0,100.0,100.0,273.92545,,,,25.0,,,,,50.0,,70.0,,,291.0,150.0,50.0,50.0,50.0,240.0,120.0,240.0,220.0,,40.0,,,,,,,,,,,373.92544999999996,100.0,0.5,stalzone-database/ru/items/armor/combat/_variants/wj49p/11.json
wj49p,wj49p,12,True,Экзоброня «Зверобой»,armor/combat,Мастер,Боевые,RANK_MASTER,PERSONAL_ON_USE,32.0,100.0,100.0,280.31503,,,,25.0,,,,,50.0,,70.0,,,291.0,150.0,50.0,50.0,50.0,240.0,120.0,240.0,220.0,,40.0,,,,,,,,,,,380.31503,100.0,0.5,stalzone-database/ru/items/armor/combat/_variants/wj49p/12.json
wj49p,wj49p,13,True,Экзоброня «Зверобой»,armor/combat,Мастер,Боевые,RANK_MASTER,PERSONAL_ON_USE,32.0,100.0,100.0,286.70465,,,,25.0,,,,,50.0,,70.0,,,291.0,150.0,50.0,50.0,50.0,240.0,120.0,240.0,220.0,,40.0,,,,,,,,,,,386.70465,100.0,0.5,stalzone-database/ru/items/armor/combat/_variants/wj49p/13.json
wj49p,wj49p,14,True,Экзоброня «Зверобой»,armor/combat,Мастер,Боевые,RANK_MASTER,PERSONAL_ON_USE,32.0,100.0,100.0,293.0942,,,,25.0,,,,,50.0,,70.0,,,291.0,150.0,50.0,50.0,50.0,240.0,120.0,240.0,220.0,,40.0,,,,,,,,,,,393.0942,100.0,0.5,stalzone-database/ru/items/armor/combat/_variants/wj49p/14.json
wj49p,wj49p,15,True,Экзоброня «Зверобой»,armor/combat,Мастер,Боевые,RANK_MASTER,PERSONAL_ON_USE,32.0,100.0,100.0,312.263,,,,25.0,,,,,50.0,,70.0,,,291.0,150.0,50.0,50.0,50.0,240.0,120.0,240.0,220.0,,40.0,,,,,,,,,,,412.263,100.0,0.5,stalzone-database/ru/items/armor/combat/_variants/wj49p/15.json
wj4lp,wj4lp,0,False,Комбинезон «Пересвет»,armor/scientist,Мастер,Научные,RANK_MASTER,PERSONAL_ON_USE,17.0,100.0,100.0,209.0,,-5.0,,,,,,,13.0,,35.0,,,144.0,109.0,900.0,900.0,900.0,400.0,400.0,400.0,400.0,,,,,,,,,,,,,309.0,95.0,0.5,stalzone-database/ru/items/armor/scientist/wj4lp.json
wj4lp,wj4lp,1,True,Комбинезон «Пересвет»,armor/scientist,Мастер,Научные,RANK_MASTER,PERSONAL_ON_USE,17.0,100.0,100.0,211.82915,,-5.0,,,,,,,13.0,,35.0,,,144.0,109.0,900.0,900.0,900.0,400.0,400.0,400.0,400.0,,,,,,,,,,,,,311.82915,95.0,0.5,stalzone-database/ru/items/armor/scientist/_variants/wj4lp/1.json
wj4lp,wj4lp,2,True,Комбинезон «Пересвет»,armor/scientist,Мастер,Научные,RANK_MASTER,PERSONAL_ON_USE,17.0,100.0,100.0,214.6583,,-5.0,,,,,,,13.0,,35.0,,,144.0,109.0,900.0,900.0,900.0,400.0,400.0,400.0,400.0,,,,,,,,,,,,,314.6583,95.0,0.5,stalzone-database/ru/items/armor/scientist/_variants/wj4lp/2.json
wj4lp,wj4lp,3,True,Комбинезон «Пересвет»,armor/scientist,Мастер,Научные,RANK_MASTER,PERSONAL_ON_USE,17.0,100.0,100.0,217.48743,,-5.0,,,,,,,13.0,,35.0,,,144.0,109.0,900.0,900.0,900.0,400.0,400.0,400.0,400.0,,,,,,,,,,,,,317.48743,95.0,0.5,stalzone-database/ru/items/armor/scientist/_variants/wj4lp/3.json
wj4lp,wj4lp,4,True,Комбинезон «Пересвет»,armor/scientist,Мастер,Научные,RANK_MASTER,PERSONAL_ON_USE,17.0,100.0,100.0,220.31657,,-5.0,,,,,,,13.0,,35.0,,,144.0,109.0,900.0,900.0,900.0,400.0,400.0,400.0,400.0,,,,,,,,,,,,,320.31657,95.0,0.5,stalzone-database/ru/items/armor/scientist/_variants/wj4lp/4.json
wj4lp,wj4lp,5,True,Комбинезон «Пересвет»,armor/scientist,Мастер,Научные,RANK_MASTER,PERSONAL_ON_USE,17.0,100.0,100.0,228.80403,,-5.0,,,,,,,13.0,,35.0,,,144.0,109.0,900.0,900.0,900.0,400.0,400.0,400.0,400.0,,,,,,,,,,,,,328.80403,95.0,0.5,stalzone-database/ru/items/armor/scientist/_variants/wj4lp/5.json
wj4lp,wj4lp,6,True,Комбинезон «Пересвет»,armor/scientist,Мастер,Научные,RANK_MASTER,PERSONAL_ON_USE,17.0,100.0,100.0,233.04773,,-5.0,,,,,,,13.0,,35.0,,,144.0,109.0,900.0,900.0,900.0,400.0,400.0,400.0,400.0,,,,,,,,,,,,,333.04773,95.0,0.5,stalzone-database/ru/items/armor/scientist/_variants/wj4lp/6.json
wj4lp,wj4lp,7,True,Комбинезон «Пересвет»,armor/scientist,Мастер,Научные,RANK_MASTER,PERSONAL_ON_USE,17.0,100.0,100.0,237.29146,,-5.0,,,,,,,13.0,,35.0,,,144.0,109.0,900.0,900.0,900.0,400.0,400.0,400.0,400.0,,,,,,,,,,,,,337.29146000000003,95.0,0.5,stalzone-database/ru/items/armor/scientist/_variants/wj4lp/7.json
wj4lp,wj4lp,8,True,Комбинезон «Пересвет»,armor/scientist,Мастер,Научные,RANK_MASTER,PERSONAL_ON_USE,17.0,100.0,100.0,241.53519,,-5.0,,,,,,,13.0,,35.0,,,144.0,109.0,900.0,900.0,900.0,400.0,400.0,400.0,400.0,,,,,,,,,,,,,341.53519,95.0,0.5,stalzone-database/ru/items/armor/scientist/_variants/wj4lp/8.json
wj4lp,wj4lp,9,True,Комбинезон «Пересвет»,armor/scientist,Мастер,Научные,RANK_MASTER,PERSONAL_ON_USE,17.0,100.0,100.0,245.77888,,-5.0,,,,,,,13.0,,35.0,,,144.0,109.0,900.0,900.0,900.0,400.0,400.0,400.0,400.0,,,,,,,,,,,,,345.77888,95.0,0.5,stalzone-database/ru/items/armor/scientist/_variants/wj4lp/9.json
wj4lp,wj4lp,10,True,Комбинезон «Пересвет»,armor/scientist,Мастер,Научные,RANK_MASTER,PERSONAL_ON_USE,17.0,100.0,100.0,258.22714,,-5.0,,,,,,,13.0,,35.0,,,144.0,109.0,900.0,900.0,900.0,400.0,400.0,400.0,400.0,,,,,,,,,,,,,358.22714,95.0,0.5,stalzone-database/ru/items/armor/scientist/_variants/wj4lp/10.json
wj4lp,wj4lp,11,True,Комбинезон «Пересвет»,armor/scientist,Мастер,Научные,RANK_MASTER,PERSONAL_ON_USE,17.0,100.0,100.0,264.45126,,-5.0,,,,,,,13.0,,35.0,,,144.0,109.0,900.0,900.0,900.0,400.0,400.0,400.0,400.0,,,,,,,,,,,,,364.45126,95.0,0.5,stalzone-database/ru/items/armor/scientist/_variants/wj4lp/11.json
wj4lp,wj4lp,12,True,Комбинезон «Пересвет»,armor/scientist,Мастер,Научные,RANK_MASTER,PERSONAL_ON_USE,17.0,100.0,100.0,270.67538,,-5.0,,,,,,,13.0,,35.0,,,144.0,109.0,900.0,900.0,900.0,400.0,400.0,400.0,400.0,,,,,,,,,,,,,370.67538,95.0,0.5,stalzone-database/ru/items/armor/scientist/_variants/wj4lp/12.json
wj4lp,wj4lp,13,True,Комбинезон «Пересвет»,armor/scientist,Мастер,Научные,RANK_MASTER,PERSONAL_ON_USE,17.0,100.0,100.0,276.89954,,-5.0,,,,,,,13.0,,35.0,,,144.0,109.0,900.0,900.0,900.0,400.0,400.0,400.0,400.0,,,,,,,,,,,,,376.89954,95.0,0.5,stalzone-database/ru/items/armor/scientist/_variants/wj4lp/13.json
wj4lp,wj4lp,14,True,Комбинезон «Пересвет»,armor/scientist,Мастер,Научные,RANK_MASTER,PERSONAL_ON_USE,17.0,100.0,100.0,283.12366,,-5.0,,,,,,,13.0,,35.0,,,144.0,109.0,900.0,900.0,900.0,400.0,400.0,400.0,400.0,,,,,,,,,,,,,383.12366,95.0,0.5,stalzone-database/ru/items/armor/scientist/_variants/wj4lp/14.json
wj4lp,wj4lp,15,True,Комбинезон «Пересвет»,armor/scientist,Мастер,Научные,RANK_MASTER,PERSONAL_ON_USE,17.0,100.0,100.0,301.796,,-5.0,,,,,,,13.0,,35.0,,,144.0,109.0,900.0,900.0,900.0,400.0,400.0,400.0,400.0,,,,,,,,,,,,,401.796,95.0,0.5,stalzone-database/ru/items/armor/scientist/_variants/wj4lp/15.json
wj4no,wj4no,0,False,Бронескелет «Альбатрос-Штурмовик»,armor/combined,Легенда,Комбинированные,RANK_LEGEND,PERSONAL_ON_USE,37.0,100.0,100.0,239.0,,,,,,,,,30.0,-1.0,40.0,,,159.0,140.0,300.0,300.0,300.0,300.0,200.0,300.0,300.0,,,,,,,,,,,,,339.0,100.0,0.5,stalzone-database/ru/items/armor/combined/wj4no.json
wj4no,wj4no,1,True,Бронескелет «Альбатрос-Штурмовик»,armor/combined,Легенда,Комбинированные,RANK_LEGEND,PERSONAL_ON_USE,37.0,100.0,100.0,242.1041,,,,,,,,,30.0,-1.0,40.0,,,159.0,140.0,300.0,300.0,300.0,300.0,200.0,300.0,300.0,,,,,,,,,,,,,342.1041,100.0,0.5,stalzone-database/ru/items/armor/combined/_variants/wj4no/1.json
wj4no,wj4no,2,True,Бронескелет «Альбатрос-Штурмовик»,armor/combined,Легенда,Комбинированные,RANK_LEGEND,PERSONAL_ON_USE,37.0,100.0,100.0,245.20816,,,,,,,,,30.0,-1.0,40.0,,,159.0,140.0,300.0,300.0,300.0,300.0,200.0,300.0,300.0,,,,,,,,,,,,,345.20815999999996,100.0,0.5,stalzone-database/ru/items/armor/combined/_variants/wj4no/2.json
wj4no,wj4no,3,True,Бронескелет «Альбатрос-Штурмовик»,armor/combined,Легенда,Комбинированные,RANK_LEGEND,PERSONAL_ON_USE,37.0,100.0,100.0,248.31226,,,,,,,,,30.0,-1.0,40.0,,,159.0,140.0,300.0,300.0,300.0,300.0,200.0,300.0,300.0,,,,,,,,,,,,,348.31226000000004,100.0,0.5,stalzone-database/ru/items/armor/combined/_variants/wj4no/3.json
wj4no,wj4no,4,True,Бронескелет «Альбатрос-Штурмовик»,armor/combined,Легенда,Комбинированные,RANK_LEGEND,PERSONAL_ON_USE,37.0,100.0,100.0,251.41634,,,,,,,,,30.0,-1.0,40.0,,,159.0,140.0,300.0,300.0,300.0,300.0,200.0,300.0,300.0,,,,,,,,,,,,,351.41634,100.0,0.5,stalzone-database/ru/items/armor/combined/_variants/wj4no/4.json
wj4no,wj4no,5,True,Бронескелет «Альбатрос-Штурмовик»,armor/combined,Легенда,Комбинированные,RANK_LEGEND,PERSONAL_ON_USE,37.0,100.0,100.0,260.72858,,,,,,,,,30.0,-1.0,40.0,,,159.0,140.0,300.0,300.0,300.0,300.0,200.0,300.0,300.0,,,,,,,,,,,,,360.72858,100.0,0.5,stalzone-database/ru/items/armor/combined/_variants/wj4no/5.json
wj4no,wj4no,6,True,Бронескелет «Альбатрос-Штурмовик»,armor/combined,Легенда,Комбинированные,RANK_LEGEND,PERSONAL_ON_USE,37.0,100.0,100.0,265.3847,,,,,,,,,30.0,-1.0,40.0,,,159.0,140.0,300.0,300.0,300.0,300.0,200.0,300.0,300.0,,,,,,,,,,,,,365.3847,100.0,0.5,stalzone-database/ru/items/armor/combined/_variants/wj4no/6.json
wj4no,wj4no,7,True,Бронескелет «Альбатрос-Штурмовик»,armor/combined,Легенда,Комбинированные,RANK_LEGEND,PERSONAL_ON_USE,37.0,100.0,100.0,270.04086,,,,,,,,,30.0,-1.0,40.0,,,159.0,140.0,300.0,300.0,300.0,300.0,200.0,300.0,300.0,,,,,,,,,,,,,370.04086,100.0,0.5,stalzone-database/ru/items/armor/combined/_variants/wj4no/7.json
wj4no,wj4no,8,True,Бронескелет «Альбатрос-Штурмовик»,armor/combined,Легенда,Комбинированные,RANK_LEGEND,PERSONAL_ON_USE,37.0,100.0,100.0,274.69696,,,,,,,,,30.0,-1.0,40.0,,,159.0,140.0,300.0,300.0,300.0,300.0,200.0,300.0,300.0,,,,,,,,,,,,,374.69696,100.0,0.5,stalzone-database/ru/items/armor/combined/_variants/wj4no/8.json
wj4no,wj4no,9,True,Бронескелет «Альбатрос-Штурмовик»,armor/combined,Легенда,Комбинированные,RANK_LEGEND,PERSONAL_ON_USE,37.0,100.0,100.0,279.35312,,,,,,,,,30.0,-1.0,40.0,,,159.0,140.0,300.0,300.0,300.0,300.0,200.0,300.0,300.0,,,,,,,,,,,,,379.35312,100.0,0.5,stalzone-database/ru/items/armor/combined/_variants/wj4no/9.json
wj4no,wj4no,10,True,Бронескелет «Альбатрос-Штурмовик»,armor/combined,Легенда,Комбинированные,RANK_LEGEND,PERSONAL_ON_USE,37.0,100.0,100.0,293.01108,,,,,,,,,30.0,-1.0,40.0,,,159.0,140.0,300.0,300.0,300.0,300.0,200.0,300.0,300.0,,,,,,,,,,,,,393.01108,100.0,0.5,stalzone-database/ru/items/armor/combined/_variants/wj4no/10.json
wj4no,wj4no,11,True,Бронескелет «Альбатрос-Штурмовик»,armor/combined,Легенда,Комбинированные,RANK_LEGEND,PERSONAL_ON_USE,37.0,100.0,100.0,299.84006,,,,,,,,,30.0,-1.0,40.0,,,159.0,140.0,300.0,300.0,300.0,300.0,200.0,300.0,300.0,,,,,,,,,,,,,399.84006,100.0,0.5,stalzone-database/ru/items/armor/combined/_variants/wj4no/11.json
wj4no,wj4no,12,True,Бронескелет «Альбатрос-Штурмовик»,armor/combined,Легенда,Комбинированные,RANK_LEGEND,PERSONAL_ON_USE,37.0,100.0,100.0,306.66904,,,,,,,,,30.0,-1.0,40.0,,,159.0,140.0,300.0,300.0,300.0,300.0,200.0,300.0,300.0,,,,,,,,,,,,,406.66904,100.0,0.5,stalzone-database/ru/items/armor/combined/_variants/wj4no/12.json
wj4no,wj4no,13,True,Бронескелет «Альбатрос-Штурмовик»,armor/combined,Легенда,Комбинированные,RANK_LEGEND,PERSONAL_ON_USE,37.0,100.0,100.0,313.49805,,,,,,,,,30.0,-1.0,40.0,,,159.0,140.0,300.0,300.0,300.0,300.0,200.0,300.0,300.0,,,,,,,,,,,,,413.49805,100.0,0.5,stalzone-database/ru/items/armor/combined/_variants/wj4no/13.json
wj4no,wj4no,14,True,Бронескелет «Альбатрос-Штурмовик»,armor/combined,Легенда,Комбинированные,RANK_LEGEND,PERSONAL_ON_USE,37.0,100.0,100.0,320.32706,,,,,,,,,30.0,-1.0,40.0,,,159.0,140.0,300.0,300.0,300.0,300.0,200.0,300.0,300.0,,,,,,,,,,,,,420.32705999999996,100.0,0.5,stalzone-database/ru/items/armor/combined/_variants/wj4no/14.json
wj4no,wj4no,15,True,Бронескелет «Альбатрос-Штурмовик»,armor/combined,Легенда,Комбинированные,RANK_LEGEND,PERSONAL_ON_USE,37.0,100.0,100.0,340.814,,,,,,,,,30.0,-1.0,40.0,,,159.0,140.0,300.0,300.0,300.0,300.0,200.0,300.0,300.0,,,,,,,,,,,,,440.814,100.0,0.5,stalzone-database/ru/items/armor/combined/_variants/wj4no/15.json
wjg2o,wjg2o,0,False,Тяжелый бронекостюм «Алтын-Т»,armor/combat,Сталкер,Боевые,RANK_STALKER,PERSONAL_ON_USE,12.0,100.0,100.0,146.0,,-2.0,,-10.0,,,,,12.0,,50.0,,,132.0,220.0,30.0,30.0,30.0,170.0,40.0,150.0,100.0,,20.0,,,,,,,,,,,246.0,98.0,0.5,stalzone-database/ru/items/armor/combat/wjg2o.json
wjg2o,wjg2o,1,True,Тяжелый бронекостюм «Алтын-Т»,armor/combat,Сталкер,Боевые,RANK_STALKER,PERSONAL_ON_USE,12.0,100.0,100.0,148.25232,,-2.0,,-10.0,,,,,12.0,,50.0,,,132.0,220.0,30.0,30.0,30.0,170.0,40.0,150.0,100.0,,20.0,,,,,,,,,,,248.25232,98.0,0.5,stalzone-database/ru/items/armor/combat/_variants/wjg2o/1.json
wjg2o,wjg2o,2,True,Тяжелый бронекостюм «Алтын-Т»,armor/combat,Сталкер,Боевые,RANK_STALKER,PERSONAL_ON_USE,12.0,100.0,100.0,150.50462,,-2.0,,-10.0,,,,,12.0,,50.0,,,132.0,220.0,30.0,30.0,30.0,170.0,40.0,150.0,100.0,,20.0,,,,,,,,,,,250.50462,98.0,0.5,stalzone-database/ru/items/armor/combat/_variants/wjg2o/2.json
wjg2o,wjg2o,3,True,Тяжелый бронекостюм «Алтын-Т»,armor/combat,Сталкер,Боевые,RANK_STALKER,PERSONAL_ON_USE,12.0,100.0,100.0,152.75696,,-2.0,,-10.0,,,,,12.0,,50.0,,,132.0,220.0,30.0,30.0,30.0,170.0,40.0,150.0,100.0,,20.0,,,,,,,,,,,252.75696,98.0,0.5,stalzone-database/ru/items/armor/combat/_variants/wjg2o/3.json
wjg2o,wjg2o,4,True,Тяжелый бронекостюм «Алтын-Т»,armor/combat,Сталкер,Боевые,RANK_STALKER,PERSONAL_ON_USE,12.0,100.0,100.0,155.00926,,-2.0,,-10.0,,,,,12.0,,50.0,,,132.0,220.0,30.0,30.0,30.0,170.0,40.0,150.0,100.0,,20.0,,,,,,,,,,,255.00925999999998,98.0,0.5,stalzone-database/ru/items/armor/combat/_variants/wjg2o/4.json
wjg2o,wjg2o,5,True,Тяжелый бронекостюм «Алтын-Т»,armor/combat,Сталкер,Боевые,RANK_STALKER,PERSONAL_ON_USE,12.0,100.0,100.0,161.76622,,-2.0,,-10.0,,,,,12.0,,50.0,,,132.0,220.0,30.0,30.0,30.0,170.0,40.0,150.0,100.0,,20.0,,,,,,,,,,,261.76622,98.0,0.5,stalzone-database/ru/items/armor/combat/_variants/wjg2o/5.json
wjg2o,wjg2o,6,True,Тяжелый бронекостюм «Алтын-Т»,armor/combat,Сталкер,Боевые,RANK_STALKER,PERSONAL_ON_USE,12.0,100.0,100.0,165.1447,,-2.0,,-10.0,,,,,12.0,,50.0,,,132.0,220.0,30.0,30.0,30.0,170.0,40.0,150.0,100.0,,20.0,,,,,,,,,,,265.1447,98.0,0.5,stalzone-database/ru/items/armor/combat/_variants/wjg2o/6.json
wjg2o,wjg2o,7,True,Тяжелый бронекостюм «Алтын-Т»,armor/combat,Сталкер,Боевые,RANK_STALKER,PERSONAL_ON_USE,12.0,100.0,100.0,168.52316,,-2.0,,-10.0,,,,,12.0,,50.0,,,132.0,220.0,30.0,30.0,30.0,170.0,40.0,150.0,100.0,,20.0,,,,,,,,,,,268.52315999999996,98.0,0.5,stalzone-database/ru/items/armor/combat/_variants/wjg2o/7.json
wjg2o,wjg2o,8,True,Тяжелый бронекостюм «Алтын-Т»,armor/combat,Сталкер,Боевые,RANK_STALKER,PERSONAL_ON_USE,12.0,100.0,100.0,171.90164,,-2.0,,-10.0,,,,,12.0,,50.0,,,132.0,220.0,30.0,30.0,30.0,170.0,40.0,150.0,100.0,,20.0,,,,,,,,,,,271.90164,98.0,0.5,stalzone-database/ru/items/armor/combat/_variants/wjg2o/8.json
wjg2o,wjg2o,9,True,Тяжелый бронекостюм «Алтын-Т»,armor/combat,Сталкер,Боевые,RANK_STALKER,PERSONAL_ON_USE,12.0,100.0,100.0,175.28012,,-2.0,,-10.0,,,,,12.0,,50.0,,,132.0,220.0,30.0,30.0,30.0,170.0,40.0,150.0,100.0,,20.0,,,,,,,,,,,275.28012,98.0,0.5,stalzone-database/ru/items/armor/combat/_variants/wjg2o/9.json
wjg2o,wjg2o,10,True,Тяжелый бронекостюм «Алтын-Т»,armor/combat,Сталкер,Боевые,RANK_STALKER,PERSONAL_ON_USE,12.0,100.0,100.0,185.1903,,-2.0,,-10.0,,,,,12.0,,50.0,,,132.0,220.0,30.0,30.0,30.0,170.0,40.0,150.0,100.0,,20.0,,,,,,,,,,,285.1903,98.0,0.5,stalzone-database/ru/items/armor/combat/_variants/wjg2o/10.json
wjg2o,wjg2o,11,True,Тяжелый бронекостюм «Алтын-Т»,armor/combat,Сталкер,Боевые,RANK_STALKER,PERSONAL_ON_USE,12.0,100.0,100.0,190.1454,,-2.0,,-10.0,,,,,12.0,,50.0,,,132.0,220.0,30.0,30.0,30.0,170.0,40.0,150.0,100.0,,20.0,,,,,,,,,,,290.1454,98.0,0.5,stalzone-database/ru/items/armor/combat/_variants/wjg2o/11.json
wjg2o,wjg2o,12,True,Тяжелый бронекостюм «Алтын-Т»,armor/combat,Сталкер,Боевые,RANK_STALKER,PERSONAL_ON_USE,12.0,100.0,100.0,195.10051,,-2.0,,-10.0,,,,,12.0,,50.0,,,132.0,220.0,30.0,30.0,30.0,170.0,40.0,150.0,100.0,,20.0,,,,,,,,,,,295.10051,98.0,0.5,stalzone-database/ru/items/armor/combat/_variants/wjg2o/12.json
wjg2o,wjg2o,13,True,Тяжелый бронекостюм «Алтын-Т»,armor/combat,Сталкер,Боевые,RANK_STALKER,PERSONAL_ON_USE,12.0,100.0,100.0,200.0556,,-2.0,,-10.0,,,,,12.0,,50.0,,,132.0,220.0,30.0,30.0,30.0,170.0,40.0,150.0,100.0,,20.0,,,,,,,,,,,300.0556,98.0,0.5,stalzone-database/ru/items/armor/combat/_variants/wjg2o/13.json
wjg2o,wjg2o,14,True,Тяжелый бронекостюм «Алтын-Т»,armor/combat,Сталкер,Боевые,RANK_STALKER,PERSONAL_ON_USE,12.0,100.0,100.0,205.01071,,-2.0,,-10.0,,,,,12.0,,50.0,,,132.0,220.0,30.0,30.0,30.0,170.0,40.0,150.0,100.0,,20.0,,,,,,,,,,,305.01071,98.0,0.5,stalzone-database/ru/items/armor/combat/_variants/wjg2o/14.json
wjg2o,wjg2o,15,True,Тяжелый бронекостюм «Алтын-Т»,armor/combat,Сталкер,Боевые,RANK_STALKER,PERSONAL_ON_USE,12.0,100.0,100.0,219.876,,-2.0,,-10.0,,,,,12.0,,50.0,,,132.0,220.0,30.0,30.0,30.0,170.0,40.0,150.0,100.0,,20.0,,,,,,,,,,,319.876,98.0,0.5,stalzone-database/ru/items/armor/combat/_variants/wjg2o/15.json
wjg62,wjg62,0,False,Тяжелый бронекостюм «Легионер»,armor/combat,Ветеран,Боевые,RANK_VETERAN,PERSONAL_ON_USE,11.0,100.0,100.0,202.0,,-2.0,,-5.0,,,,,18.0,,50.0,,,160.0,224.0,40.0,40.0,40.0,200.0,100.0,200.0,200.0,,,,,,,,,,,,,302.0,98.0,0.5,stalzone-database/ru/items/armor/combat/wjg62.json
wjg62,wjg62,1,True,Тяжелый бронекостюм «Легионер»,armor/combat,Ветеран,Боевые,RANK_VETERAN,PERSONAL_ON_USE,11.0,100.0,100.0,204.76518,,-2.0,,-5.0,,,,,18.0,,50.0,,,160.0,224.0,40.0,40.0,40.0,200.0,100.0,200.0,200.0,,,,,,,,,,,,,304.76518,98.0,0.5,stalzone-database/ru/items/armor/combat/_variants/wjg62/1.json
wjg62,wjg62,2,True,Тяжелый бронекостюм «Легионер»,armor/combat,Ветеран,Боевые,RANK_VETERAN,PERSONAL_ON_USE,11.0,100.0,100.0,207.53036,,-2.0,,-5.0,,,,,18.0,,50.0,,,160.0,224.0,40.0,40.0,40.0,200.0,100.0,200.0,200.0,,,,,,,,,,,,,307.53036,98.0,0.5,stalzone-database/ru/items/armor/combat/_variants/wjg62/2.json
wjg62,wjg62,3,True,Тяжелый бронекостюм «Легионер»,armor/combat,Ветеран,Боевые,RANK_VETERAN,PERSONAL_ON_USE,11.0,100.0,100.0,210.29556,,-2.0,,-5.0,,,,,18.0,,50.0,,,160.0,224.0,40.0,40.0,40.0,200.0,100.0,200.0,200.0,,,,,,,,,,,,,310.29556,98.0,0.5,stalzone-database/ru/items/armor/combat/_variants/wjg62/3.json
wjg62,wjg62,4,True,Тяжелый бронекостюм «Легионер»,armor/combat,Ветеран,Боевые,RANK_VETERAN,PERSONAL_ON_USE,11.0,100.0,100.0,213.06071,,-2.0,,-5.0,,,,,18.0,,50.0,,,160.0,224.0,40.0,40.0,40.0,200.0,100.0,200.0,200.0,,,,,,,,,,,,,313.06071,98.0,0.5,stalzone-database/ru/items/armor/combat/_variants/wjg62/4.json
wjg62,wjg62,5,True,Тяжелый бронекостюм «Легионер»,armor/combat,Ветеран,Боевые,RANK_VETERAN,PERSONAL_ON_USE,11.0,100.0,100.0,221.35628,,-2.0,,-5.0,,,,,18.0,,50.0,,,160.0,224.0,40.0,40.0,40.0,200.0,100.0,200.0,200.0,,,,,,,,,,,,,321.35627999999997,98.0,0.5,stalzone-database/ru/items/armor/combat/_variants/wjg62/5.json
wjg62,wjg62,6,True,Тяжелый бронекостюм «Легионер»,armor/combat,Ветеран,Боевые,RANK_VETERAN,PERSONAL_ON_USE,11.0,100.0,100.0,225.50406,,-2.0,,-5.0,,,,,18.0,,50.0,,,160.0,224.0,40.0,40.0,40.0,200.0,100.0,200.0,200.0,,,,,,,,,,,,,325.50406,98.0,0.5,stalzone-database/ru/items/armor/combat/_variants/wjg62/6.json
wjg62,wjg62,7,True,Тяжелый бронекостюм «Легионер»,armor/combat,Ветеран,Боевые,RANK_VETERAN,PERSONAL_ON_USE,11.0,100.0,100.0,229.65181,,-2.0,,-5.0,,,,,18.0,,50.0,,,160.0,224.0,40.0,40.0,40.0,200.0,100.0,200.0,200.0,,,,,,,,,,,,,329.65181000000007,98.0,0.5,stalzone-database/ru/items/armor/combat/_variants/wjg62/7.json
wjg62,wjg62,8,True,Тяжелый бронекостюм «Легионер»,armor/combat,Ветеран,Боевые,RANK_VETERAN,PERSONAL_ON_USE,11.0,100.0,100.0,233.79959,,-2.0,,-5.0,,,,,18.0,,50.0,,,160.0,224.0,40.0,40.0,40.0,200.0,100.0,200.0,200.0,,,,,,,,,,,,,333.79958999999997,98.0,0.5,stalzone-database/ru/items/armor/combat/_variants/wjg62/8.json
wjg62,wjg62,9,True,Тяжелый бронекостюм «Легионер»,armor/combat,Ветеран,Боевые,RANK_VETERAN,PERSONAL_ON_USE,11.0,100.0,100.0,237.94737,,-2.0,,-5.0,,,,,18.0,,50.0,,,160.0,224.0,40.0,40.0,40.0,200.0,100.0,200.0,200.0,,,,,,,,,,,,,337.94737000000003,98.0,0.5,stalzone-database/ru/items/armor/combat/_variants/wjg62/9.json
wjg62,wjg62,10,True,Тяжелый бронекостюм «Легионер»,armor/combat,Ветеран,Боевые,RANK_VETERAN,PERSONAL_ON_USE,11.0,100.0,100.0,250.11418,,-2.0,,-5.0,,,,,18.0,,50.0,,,160.0,224.0,40.0,40.0,40.0,200.0,100.0,200.0,200.0,,,,,,,,,,,,,350.11418000000003,98.0,0.5,stalzone-database/ru/items/armor/combat/_variants/wjg62/10.json
wjg62,wjg62,11,True,Тяжелый бронекостюм «Легионер»,armor/combat,Ветеран,Боевые,RANK_VETERAN,PERSONAL_ON_USE,11.0,100.0,100.0,256.19757,,-2.0,,-5.0,,,,,18.0,,50.0,,,160.0,224.0,40.0,40.0,40.0,200.0,100.0,200.0,200.0,,,,,,,,,,,,,356.19757,98.0,0.5,stalzone-database/ru/items/armor/combat/_variants/wjg62/11.json
wjg62,wjg62,12,True,Тяжелый бронекостюм «Легионер»,armor/combat,Ветеран,Боевые,RANK_VETERAN,PERSONAL_ON_USE,11.0,100.0,100.0,262.28098,,-2.0,,-5.0,,,,,18.0,,50.0,,,160.0,224.0,40.0,40.0,40.0,200.0,100.0,200.0,200.0,,,,,,,,,,,,,362.28098,98.0,0.5,stalzone-database/ru/items/armor/combat/_variants/wjg62/12.json
wjg62,wjg62,13,True,Тяжелый бронекостюм «Легионер»,armor/combat,Ветеран,Боевые,RANK_VETERAN,PERSONAL_ON_USE,11.0,100.0,100.0,268.3644,,-2.0,,-5.0,,,,,18.0,,50.0,,,160.0,224.0,40.0,40.0,40.0,200.0,100.0,200.0,200.0,,,,,,,,,,,,,368.36440000000005,98.0,0.5,stalzone-database/ru/items/armor/combat/_variants/wjg62/13.json
wjg62,wjg62,14,True,Тяжелый бронекостюм «Легионер»,armor/combat,Ветеран,Боевые,RANK_VETERAN,PERSONAL_ON_USE,11.0,100.0,100.0,274.44778,,-2.0,,-5.0,,,,,18.0,,50.0,,,160.0,224.0,40.0,40.0,40.0,200.0,100.0,200.0,200.0,,,,,,,,,,,,,374.4477800000001,98.0,0.5,stalzone-database/ru/items/armor/combat/_variants/wjg62/14.json
wjg62,wjg62,15,True,Тяжелый бронекостюм «Легионер»,armor/combat,Ветеран,Боевые,RANK_VETERAN,PERSONAL_ON_USE,11.0,100.0,100.0,292.698,,-2.0,,-5.0,,,,,18.0,,50.0,,,160.0,224.0,40.0,40.0,40.0,200.0,100.0,200.0,200.0,,,,,,,,,,,,,392.698,98.0,0.5,stalzone-database/ru/items/armor/combat/_variants/wjg62/15.json
wjg72,wjg72,0,False,КИМ-99 «Янтарь»,armor/scientist,Сталкер,Научные,RANK_STALKER,PERSONAL_ON_USE,7.3,100.0,100.0,72.0,,,,,,,,,6.0,,30.0,,,42.0,40.0,550.0,550.0,550.0,290.0,240.0,300.0,190.0,,,,,,,,,,,,,172.0,100.0,0.5,stalzone-database/ru/items/armor/scientist/wjg72.json
wjg72,wjg72,1,True,КИМ-99 «Янтарь»,armor/scientist,Сталкер,Научные,RANK_STALKER,PERSONAL_ON_USE,7.3,100.0,100.0,73.573906,,,,,,,,,6.0,,30.0,,,42.0,40.0,550.0,550.0,550.0,290.0,240.0,300.0,190.0,,,,,,,,,,,,,173.573906,100.0,0.5,stalzone-database/ru/items/armor/scientist/_variants/wjg72/1.json
wjg72,wjg72,2,True,КИМ-99 «Янтарь»,armor/scientist,Сталкер,Научные,RANK_STALKER,PERSONAL_ON_USE,7.3,100.0,100.0,75.147804,,,,,,,,,6.0,,30.0,,,42.0,40.0,550.0,550.0,550.0,290.0,240.0,300.0,190.0,,,,,,,,,,,,,175.147804,100.0,0.5,stalzone-database/ru/items/armor/scientist/_variants/wjg72/2.json
wjg72,wjg72,3,True,КИМ-99 «Янтарь»,armor/scientist,Сталкер,Научные,RANK_STALKER,PERSONAL_ON_USE,7.3,100.0,100.0,76.72171,,,,,,,,,6.0,,30.0,,,42.0,40.0,550.0,550.0,550.0,290.0,240.0,300.0,190.0,,,,,,,,,,,,,176.72170999999997,100.0,0.5,stalzone-database/ru/items/armor/scientist/_variants/wjg72/3.json
wjg72,wjg72,4,True,КИМ-99 «Янтарь»,armor/scientist,Сталкер,Научные,RANK_STALKER,PERSONAL_ON_USE,7.3,100.0,100.0,78.29561,,,,,,,,,6.0,,30.0,,,42.0,40.0,550.0,550.0,550.0,290.0,240.0,300.0,190.0,,,,,,,,,,,,,178.29561,100.0,0.5,stalzone-database/ru/items/armor/scientist/_variants/wjg72/4.json
wjg72,wjg72,5,True,КИМ-99 «Янтарь»,armor/scientist,Сталкер,Научные,RANK_STALKER,PERSONAL_ON_USE,7.3,100.0,100.0,83.01731,,,,,,,,,6.0,,30.0,,,42.0,40.0,550.0,550.0,550.0,290.0,240.0,300.0,190.0,,,,,,,,,,,,,183.01731,100.0,0.5,stalzone-database/ru/items/armor/scientist/_variants/wjg72/5.json
wjg72,wjg72,6,True,КИМ-99 «Янтарь»,armor/scientist,Сталкер,Научные,RANK_STALKER,PERSONAL_ON_USE,7.3,100.0,100.0,85.378174,,,,,,,,,6.0,,30.0,,,42.0,40.0,550.0,550.0,550.0,290.0,240.0,300.0,190.0,,,,,,,,,,,,,185.378174,100.0,0.5,stalzone-database/ru/items/armor/scientist/_variants/wjg72/6.json
wjg72,wjg72,7,True,КИМ-99 «Янтарь»,armor/scientist,Сталкер,Научные,RANK_STALKER,PERSONAL_ON_USE,7.3,100.0,100.0,87.73902,,,,,,,,,6.0,,30.0,,,42.0,40.0,550.0,550.0,550.0,290.0,240.0,300.0,190.0,,,,,,,,,,,,,187.73901999999998,100.0,0.5,stalzone-database/ru/items/armor/scientist/_variants/wjg72/7.json
wjg72,wjg72,8,True,КИМ-99 «Янтарь»,armor/scientist,Сталкер,Научные,RANK_STALKER,PERSONAL_ON_USE,7.3,100.0,100.0,90.09987,,,,,,,,,6.0,,30.0,,,42.0,40.0,550.0,550.0,550.0,290.0,240.0,300.0,190.0,,,,,,,,,,,,,190.09987,100.0,0.5,stalzone-database/ru/items/armor/scientist/_variants/wjg72/8.json
wjg72,wjg72,9,True,КИМ-99 «Янтарь»,armor/scientist,Сталкер,Научные,RANK_STALKER,PERSONAL_ON_USE,7.3,100.0,100.0,92.46073,,,,,,,,,6.0,,30.0,,,42.0,40.0,550.0,550.0,550.0,290.0,240.0,300.0,190.0,,,,,,,,,,,,,192.46073,100.0,0.5,stalzone-database/ru/items/armor/scientist/_variants/wjg72/9.json
wjg72,wjg72,10,True,КИМ-99 «Янтарь»,armor/scientist,Сталкер,Научные,RANK_STALKER,PERSONAL_ON_USE,7.3,100.0,100.0,99.385895,,,,,,,,,6.0,,30.0,,,42.0,40.0,550.0,550.0,550.0,290.0,240.0,300.0,190.0,,,,,,,,,,,,,199.385895,100.0,0.5,stalzone-database/ru/items/armor/scientist/_variants/wjg72/10.json
wjg72,wjg72,11,True,КИМ-99 «Янтарь»,armor/scientist,Сталкер,Научные,RANK_STALKER,PERSONAL_ON_USE,7.3,100.0,100.0,102.84849,,,,,,,,,6.0,,30.0,,,42.0,40.0,550.0,550.0,550.0,290.0,240.0,300.0,190.0,,,,,,,,,,,,,202.84848999999997,100.0,0.5,stalzone-database/ru/items/armor/scientist/_variants/wjg72/11.json
wjg72,wjg72,12,True,КИМ-99 «Янтарь»,armor/scientist,Сталкер,Научные,RANK_STALKER,PERSONAL_ON_USE,7.3,100.0,100.0,106.311066,,,,,,,,,6.0,,30.0,,,42.0,40.0,550.0,550.0,550.0,290.0,240.0,300.0,190.0,,,,,,,,,,,,,206.31106599999998,100.0,0.5,stalzone-database/ru/items/armor/scientist/_variants/wjg72/12.json
wjg72,wjg72,13,True,КИМ-99 «Янтарь»,armor/scientist,Сталкер,Научные,RANK_STALKER,PERSONAL_ON_USE,7.3,100.0,100.0,109.77366,,,,,,,,,6.0,,30.0,,,42.0,40.0,550.0,550.0,550.0,290.0,240.0,300.0,190.0,,,,,,,,,,,,,209.77366,100.0,0.5,stalzone-database/ru/items/armor/scientist/_variants/wjg72/13.json
wjg72,wjg72,14,True,КИМ-99 «Янтарь»,armor/scientist,Сталкер,Научные,RANK_STALKER,PERSONAL_ON_USE,7.3,100.0,100.0,113.23624,,,,,,,,,6.0,,30.0,,,42.0,40.0,550.0,550.0,550.0,290.0,240.0,300.0,190.0,,,,,,,,,,,,,213.23624,100.0,0.5,stalzone-database/ru/items/armor/scientist/_variants/wjg72/14.json
wjg72,wjg72,15,True,КИМ-99 «Янтарь»,armor/scientist,Сталкер,Научные,RANK_STALKER,PERSONAL_ON_USE,7.3,100.0,100.0,123.624,,,,,,,,,6.0,,30.0,,,42.0,40.0,550.0,550.0,550.0,290.0,240.0,300.0,190.0,,,,,,,,,,,,,223.62399999999997,100.0,0.5,stalzone-database/ru/items/armor/scientist/_variants/wjg72/15.json
wjgo2,wjgo2,0,False,ИП-4м,armor/scientist,Отмычка,Научные,DEFAULT,PERSONAL_ON_USE,3.3,100.0,100.0,16.0,,,,,,,,,3.0,,0.0,,,10.0,0.0,50.0,50.0,50.0,160.0,120.0,100.0,20.0,,,,,,,,,,,,,116.0,100.0,0.5,stalzone-database/ru/items/armor/scientist/wjgo2.json
wjgo2,wjgo2,1,True,ИП-4м,armor/scientist,Отмычка,Научные,DEFAULT,PERSONAL_ON_USE,3.3,100.0,100.0,17.060976,,,,,,,,,3.0,,0.0,,,10.0,0.0,50.0,50.0,50.0,160.0,120.0,100.0,20.0,,,,,,,,,,,,,117.060976,100.0,0.5,stalzone-database/ru/items/armor/scientist/_variants/wjgo2/1.json
wjgo2,wjgo2,2,True,ИП-4м,armor/scientist,Отмычка,Научные,DEFAULT,PERSONAL_ON_USE,3.3,100.0,100.0,18.121952,,,,,,,,,3.0,,0.0,,,10.0,0.0,50.0,50.0,50.0,160.0,120.0,100.0,20.0,,,,,,,,,,,,,118.12195200000001,100.0,0.5,stalzone-database/ru/items/armor/scientist/_variants/wjgo2/2.json
wjgo2,wjgo2,3,True,ИП-4м,armor/scientist,Отмычка,Научные,DEFAULT,PERSONAL_ON_USE,3.3,100.0,100.0,19.182926,,,,,,,,,3.0,,0.0,,,10.0,0.0,50.0,50.0,50.0,160.0,120.0,100.0,20.0,,,,,,,,,,,,,119.182926,100.0,0.5,stalzone-database/ru/items/armor/scientist/_variants/wjgo2/3.json
wjgo2,wjgo2,4,True,ИП-4м,armor/scientist,Отмычка,Научные,DEFAULT,PERSONAL_ON_USE,3.3,100.0,100.0,20.243902,,,,,,,,,3.0,,0.0,,,10.0,0.0,50.0,50.0,50.0,160.0,120.0,100.0,20.0,,,,,,,,,,,,,120.24390199999999,100.0,0.5,stalzone-database/ru/items/armor/scientist/_variants/wjgo2/4.json
wjgo2,wjgo2,5,True,ИП-4м,armor/scientist,Отмычка,Научные,DEFAULT,PERSONAL_ON_USE,3.3,100.0,100.0,23.426828,,,,,,,,,3.0,,0.0,,,10.0,0.0,50.0,50.0,50.0,160.0,120.0,100.0,20.0,,,,,,,,,,,,,123.426828,100.0,0.5,stalzone-database/ru/items/armor/scientist/_variants/wjgo2/5.json
wjgo2,wjgo2,6,True,ИП-4м,armor/scientist,Отмычка,Научные,DEFAULT,PERSONAL_ON_USE,3.3,100.0,100.0,25.018291,,,,,,,,,3.0,,0.0,,,10.0,0.0,50.0,50.0,50.0,160.0,120.0,100.0,20.0,,,,,,,,,,,,,125.018291,100.0,0.5,stalzone-database/ru/items/armor/scientist/_variants/wjgo2/6.json
wjgo2,wjgo2,7,True,ИП-4м,armor/scientist,Отмычка,Научные,DEFAULT,PERSONAL_ON_USE,3.3,100.0,100.0,26.609756,,,,,,,,,3.0,,0.0,,,10.0,0.0,50.0,50.0,50.0,160.0,120.0,100.0,20.0,,,,,,,,,,,,,126.609756,100.0,0.5,stalzone-database/ru/items/armor/scientist/_variants/wjgo2/7.json
wjgo2,wjgo2,8,True,ИП-4м,armor/scientist,Отмычка,Научные,DEFAULT,PERSONAL_ON_USE,3.3,100.0,100.0,28.201218,,,,,,,,,3.0,,0.0,,,10.0,0.0,50.0,50.0,50.0,160.0,120.0,100.0,20.0,,,,,,,,,,,,,128.201218,100.0,0.5,stalzone-database/ru/items/armor/scientist/_variants/wjgo2/8.json
wjgo2,wjgo2,9,True,ИП-4м,armor/scientist,Отмычка,Научные,DEFAULT,PERSONAL_ON_USE,3.3,100.0,100.0,29.79268,,,,,,,,,3.0,,0.0,,,10.0,0.0,50.0,50.0,50.0,160.0,120.0,100.0,20.0,,,,,,,,,,,,,129.79268,100.0,0.5,stalzone-database/ru/items/armor/scientist/_variants/wjgo2/9.json
wjgo2,wjgo2,10,True,ИП-4м,armor/scientist,Отмычка,Научные,DEFAULT,PERSONAL_ON_USE,3.3,100.0,100.0,32.0,,,,,,,,,3.0,,0.0,,,10.0,0.0,50.0,50.0,50.0,160.0,120.0,100.0,20.0,,,,,,,,,,,,,132.0,100.0,0.5,stalzone-database/ru/items/armor/scientist/_variants/wjgo2/10.json
wjgo2,wjgo2,11,True,ИП-4м,armor/scientist,Отмычка,Научные,DEFAULT,PERSONAL_ON_USE,3.3,100.0,100.0,32.0,,,,,,,,,3.0,,0.0,,,10.0,0.0,50.0,50.0,50.0,160.0,120.0,100.0,20.0,,,,,,,,,,,,,132.0,100.0,0.5,stalzone-database/ru/items/armor/scientist/_variants/wjgo2/11.json
wjgo2,wjgo2,12,True,ИП-4м,armor/scientist,Отмычка,Научные,DEFAULT,PERSONAL_ON_USE,3.3,100.0,100.0,32.0,,,,,,,,,3.0,,0.0,,,10.0,0.0,50.0,50.0,50.0,160.0,120.0,100.0,20.0,,,,,,,,,,,,,132.0,100.0,0.5,stalzone-database/ru/items/armor/scientist/_variants/wjgo2/12.json
wjgo2,wjgo2,13,True,ИП-4м,armor/scientist,Отмычка,Научные,DEFAULT,PERSONAL_ON_USE,3.3,100.0,100.0,32.0,,,,,,,,,3.0,,0.0,,,10.0,0.0,50.0,50.0,50.0,160.0,120.0,100.0,20.0,,,,,,,,,,,,,132.0,100.0,0.5,stalzone-database/ru/items/armor/scientist/_variants/wjgo2/13.json
wjgo2,wjgo2,14,True,ИП-4м,armor/scientist,Отмычка,Научные,DEFAULT,PERSONAL_ON_USE,3.3,100.0,100.0,32.0,,,,,,,,,3.0,,0.0,,,10.0,0.0,50.0,50.0,50.0,160.0,120.0,100.0,20.0,,,,,,,,,,,,,132.0,100.0,0.5,stalzone-database/ru/items/armor/scientist/_variants/wjgo2/14.json
wjgo2,wjgo2,15,True,ИП-4м,armor/scientist,Отмычка,Научные,DEFAULT,PERSONAL_ON_USE,3.3,100.0,100.0,32.0,,,,,,,,,3.0,,0.0,,,10.0,0.0,50.0,50.0,50.0,160.0,120.0,100.0,20.0,,,,,,,,,,,,,132.0,100.0,0.5,stalzone-database/ru/items/armor/scientist/_variants/wjgo2/15.json
wjgq3,wjgq3,0,False,КИМ-85Д,armor/scientist,Сталкер,Научные,RANK_STALKER,PERSONAL_ON_USE,7.3,100.0,100.0,95.0,,,,,,,,,11.0,,35.0,,,58.0,70.0,488.0,488.0,488.0,290.0,280.0,295.0,395.0,,,,,,,,,,,,,195.0,100.0,0.5,stalzone-database/ru/items/armor/scientist/wjgq3.json
wjgq3,wjgq3,1,True,КИМ-85Д,armor/scientist,Сталкер,Научные,RANK_STALKER,PERSONAL_ON_USE,7.3,100.0,100.0,96.78414,,,,,,,,,11.0,,35.0,,,58.0,70.0,488.0,488.0,488.0,290.0,280.0,295.0,395.0,,,,,,,,,,,,,196.78413999999998,100.0,0.5,stalzone-database/ru/items/armor/scientist/_variants/wjgq3/1.json
wjgq3,wjgq3,2,True,КИМ-85Д,armor/scientist,Сталкер,Научные,RANK_STALKER,PERSONAL_ON_USE,7.3,100.0,100.0,98.56829,,,,,,,,,11.0,,35.0,,,58.0,70.0,488.0,488.0,488.0,290.0,280.0,295.0,395.0,,,,,,,,,,,,,198.56829,100.0,0.5,stalzone-database/ru/items/armor/scientist/_variants/wjgq3/2.json
wjgq3,wjgq3,3,True,КИМ-85Д,armor/scientist,Сталкер,Научные,RANK_STALKER,PERSONAL_ON_USE,7.3,100.0,100.0,100.35243,,,,,,,,,11.0,,35.0,,,58.0,70.0,488.0,488.0,488.0,290.0,280.0,295.0,395.0,,,,,,,,,,,,,200.35243,100.0,0.5,stalzone-database/ru/items/armor/scientist/_variants/wjgq3/3.json
wjgq3,wjgq3,4,True,КИМ-85Д,armor/scientist,Сталкер,Научные,RANK_STALKER,PERSONAL_ON_USE,7.3,100.0,100.0,102.13658,,,,,,,,,11.0,,35.0,,,58.0,70.0,488.0,488.0,488.0,290.0,280.0,295.0,395.0,,,,,,,,,,,,,202.13657999999998,100.0,0.5,stalzone-database/ru/items/armor/scientist/_variants/wjgq3/4.json
wjgq3,wjgq3,5,True,КИМ-85Д,armor/scientist,Сталкер,Научные,RANK_STALKER,PERSONAL_ON_USE,7.3,100.0,100.0,107.48902,,,,,,,,,11.0,,35.0,,,58.0,70.0,488.0,488.0,488.0,290.0,280.0,295.0,395.0,,,,,,,,,,,,,207.48901999999998,100.0,0.5,stalzone-database/ru/items/armor/scientist/_variants/wjgq3/5.json
wjgq3,wjgq3,6,True,КИМ-85Д,armor/scientist,Сталкер,Научные,RANK_STALKER,PERSONAL_ON_USE,7.3,100.0,100.0,110.16524,,,,,,,,,11.0,,35.0,,,58.0,70.0,488.0,488.0,488.0,290.0,280.0,295.0,395.0,,,,,,,,,,,,,210.16523999999998,100.0,0.5,stalzone-database/ru/items/armor/scientist/_variants/wjgq3/6.json
wjgq3,wjgq3,7,True,КИМ-85Д,armor/scientist,Сталкер,Научные,RANK_STALKER,PERSONAL_ON_USE,7.3,100.0,100.0,112.84146,,,,,,,,,11.0,,35.0,,,58.0,70.0,488.0,488.0,488.0,290.0,280.0,295.0,395.0,,,,,,,,,,,,,212.84145999999998,100.0,0.5,stalzone-database/ru/items/armor/scientist/_variants/wjgq3/7.json
wjgq3,wjgq3,8,True,КИМ-85Д,armor/scientist,Сталкер,Научные,RANK_STALKER,PERSONAL_ON_USE,7.3,100.0,100.0,115.51768,,,,,,,,,11.0,,35.0,,,58.0,70.0,488.0,488.0,488.0,290.0,280.0,295.0,395.0,,,,,,,,,,,,,215.51768,100.0,0.5,stalzone-database/ru/items/armor/scientist/_variants/wjgq3/8.json
wjgq3,wjgq3,9,True,КИМ-85Д,armor/scientist,Сталкер,Научные,RANK_STALKER,PERSONAL_ON_USE,7.3,100.0,100.0,118.1939,,,,,,,,,11.0,,35.0,,,58.0,70.0,488.0,488.0,488.0,290.0,280.0,295.0,395.0,,,,,,,,,,,,,218.19389999999999,100.0,0.5,stalzone-database/ru/items/armor/scientist/_variants/wjgq3/9.json
wjgq3,wjgq3,10,True,КИМ-85Д,armor/scientist,Сталкер,Научные,RANK_STALKER,PERSONAL_ON_USE,7.3,100.0,100.0,126.04414,,,,,,,,,11.0,,35.0,,,58.0,70.0,488.0,488.0,488.0,290.0,280.0,295.0,395.0,,,,,,,,,,,,,226.04414,100.0,0.5,stalzone-database/ru/items/armor/scientist/_variants/wjgq3/10.json
wjgq3,wjgq3,11,True,КИМ-85Д,armor/scientist,Сталкер,Научные,RANK_STALKER,PERSONAL_ON_USE,7.3,100.0,100.0,129.96927,,,,,,,,,11.0,,35.0,,,58.0,70.0,488.0,488.0,488.0,290.0,280.0,295.0,395.0,,,,,,,,,,,,,229.96927,100.0,0.5,stalzone-database/ru/items/armor/scientist/_variants/wjgq3/11.json
wjgq3,wjgq3,12,True,КИМ-85Д,armor/scientist,Сталкер,Научные,RANK_STALKER,PERSONAL_ON_USE,7.3,100.0,100.0,133.89438,,,,,,,,,11.0,,35.0,,,58.0,70.0,488.0,488.0,488.0,290.0,280.0,295.0,395.0,,,,,,,,,,,,,233.89438,100.0,0.5,stalzone-database/ru/items/armor/scientist/_variants/wjgq3/12.json
wjgq3,wjgq3,13,True,КИМ-85Д,armor/scientist,Сталкер,Научные,RANK_STALKER,PERSONAL_ON_USE,7.3,100.0,100.0,137.81952,,,,,,,,,11.0,,35.0,,,58.0,70.0,488.0,488.0,488.0,290.0,280.0,295.0,395.0,,,,,,,,,,,,,237.81952,100.0,0.5,stalzone-database/ru/items/armor/scientist/_variants/wjgq3/13.json
wjgq3,wjgq3,14,True,КИМ-85Д,armor/scientist,Сталкер,Научные,RANK_STALKER,PERSONAL_ON_USE,7.3,100.0,100.0,141.74463,,,,,,,,,11.0,,35.0,,,58.0,70.0,488.0,488.0,488.0,290.0,280.0,295.0,395.0,,,,,,,,,,,,,241.74463,100.0,0.5,stalzone-database/ru/items/armor/scientist/_variants/wjgq3/14.json
wjgq3,wjgq3,15,True,КИМ-85Д,armor/scientist,Сталкер,Научные,RANK_STALKER,PERSONAL_ON_USE,7.3,100.0,100.0,153.51999,,,,,,,,,11.0,,35.0,,,58.0,70.0,488.0,488.0,488.0,290.0,280.0,295.0,395.0,,,,,,,,,,,,,253.51999,100.0,0.5,stalzone-database/ru/items/armor/scientist/_variants/wjgq3/15.json
y352k,y352k,0,False,Tяжелый бронекостюм «Громила»,armor/combat,Ветеран,Боевые,RANK_VETERAN,PERSONAL_ON_USE,12.0,100.0,100.0,141.0,,,,,,,,,14.0,,45.0,,,155.0,124.0,60.0,60.0,60.0,190.0,80.0,190.0,110.0,,,,,,,,,,,,,241.0,100.0,0.5,stalzone-database/ru/items/armor/combat/y352k.json
y352k,y352k,1,True,Tяжелый бронекостюм «Громила»,armor/combat,Ветеран,Боевые,RANK_VETERAN,PERSONAL_ON_USE,12.0,100.0,100.0,143.20528,,,,,,,,,14.0,,45.0,,,155.0,124.0,60.0,60.0,60.0,190.0,80.0,190.0,110.0,,,,,,,,,,,,,243.20528,100.0,0.5,stalzone-database/ru/items/armor/combat/_variants/y352k/1.json
y352k,y352k,2,True,Tяжелый бронекостюм «Громила»,armor/combat,Ветеран,Боевые,RANK_VETERAN,PERSONAL_ON_USE,12.0,100.0,100.0,145.41055,,,,,,,,,14.0,,45.0,,,155.0,124.0,60.0,60.0,60.0,190.0,80.0,190.0,110.0,,,,,,,,,,,,,245.41055,100.0,0.5,stalzone-database/ru/items/armor/combat/_variants/y352k/2.json
y352k,y352k,3,True,Tяжелый бронекостюм «Громила»,armor/combat,Ветеран,Боевые,RANK_VETERAN,PERSONAL_ON_USE,12.0,100.0,100.0,147.61583,,,,,,,,,14.0,,45.0,,,155.0,124.0,60.0,60.0,60.0,190.0,80.0,190.0,110.0,,,,,,,,,,,,,247.61583,100.0,0.5,stalzone-database/ru/items/armor/combat/_variants/y352k/3.json
y352k,y352k,4,True,Tяжелый бронекостюм «Громила»,armor/combat,Ветеран,Боевые,RANK_VETERAN,PERSONAL_ON_USE,12.0,100.0,100.0,149.82109,,,,,,,,,14.0,,45.0,,,155.0,124.0,60.0,60.0,60.0,190.0,80.0,190.0,110.0,,,,,,,,,,,,,249.82109,100.0,0.5,stalzone-database/ru/items/armor/combat/_variants/y352k/4.json
y352k,y352k,5,True,Tяжелый бронекостюм «Громила»,armor/combat,Ветеран,Боевые,RANK_VETERAN,PERSONAL_ON_USE,12.0,100.0,100.0,156.43692,,,,,,,,,14.0,,45.0,,,155.0,124.0,60.0,60.0,60.0,190.0,80.0,190.0,110.0,,,,,,,,,,,,,256.43692,100.0,0.5,stalzone-database/ru/items/armor/combat/_variants/y352k/5.json
y352k,y352k,6,True,Tяжелый бронекостюм «Громила»,armor/combat,Ветеран,Боевые,RANK_VETERAN,PERSONAL_ON_USE,12.0,100.0,100.0,159.74483,,,,,,,,,14.0,,45.0,,,155.0,124.0,60.0,60.0,60.0,190.0,80.0,190.0,110.0,,,,,,,,,,,,,259.74483,100.0,0.5,stalzone-database/ru/items/armor/combat/_variants/y352k/6.json
y352k,y352k,7,True,Tяжелый бронекостюм «Громила»,armor/combat,Ветеран,Боевые,RANK_VETERAN,PERSONAL_ON_USE,12.0,100.0,100.0,163.05275,,,,,,,,,14.0,,45.0,,,155.0,124.0,60.0,60.0,60.0,190.0,80.0,190.0,110.0,,,,,,,,,,,,,263.05275,100.0,0.5,stalzone-database/ru/items/armor/combat/_variants/y352k/7.json
y352k,y352k,8,True,Tяжелый бронекостюм «Громила»,armor/combat,Ветеран,Боевые,RANK_VETERAN,PERSONAL_ON_USE,12.0,100.0,100.0,166.36064,,,,,,,,,14.0,,45.0,,,155.0,124.0,60.0,60.0,60.0,190.0,80.0,190.0,110.0,,,,,,,,,,,,,266.36064,100.0,0.5,stalzone-database/ru/items/armor/combat/_variants/y352k/8.json
y352k,y352k,9,True,Tяжелый бронекостюм «Громила»,armor/combat,Ветеран,Боевые,RANK_VETERAN,PERSONAL_ON_USE,12.0,100.0,100.0,169.66856,,,,,,,,,14.0,,45.0,,,155.0,124.0,60.0,60.0,60.0,190.0,80.0,190.0,110.0,,,,,,,,,,,,,269.66856,100.0,0.5,stalzone-database/ru/items/armor/combat/_variants/y352k/9.json
y352k,y352k,10,True,Tяжелый бронекостюм «Громила»,armor/combat,Ветеран,Боевые,RANK_VETERAN,PERSONAL_ON_USE,12.0,100.0,100.0,179.37178,,,,,,,,,14.0,,45.0,,,155.0,124.0,60.0,60.0,60.0,190.0,80.0,190.0,110.0,,,,,,,,,,,,,279.37178,100.0,0.5,stalzone-database/ru/items/armor/combat/_variants/y352k/10.json
y352k,y352k,11,True,Tяжелый бронекостюм «Громила»,armor/combat,Ветеран,Боевые,RANK_VETERAN,PERSONAL_ON_USE,12.0,100.0,100.0,184.22339,,,,,,,,,14.0,,45.0,,,155.0,124.0,60.0,60.0,60.0,190.0,80.0,190.0,110.0,,,,,,,,,,,,,284.22339,100.0,0.5,stalzone-database/ru/items/armor/combat/_variants/y352k/11.json
y352k,y352k,12,True,Tяжелый бронекостюм «Громила»,armor/combat,Ветеран,Боевые,RANK_VETERAN,PERSONAL_ON_USE,12.0,100.0,100.0,189.07498,,,,,,,,,14.0,,45.0,,,155.0,124.0,60.0,60.0,60.0,190.0,80.0,190.0,110.0,,,,,,,,,,,,,289.07498,100.0,0.5,stalzone-database/ru/items/armor/combat/_variants/y352k/12.json
y352k,y352k,13,True,Tяжелый бронекостюм «Громила»,armor/combat,Ветеран,Боевые,RANK_VETERAN,PERSONAL_ON_USE,12.0,100.0,100.0,193.92659,,,,,,,,,14.0,,45.0,,,155.0,124.0,60.0,60.0,60.0,190.0,80.0,190.0,110.0,,,,,,,,,,,,,293.92659000000003,100.0,0.5,stalzone-database/ru/items/armor/combat/_variants/y352k/13.json
y352k,y352k,14,True,Tяжелый бронекостюм «Громила»,armor/combat,Ветеран,Боевые,RANK_VETERAN,PERSONAL_ON_USE,12.0,100.0,100.0,198.7782,,,,,,,,,14.0,,45.0,,,155.0,124.0,60.0,60.0,60.0,190.0,80.0,190.0,110.0,,,,,,,,,,,,,298.77819999999997,100.0,0.5,stalzone-database/ru/items/armor/combat/_variants/y352k/14.json
y352k,y352k,15,True,Tяжелый бронекостюм «Громила»,armor/combat,Ветеран,Боевые,RANK_VETERAN,PERSONAL_ON_USE,12.0,100.0,100.0,213.33301,,,,,,,,,14.0,,45.0,,,155.0,124.0,60.0,60.0,60.0,190.0,80.0,190.0,110.0,,,,,,,,,,,,,313.33301,100.0,0.5,stalzone-database/ru/items/armor/combat/_variants/y352k/15.json
y359o,y359o,0,False,Тяжелый бронекостюм «Туманный охотник»,armor/combat,Ветеран,Боевые,RANK_VETERAN,PERSONAL_ON_USE,14.0,100.0,100.0,169.0,,-2.0,,-10.0,,,,,25.0,,45.0,,,179.0,161.0,80.0,80.0,80.0,220.0,120.0,220.0,170.0,,,,,,,,,,,,,269.0,98.0,0.5,stalzone-database/ru/items/armor/combat/y359o.json
y359o,y359o,1,True,Тяжелый бронекостюм «Туманный охотник»,armor/combat,Ветеран,Боевые,RANK_VETERAN,PERSONAL_ON_USE,14.0,100.0,100.0,171.46288,,-2.0,,-10.0,,,,,25.0,,45.0,,,179.0,161.0,80.0,80.0,80.0,220.0,120.0,220.0,170.0,,,,,,,,,,,,,271.46288000000004,98.0,0.5,stalzone-database/ru/items/armor/combat/_variants/y359o/1.json
y359o,y359o,2,True,Тяжелый бронекостюм «Туманный охотник»,armor/combat,Ветеран,Боевые,RANK_VETERAN,PERSONAL_ON_USE,14.0,100.0,100.0,173.92572,,-2.0,,-10.0,,,,,25.0,,45.0,,,179.0,161.0,80.0,80.0,80.0,220.0,120.0,220.0,170.0,,,,,,,,,,,,,273.92572,98.0,0.5,stalzone-database/ru/items/armor/combat/_variants/y359o/2.json
y359o,y359o,3,True,Тяжелый бронекостюм «Туманный охотник»,armor/combat,Ветеран,Боевые,RANK_VETERAN,PERSONAL_ON_USE,14.0,100.0,100.0,176.3886,,-2.0,,-10.0,,,,,25.0,,45.0,,,179.0,161.0,80.0,80.0,80.0,220.0,120.0,220.0,170.0,,,,,,,,,,,,,276.3886,98.0,0.5,stalzone-database/ru/items/armor/combat/_variants/y359o/3.json
y359o,y359o,4,True,Тяжелый бронекостюм «Туманный охотник»,armor/combat,Ветеран,Боевые,RANK_VETERAN,PERSONAL_ON_USE,14.0,100.0,100.0,178.85146,,-2.0,,-10.0,,,,,25.0,,45.0,,,179.0,161.0,80.0,80.0,80.0,220.0,120.0,220.0,170.0,,,,,,,,,,,,,278.85146,98.0,0.5,stalzone-database/ru/items/armor/combat/_variants/y359o/4.json
y359o,y359o,5,True,Тяжелый бронекостюм «Туманный охотник»,armor/combat,Ветеран,Боевые,RANK_VETERAN,PERSONAL_ON_USE,14.0,100.0,100.0,186.24005,,-2.0,,-10.0,,,,,25.0,,45.0,,,179.0,161.0,80.0,80.0,80.0,220.0,120.0,220.0,170.0,,,,,,,,,,,,,286.24005,98.0,0.5,stalzone-database/ru/items/armor/combat/_variants/y359o/5.json
y359o,y359o,6,True,Тяжелый бронекостюм «Туманный охотник»,armor/combat,Ветеран,Боевые,RANK_VETERAN,PERSONAL_ON_USE,14.0,100.0,100.0,189.93436,,-2.0,,-10.0,,,,,25.0,,45.0,,,179.0,161.0,80.0,80.0,80.0,220.0,120.0,220.0,170.0,,,,,,,,,,,,,289.93435999999997,98.0,0.5,stalzone-database/ru/items/armor/combat/_variants/y359o/6.json
y359o,y359o,7,True,Тяжелый бронекостюм «Туманный охотник»,armor/combat,Ветеран,Боевые,RANK_VETERAN,PERSONAL_ON_USE,14.0,100.0,100.0,193.62866,,-2.0,,-10.0,,,,,25.0,,45.0,,,179.0,161.0,80.0,80.0,80.0,220.0,120.0,220.0,170.0,,,,,,,,,,,,,293.62865999999997,98.0,0.5,stalzone-database/ru/items/armor/combat/_variants/y359o/7.json
y359o,y359o,8,True,Тяжелый бронекостюм «Туманный охотник»,armor/combat,Ветеран,Боевые,RANK_VETERAN,PERSONAL_ON_USE,14.0,100.0,100.0,197.32295,,-2.0,,-10.0,,,,,25.0,,45.0,,,179.0,161.0,80.0,80.0,80.0,220.0,120.0,220.0,170.0,,,,,,,,,,,,,297.32295,98.0,0.5,stalzone-database/ru/items/armor/combat/_variants/y359o/8.json
y359o,y359o,9,True,Тяжелый бронекостюм «Туманный охотник»,armor/combat,Ветеран,Боевые,RANK_VETERAN,PERSONAL_ON_USE,14.0,100.0,100.0,201.01726,,-2.0,,-10.0,,,,,25.0,,45.0,,,179.0,161.0,80.0,80.0,80.0,220.0,120.0,220.0,170.0,,,,,,,,,,,,,301.01725999999996,98.0,0.5,stalzone-database/ru/items/armor/combat/_variants/y359o/9.json
y359o,y359o,10,True,Тяжелый бронекостюм «Туманный охотник»,armor/combat,Ветеран,Боевые,RANK_VETERAN,PERSONAL_ON_USE,14.0,100.0,100.0,211.85387,,-2.0,,-10.0,,,,,25.0,,45.0,,,179.0,161.0,80.0,80.0,80.0,220.0,120.0,220.0,170.0,,,,,,,,,,,,,311.85387000000003,98.0,0.5,stalzone-database/ru/items/armor/combat/_variants/y359o/10.json
y359o,y359o,11,True,Тяжелый бронекостюм «Туманный охотник»,armor/combat,Ветеран,Боевые,RANK_VETERAN,PERSONAL_ON_USE,14.0,100.0,100.0,217.27217,,-2.0,,-10.0,,,,,25.0,,45.0,,,179.0,161.0,80.0,80.0,80.0,220.0,120.0,220.0,170.0,,,,,,,,,,,,,317.27216999999996,98.0,0.5,stalzone-database/ru/items/armor/combat/_variants/y359o/11.json
y359o,y359o,12,True,Тяжелый бронекостюм «Туманный охотник»,armor/combat,Ветеран,Боевые,RANK_VETERAN,PERSONAL_ON_USE,14.0,100.0,100.0,222.69048,,-2.0,,-10.0,,,,,25.0,,45.0,,,179.0,161.0,80.0,80.0,80.0,220.0,120.0,220.0,170.0,,,,,,,,,,,,,322.69048,98.0,0.5,stalzone-database/ru/items/armor/combat/_variants/y359o/12.json
y359o,y359o,13,True,Тяжелый бронекостюм «Туманный охотник»,armor/combat,Ветеран,Боевые,RANK_VETERAN,PERSONAL_ON_USE,14.0,100.0,100.0,228.10878,,-2.0,,-10.0,,,,,25.0,,45.0,,,179.0,161.0,80.0,80.0,80.0,220.0,120.0,220.0,170.0,,,,,,,,,,,,,328.10878,98.0,0.5,stalzone-database/ru/items/armor/combat/_variants/y359o/13.json
y359o,y359o,14,True,Тяжелый бронекостюм «Туманный охотник»,armor/combat,Ветеран,Боевые,RANK_VETERAN,PERSONAL_ON_USE,14.0,100.0,100.0,233.52708,,-2.0,,-10.0,,,,,25.0,,45.0,,,179.0,161.0,80.0,80.0,80.0,220.0,120.0,220.0,170.0,,,,,,,,,,,,,333.52708,98.0,0.5,stalzone-database/ru/items/armor/combat/_variants/y359o/14.json
y359o,y359o,15,True,Тяжелый бронекостюм «Туманный охотник»,armor/combat,Ветеран,Боевые,RANK_VETERAN,PERSONAL_ON_USE,14.0,100.0,100.0,249.78198,,-2.0,,-10.0,,,,,25.0,,45.0,,,179.0,161.0,80.0,80.0,80.0,220.0,120.0,220.0,170.0,,,,,,,,,,,,,349.78198,98.0,0.5,stalzone-database/ru/items/armor/combat/_variants/y359o/15.json
y35jk,y35jk,0,False,Бронекостюм «Скиф-4»,armor/combined,Ветеран,Комбинированные,RANK_VETERAN,PERSONAL_ON_USE,14.0,100.0,100.0,187.0,,1.0,,,,,,,15.0,,40.0,,,124.0,116.0,120.0,120.0,120.0,300.0,200.0,300.0,260.0,,,,,,,,,,,,,287.0,101.0,0.5,stalzone-database/ru/items/armor/combined/y35jk.json
y35jk,y35jk,1,True,Бронекостюм «Скиф-4»,armor/combined,Ветеран,Комбинированные,RANK_VETERAN,PERSONAL_ON_USE,14.0,100.0,100.0,189.62827,,1.0,,,,,,,15.0,,40.0,,,124.0,116.0,120.0,120.0,120.0,300.0,200.0,300.0,260.0,,,,,,,,,,,,,289.62827,101.0,0.5,stalzone-database/ru/items/armor/combined/_variants/y35jk/1.json
y35jk,y35jk,2,True,Бронекостюм «Скиф-4»,armor/combined,Ветеран,Комбинированные,RANK_VETERAN,PERSONAL_ON_USE,14.0,100.0,100.0,192.25653,,1.0,,,,,,,15.0,,40.0,,,124.0,116.0,120.0,120.0,120.0,300.0,200.0,300.0,260.0,,,,,,,,,,,,,292.25653,101.0,0.5,stalzone-database/ru/items/armor/combined/_variants/y35jk/2.json
y35jk,y35jk,3,True,Бронекостюм «Скиф-4»,armor/combined,Ветеран,Комбинированные,RANK_VETERAN,PERSONAL_ON_USE,14.0,100.0,100.0,194.8848,,1.0,,,,,,,15.0,,40.0,,,124.0,116.0,120.0,120.0,120.0,300.0,200.0,300.0,260.0,,,,,,,,,,,,,294.88480000000004,101.0,0.5,stalzone-database/ru/items/armor/combined/_variants/y35jk/3.json
y35jk,y35jk,4,True,Бронекостюм «Скиф-4»,armor/combined,Ветеран,Комбинированные,RANK_VETERAN,PERSONAL_ON_USE,14.0,100.0,100.0,197.51305,,1.0,,,,,,,15.0,,40.0,,,124.0,116.0,120.0,120.0,120.0,300.0,200.0,300.0,260.0,,,,,,,,,,,,,297.51305,101.0,0.5,stalzone-database/ru/items/armor/combined/_variants/y35jk/4.json
y35jk,y35jk,5,True,Бронекостюм «Скиф-4»,armor/combined,Ветеран,Комбинированные,RANK_VETERAN,PERSONAL_ON_USE,14.0,100.0,100.0,205.39783,,1.0,,,,,,,15.0,,40.0,,,124.0,116.0,120.0,120.0,120.0,300.0,200.0,300.0,260.0,,,,,,,,,,,,,305.39783,101.0,0.5,stalzone-database/ru/items/armor/combined/_variants/y35jk/5.json
y35jk,y35jk,6,True,Бронекостюм «Скиф-4»,armor/combined,Ветеран,Комбинированные,RANK_VETERAN,PERSONAL_ON_USE,14.0,100.0,100.0,209.34023,,1.0,,,,,,,15.0,,40.0,,,124.0,116.0,120.0,120.0,120.0,300.0,200.0,300.0,260.0,,,,,,,,,,,,,309.34023,101.0,0.5,stalzone-database/ru/items/armor/combined/_variants/y35jk/6.json
y35jk,y35jk,7,True,Бронекостюм «Скиф-4»,armor/combined,Ветеран,Комбинированные,RANK_VETERAN,PERSONAL_ON_USE,14.0,100.0,100.0,213.28261,,1.0,,,,,,,15.0,,40.0,,,124.0,116.0,120.0,120.0,120.0,300.0,200.0,300.0,260.0,,,,,,,,,,,,,313.28261,101.0,0.5,stalzone-database/ru/items/armor/combined/_variants/y35jk/7.json
y35jk,y35jk,8,True,Бронекостюм «Скиф-4»,armor/combined,Ветеран,Комбинированные,RANK_VETERAN,PERSONAL_ON_USE,14.0,100.0,100.0,217.22502,,1.0,,,,,,,15.0,,40.0,,,124.0,116.0,120.0,120.0,120.0,300.0,200.0,300.0,260.0,,,,,,,,,,,,,317.22502,101.0,0.5,stalzone-database/ru/items/armor/combined/_variants/y35jk/8.json
y35jk,y35jk,9,True,Бронекостюм «Скиф-4»,armor/combined,Ветеран,Комбинированные,RANK_VETERAN,PERSONAL_ON_USE,14.0,100.0,100.0,221.1674,,1.0,,,,,,,15.0,,40.0,,,124.0,116.0,120.0,120.0,120.0,300.0,200.0,300.0,260.0,,,,,,,,,,,,,321.1674,101.0,0.5,stalzone-database/ru/items/armor/combined/_variants/y35jk/9.json
y35jk,y35jk,10,True,Бронекостюм «Скиф-4»,armor/combined,Ветеран,Комбинированные,RANK_VETERAN,PERSONAL_ON_USE,14.0,100.0,100.0,232.73174,,1.0,,,,,,,15.0,,40.0,,,124.0,116.0,120.0,120.0,120.0,300.0,200.0,300.0,260.0,,,,,,,,,,,,,332.73174,101.0,0.5,stalzone-database/ru/items/armor/combined/_variants/y35jk/10.json
y35jk,y35jk,11,True,Бронекостюм «Скиф-4»,armor/combined,Ветеран,Комбинированные,RANK_VETERAN,PERSONAL_ON_USE,14.0,100.0,100.0,238.51395,,1.0,,,,,,,15.0,,40.0,,,124.0,116.0,120.0,120.0,120.0,300.0,200.0,300.0,260.0,,,,,,,,,,,,,338.51395,101.0,0.5,stalzone-database/ru/items/armor/combined/_variants/y35jk/11.json
y35jk,y35jk,12,True,Бронекостюм «Скиф-4»,armor/combined,Ветеран,Комбинированные,RANK_VETERAN,PERSONAL_ON_USE,14.0,100.0,100.0,244.2961,,1.0,,,,,,,15.0,,40.0,,,124.0,116.0,120.0,120.0,120.0,300.0,200.0,300.0,260.0,,,,,,,,,,,,,344.2961,101.0,0.5,stalzone-database/ru/items/armor/combined/_variants/y35jk/12.json
y35jk,y35jk,13,True,Бронекостюм «Скиф-4»,armor/combined,Ветеран,Комбинированные,RANK_VETERAN,PERSONAL_ON_USE,14.0,100.0,100.0,250.0783,,1.0,,,,,,,15.0,,40.0,,,124.0,116.0,120.0,120.0,120.0,300.0,200.0,300.0,260.0,,,,,,,,,,,,,350.0783,101.0,0.5,stalzone-database/ru/items/armor/combined/_variants/y35jk/13.json
y35jk,y35jk,14,True,Бронекостюм «Скиф-4»,armor/combined,Ветеран,Комбинированные,RANK_VETERAN,PERSONAL_ON_USE,14.0,100.0,100.0,255.86046,,1.0,,,,,,,15.0,,40.0,,,124.0,116.0,120.0,120.0,120.0,300.0,200.0,300.0,260.0,,,,,,,,,,,,,355.86046000000005,101.0,0.5,stalzone-database/ru/items/armor/combined/_variants/y35jk/14.json
y35jk,y35jk,15,True,Бронекостюм «Скиф-4»,armor/combined,Ветеран,Комбинированные,RANK_VETERAN,PERSONAL_ON_USE,14.0,100.0,100.0,273.207,,1.0,,,,,,,15.0,,40.0,,,124.0,116.0,120.0,120.0,120.0,300.0,200.0,300.0,260.0,,,,,,,,,,,,,373.207,101.0,0.5,stalzone-database/ru/items/armor/combined/_variants/y35jk/15.json
y35l3,y35l3,0,False,УКАЗ «Спаннер»,armor/combined,Ветеран,Комбинированные,RANK_VETERAN,PERSONAL_ON_USE,28.0,100.0,100.0,183.0,,-5.0,,,5.0,,2.0,,20.0,-0.5,40.0,,,131.0,121.0,570.0,383.0,383.0,300.0,200.0,300.0,260.0,,,,,,,,,,,,,283.0,95.0,2.5,stalzone-database/ru/items/armor/combined/y35l3.json
y35l3,y35l3,1,True,УКАЗ «Спаннер»,armor/combined,Ветеран,Комбинированные,RANK_VETERAN,PERSONAL_ON_USE,28.0,100.0,100.0,185.58878,,-5.0,,,5.0,,2.0,,20.0,-0.5,40.0,,,131.0,121.0,570.0,383.0,383.0,300.0,200.0,300.0,260.0,,,,,,,,,,,,,285.58878000000004,95.0,2.5,stalzone-database/ru/items/armor/combined/_variants/y35l3/1.json
y35l3,y35l3,2,True,УКАЗ «Спаннер»,armor/combined,Ветеран,Комбинированные,RANK_VETERAN,PERSONAL_ON_USE,28.0,100.0,100.0,188.17755,,-5.0,,,5.0,,2.0,,20.0,-0.5,40.0,,,131.0,121.0,570.0,383.0,383.0,300.0,200.0,300.0,260.0,,,,,,,,,,,,,288.17755,95.0,2.5,stalzone-database/ru/items/armor/combined/_variants/y35l3/2.json
y35l3,y35l3,3,True,УКАЗ «Спаннер»,armor/combined,Ветеран,Комбинированные,RANK_VETERAN,PERSONAL_ON_USE,28.0,100.0,100.0,190.76633,,-5.0,,,5.0,,2.0,,20.0,-0.5,40.0,,,131.0,121.0,570.0,383.0,383.0,300.0,200.0,300.0,260.0,,,,,,,,,,,,,290.76633000000004,95.0,2.5,stalzone-database/ru/items/armor/combined/_variants/y35l3/3.json
y35l3,y35l3,4,True,УКАЗ «Спаннер»,armor/combined,Ветеран,Комбинированные,RANK_VETERAN,PERSONAL_ON_USE,28.0,100.0,100.0,193.35512,,-5.0,,,5.0,,2.0,,20.0,-0.5,40.0,,,131.0,121.0,570.0,383.0,383.0,300.0,200.0,300.0,260.0,,,,,,,,,,,,,293.35512,95.0,2.5,stalzone-database/ru/items/armor/combined/_variants/y35l3/4.json
y35l3,y35l3,5,True,УКАЗ «Спаннер»,armor/combined,Ветеран,Комбинированные,RANK_VETERAN,PERSONAL_ON_USE,28.0,100.0,100.0,201.12148,,-5.0,,,5.0,,2.0,,20.0,-0.5,40.0,,,131.0,121.0,570.0,383.0,383.0,300.0,200.0,300.0,260.0,,,,,,,,,,,,,301.12148,95.0,2.5,stalzone-database/ru/items/armor/combined/_variants/y35l3/5.json
y35l3,y35l3,6,True,УКАЗ «Спаннер»,armor/combined,Ветеран,Комбинированные,RANK_VETERAN,PERSONAL_ON_USE,28.0,100.0,100.0,205.00464,,-5.0,,,5.0,,2.0,,20.0,-0.5,40.0,,,131.0,121.0,570.0,383.0,383.0,300.0,200.0,300.0,260.0,,,,,,,,,,,,,305.00464,95.0,2.5,stalzone-database/ru/items/armor/combined/_variants/y35l3/6.json
y35l3,y35l3,7,True,УКАЗ «Спаннер»,armor/combined,Ветеран,Комбинированные,RANK_VETERAN,PERSONAL_ON_USE,28.0,100.0,100.0,208.8878,,-5.0,,,5.0,,2.0,,20.0,-0.5,40.0,,,131.0,121.0,570.0,383.0,383.0,300.0,200.0,300.0,260.0,,,,,,,,,,,,,308.88779999999997,95.0,2.5,stalzone-database/ru/items/armor/combined/_variants/y35l3/7.json
y35l3,y35l3,8,True,УКАЗ «Спаннер»,armor/combined,Ветеран,Комбинированные,RANK_VETERAN,PERSONAL_ON_USE,28.0,100.0,100.0,212.77097,,-5.0,,,5.0,,2.0,,20.0,-0.5,40.0,,,131.0,121.0,570.0,383.0,383.0,300.0,200.0,300.0,260.0,,,,,,,,,,,,,312.77097000000003,95.0,2.5,stalzone-database/ru/items/armor/combined/_variants/y35l3/8.json
y35l3,y35l3,9,True,УКАЗ «Спаннер»,armor/combined,Ветеран,Комбинированные,RANK_VETERAN,PERSONAL_ON_USE,28.0,100.0,100.0,216.65413,,-5.0,,,5.0,,2.0,,20.0,-0.5,40.0,,,131.0,121.0,570.0,383.0,383.0,300.0,200.0,300.0,260.0,,,,,,,,,,,,,316.65413,95.0,2.5,stalzone-database/ru/items/armor/combined/_variants/y35l3/9.json
y35l3,y35l3,10,True,УКАЗ «Спаннер»,armor/combined,Ветеран,Комбинированные,RANK_VETERAN,PERSONAL_ON_USE,28.0,100.0,100.0,228.04477,,-5.0,,,5.0,,2.0,,20.0,-0.5,40.0,,,131.0,121.0,570.0,383.0,383.0,300.0,200.0,300.0,260.0,,,,,,,,,,,,,328.04476999999997,95.0,2.5,stalzone-database/ru/items/armor/combined/_variants/y35l3/10.json
y35l3,y35l3,11,True,УКАЗ «Спаннер»,armor/combined,Ветеран,Комбинированные,RANK_VETERAN,PERSONAL_ON_USE,28.0,100.0,100.0,233.7401,,-5.0,,,5.0,,2.0,,20.0,-0.5,40.0,,,131.0,121.0,570.0,383.0,383.0,300.0,200.0,300.0,260.0,,,,,,,,,,,,,333.7400999999999,95.0,2.5,stalzone-database/ru/items/armor/combined/_variants/y35l3/11.json
y35l3,y35l3,12,True,УКАЗ «Спаннер»,armor/combined,Ветеран,Комбинированные,RANK_VETERAN,PERSONAL_ON_USE,28.0,100.0,100.0,239.43542,,-5.0,,,5.0,,2.0,,20.0,-0.5,40.0,,,131.0,121.0,570.0,383.0,383.0,300.0,200.0,300.0,260.0,,,,,,,,,,,,,339.43542,95.0,2.5,stalzone-database/ru/items/armor/combined/_variants/y35l3/12.json
y35l3,y35l3,13,True,УКАЗ «Спаннер»,armor/combined,Ветеран,Комбинированные,RANK_VETERAN,PERSONAL_ON_USE,28.0,100.0,100.0,245.13074,,-5.0,,,5.0,,2.0,,20.0,-0.5,40.0,,,131.0,121.0,570.0,383.0,383.0,300.0,200.0,300.0,260.0,,,,,,,,,,,,,345.13074,95.0,2.5,stalzone-database/ru/items/armor/combined/_variants/y35l3/13.json
y35l3,y35l3,14,True,УКАЗ «Спаннер»,armor/combined,Ветеран,Комбинированные,RANK_VETERAN,PERSONAL_ON_USE,28.0,100.0,100.0,250.82607,,-5.0,,,5.0,,2.0,,20.0,-0.5,40.0,,,131.0,121.0,570.0,383.0,383.0,300.0,200.0,300.0,260.0,,,,,,,,,,,,,350.82606999999996,95.0,2.5,stalzone-database/ru/items/armor/combined/_variants/y35l3/14.json
y35l3,y35l3,15,True,УКАЗ «Спаннер»,armor/combined,Ветеран,Комбинированные,RANK_VETERAN,PERSONAL_ON_USE,28.0,100.0,100.0,267.912,,-5.0,,,5.0,,2.0,,20.0,-0.5,40.0,,,131.0,121.0,570.0,383.0,383.0,300.0,200.0,300.0,260.0,,,,,,,,,,,,,367.912,95.0,2.5,stalzone-database/ru/items/armor/combined/_variants/y35l3/15.json
y35ok,y35ok,0,False,Костюм «Крот»,armor/clothes,Отмычка,Одежда,DEFAULT,PERSONAL_ON_USE,1.5,100.0,100.0,20.0,,1.0,,,,,,,5.0,,50.0,,,106.0,25.0,11.0,11.0,11.0,5.0,0.0,5.0,0.0,,,,,,,,,,,,,120.0,101.0,0.5,stalzone-database/ru/items/armor/clothes/y35ok.json
y35ok,y35ok,1,True,Костюм «Крот»,armor/clothes,Отмычка,Одежда,DEFAULT,PERSONAL_ON_USE,1.5,100.0,100.0,21.09756,,1.0,,,,,,,5.0,,50.0,,,106.0,25.0,11.0,11.0,11.0,5.0,0.0,5.0,0.0,,,,,,,,,,,,,121.09755999999999,101.0,0.5,stalzone-database/ru/items/armor/clothes/_variants/y35ok/1.json
y35ok,y35ok,2,True,Костюм «Крот»,armor/clothes,Отмычка,Одежда,DEFAULT,PERSONAL_ON_USE,1.5,100.0,100.0,22.195122,,1.0,,,,,,,5.0,,50.0,,,106.0,25.0,11.0,11.0,11.0,5.0,0.0,5.0,0.0,,,,,,,,,,,,,122.195122,101.0,0.5,stalzone-database/ru/items/armor/clothes/_variants/y35ok/2.json
y35ok,y35ok,3,True,Костюм «Крот»,armor/clothes,Отмычка,Одежда,DEFAULT,PERSONAL_ON_USE,1.5,100.0,100.0,23.292683,,1.0,,,,,,,5.0,,50.0,,,106.0,25.0,11.0,11.0,11.0,5.0,0.0,5.0,0.0,,,,,,,,,,,,,123.292683,101.0,0.5,stalzone-database/ru/items/armor/clothes/_variants/y35ok/3.json
y35ok,y35ok,4,True,Костюм «Крот»,armor/clothes,Отмычка,Одежда,DEFAULT,PERSONAL_ON_USE,1.5,100.0,100.0,24.390244,,1.0,,,,,,,5.0,,50.0,,,106.0,25.0,11.0,11.0,11.0,5.0,0.0,5.0,0.0,,,,,,,,,,,,,124.390244,101.0,0.5,stalzone-database/ru/items/armor/clothes/_variants/y35ok/4.json
y35ok,y35ok,5,True,Костюм «Крот»,armor/clothes,Отмычка,Одежда,DEFAULT,PERSONAL_ON_USE,1.5,100.0,100.0,27.682926,,1.0,,,,,,,5.0,,50.0,,,106.0,25.0,11.0,11.0,11.0,5.0,0.0,5.0,0.0,,,,,,,,,,,,,127.682926,101.0,0.5,stalzone-database/ru/items/armor/clothes/_variants/y35ok/5.json
y35ok,y35ok,6,True,Костюм «Крот»,armor/clothes,Отмычка,Одежда,DEFAULT,PERSONAL_ON_USE,1.5,100.0,100.0,29.329266,,1.0,,,,,,,5.0,,50.0,,,106.0,25.0,11.0,11.0,11.0,5.0,0.0,5.0,0.0,,,,,,,,,,,,,129.329266,101.0,0.5,stalzone-database/ru/items/armor/clothes/_variants/y35ok/6.json
y35ok,y35ok,7,True,Костюм «Крот»,armor/clothes,Отмычка,Одежда,DEFAULT,PERSONAL_ON_USE,1.5,100.0,100.0,30.975609,,1.0,,,,,,,5.0,,50.0,,,106.0,25.0,11.0,11.0,11.0,5.0,0.0,5.0,0.0,,,,,,,,,,,,,130.975609,101.0,0.5,stalzone-database/ru/items/armor/clothes/_variants/y35ok/7.json
y35ok,y35ok,8,True,Костюм «Крот»,armor/clothes,Отмычка,Одежда,DEFAULT,PERSONAL_ON_USE,1.5,100.0,100.0,32.621952,,1.0,,,,,,,5.0,,50.0,,,106.0,25.0,11.0,11.0,11.0,5.0,0.0,5.0,0.0,,,,,,,,,,,,,132.621952,101.0,0.5,stalzone-database/ru/items/armor/clothes/_variants/y35ok/8.json
y35ok,y35ok,9,True,Костюм «Крот»,armor/clothes,Отмычка,Одежда,DEFAULT,PERSONAL_ON_USE,1.5,100.0,100.0,34.26829,,1.0,,,,,,,5.0,,50.0,,,106.0,25.0,11.0,11.0,11.0,5.0,0.0,5.0,0.0,,,,,,,,,,,,,134.26829,101.0,0.5,stalzone-database/ru/items/armor/clothes/_variants/y35ok/9.json
y35ok,y35ok,10,True,Костюм «Крот»,armor/clothes,Отмычка,Одежда,DEFAULT,PERSONAL_ON_USE,1.5,100.0,100.0,39.097557,,1.0,,,,,,,5.0,,50.0,,,106.0,25.0,11.0,11.0,11.0,5.0,0.0,5.0,0.0,,,,,,,,,,,,,139.097557,101.0,0.5,stalzone-database/ru/items/armor/clothes/_variants/y35ok/10.json
y35ok,y35ok,11,True,Костюм «Крот»,armor/clothes,Отмычка,Одежда,DEFAULT,PERSONAL_ON_USE,1.5,100.0,100.0,40.0,,1.0,,,,,,,5.0,,50.0,,,106.0,25.0,11.0,11.0,11.0,5.0,0.0,5.0,0.0,,,,,,,,,,,,,140.0,101.0,0.5,stalzone-database/ru/items/armor/clothes/_variants/y35ok/11.json
y35ok,y35ok,12,True,Костюм «Крот»,armor/clothes,Отмычка,Одежда,DEFAULT,PERSONAL_ON_USE,1.5,100.0,100.0,40.0,,1.0,,,,,,,5.0,,50.0,,,106.0,25.0,11.0,11.0,11.0,5.0,0.0,5.0,0.0,,,,,,,,,,,,,140.0,101.0,0.5,stalzone-database/ru/items/armor/clothes/_variants/y35ok/12.json
y35ok,y35ok,13,True,Костюм «Крот»,armor/clothes,Отмычка,Одежда,DEFAULT,PERSONAL_ON_USE,1.5,100.0,100.0,40.0,,1.0,,,,,,,5.0,,50.0,,,106.0,25.0,11.0,11.0,11.0,5.0,0.0,5.0,0.0,,,,,,,,,,,,,140.0,101.0,0.5,stalzone-database/ru/items/armor/clothes/_variants/y35ok/13.json
y35ok,y35ok,14,True,Костюм «Крот»,armor/clothes,Отмычка,Одежда,DEFAULT,PERSONAL_ON_USE,1.5,100.0,100.0,40.0,,1.0,,,,,,,5.0,,50.0,,,106.0,25.0,11.0,11.0,11.0,5.0,0.0,5.0,0.0,,,,,,,,,,,,,140.0,101.0,0.5,stalzone-database/ru/items/armor/clothes/_variants/y35ok/14.json
y35ok,y35ok,15,True,Костюм «Крот»,armor/clothes,Отмычка,Одежда,DEFAULT,PERSONAL_ON_USE,1.5,100.0,100.0,40.0,,1.0,,,,,,,5.0,,50.0,,,106.0,25.0,11.0,11.0,11.0,5.0,0.0,5.0,0.0,,,,,,,,,,,,,140.0,101.0,0.5,stalzone-database/ru/items/armor/clothes/_variants/y35ok/15.json
y35q0,y35q0,0,False,Пальто со шляпой,armor/clothes,Отмычка,Одежда,DEFAULT,PERSONAL_ON_USE,2.0,100.0,100.0,26.0,,,,,,,,,5.0,,45.0,,,112.0,25.0,0.0,0.0,0.0,10.0,0.0,10.0,0.0,,,,,,,,,,,,,126.0,100.0,0.5,stalzone-database/ru/items/armor/clothes/y35q0.json
y35q0,y35q0,1,True,Пальто со шляпой,armor/clothes,Отмычка,Одежда,DEFAULT,PERSONAL_ON_USE,2.0,100.0,100.0,27.152561,,,,,,,,,5.0,,45.0,,,112.0,25.0,0.0,0.0,0.0,10.0,0.0,10.0,0.0,,,,,,,,,,,,,127.15256099999999,100.0,0.5,stalzone-database/ru/items/armor/clothes/_variants/y35q0/1.json
y35q0,y35q0,2,True,Пальто со шляпой,armor/clothes,Отмычка,Одежда,DEFAULT,PERSONAL_ON_USE,2.0,100.0,100.0,28.305122,,,,,,,,,5.0,,45.0,,,112.0,25.0,0.0,0.0,0.0,10.0,0.0,10.0,0.0,,,,,,,,,,,,,128.305122,100.0,0.5,stalzone-database/ru/items/armor/clothes/_variants/y35q0/2.json
y35q0,y35q0,3,True,Пальто со шляпой,armor/clothes,Отмычка,Одежда,DEFAULT,PERSONAL_ON_USE,2.0,100.0,100.0,29.457682,,,,,,,,,5.0,,45.0,,,112.0,25.0,0.0,0.0,0.0,10.0,0.0,10.0,0.0,,,,,,,,,,,,,129.457682,100.0,0.5,stalzone-database/ru/items/armor/clothes/_variants/y35q0/3.json
y35q0,y35q0,4,True,Пальто со шляпой,armor/clothes,Отмычка,Одежда,DEFAULT,PERSONAL_ON_USE,2.0,100.0,100.0,30.610243,,,,,,,,,5.0,,45.0,,,112.0,25.0,0.0,0.0,0.0,10.0,0.0,10.0,0.0,,,,,,,,,,,,,130.610243,100.0,0.5,stalzone-database/ru/items/armor/clothes/_variants/y35q0/4.json
y35q0,y35q0,5,True,Пальто со шляпой,armor/clothes,Отмычка,Одежда,DEFAULT,PERSONAL_ON_USE,2.0,100.0,100.0,34.06793,,,,,,,,,5.0,,45.0,,,112.0,25.0,0.0,0.0,0.0,10.0,0.0,10.0,0.0,,,,,,,,,,,,,134.06793,100.0,0.5,stalzone-database/ru/items/armor/clothes/_variants/y35q0/5.json
y35q0,y35q0,6,True,Пальто со шляпой,armor/clothes,Отмычка,Одежда,DEFAULT,PERSONAL_ON_USE,2.0,100.0,100.0,35.79677,,,,,,,,,5.0,,45.0,,,112.0,25.0,0.0,0.0,0.0,10.0,0.0,10.0,0.0,,,,,,,,,,,,,135.79677,100.0,0.5,stalzone-database/ru/items/armor/clothes/_variants/y35q0/6.json
y35q0,y35q0,7,True,Пальто со шляпой,armor/clothes,Отмычка,Одежда,DEFAULT,PERSONAL_ON_USE,2.0,100.0,100.0,37.525608,,,,,,,,,5.0,,45.0,,,112.0,25.0,0.0,0.0,0.0,10.0,0.0,10.0,0.0,,,,,,,,,,,,,137.525608,100.0,0.5,stalzone-database/ru/items/armor/clothes/_variants/y35q0/7.json
y35q0,y35q0,8,True,Пальто со шляпой,armor/clothes,Отмычка,Одежда,DEFAULT,PERSONAL_ON_USE,2.0,100.0,100.0,39.25445,,,,,,,,,5.0,,45.0,,,112.0,25.0,0.0,0.0,0.0,10.0,0.0,10.0,0.0,,,,,,,,,,,,,139.25445,100.0,0.5,stalzone-database/ru/items/armor/clothes/_variants/y35q0/8.json
y35q0,y35q0,9,True,Пальто со шляпой,armor/clothes,Отмычка,Одежда,DEFAULT,PERSONAL_ON_USE,2.0,100.0,100.0,40.983288,,,,,,,,,5.0,,45.0,,,112.0,25.0,0.0,0.0,0.0,10.0,0.0,10.0,0.0,,,,,,,,,,,,,140.98328800000002,100.0,0.5,stalzone-database/ru/items/armor/clothes/_variants/y35q0/9.json
y35q0,y35q0,10,True,Пальто со шляпой,armor/clothes,Отмычка,Одежда,DEFAULT,PERSONAL_ON_USE,2.0,100.0,100.0,46.054558,,,,,,,,,5.0,,45.0,,,112.0,25.0,0.0,0.0,0.0,10.0,0.0,10.0,0.0,,,,,,,,,,,,,146.054558,100.0,0.5,stalzone-database/ru/items/armor/clothes/_variants/y35q0/10.json
y35q0,y35q0,11,True,Пальто со шляпой,armor/clothes,Отмычка,Одежда,DEFAULT,PERSONAL_ON_USE,2.0,100.0,100.0,48.590195,,,,,,,,,5.0,,45.0,,,112.0,25.0,0.0,0.0,0.0,10.0,0.0,10.0,0.0,,,,,,,,,,,,,148.590195,100.0,0.5,stalzone-database/ru/items/armor/clothes/_variants/y35q0/11.json
y35q0,y35q0,12,True,Пальто со шляпой,armor/clothes,Отмычка,Одежда,DEFAULT,PERSONAL_ON_USE,2.0,100.0,100.0,51.125828,,,,,,,,,5.0,,45.0,,,112.0,25.0,0.0,0.0,0.0,10.0,0.0,10.0,0.0,,,,,,,,,,,,,151.125828,100.0,0.5,stalzone-database/ru/items/armor/clothes/_variants/y35q0/12.json
y35q0,y35q0,13,True,Пальто со шляпой,armor/clothes,Отмычка,Одежда,DEFAULT,PERSONAL_ON_USE,2.0,100.0,100.0,52.0,,,,,,,,,5.0,,45.0,,,112.0,25.0,0.0,0.0,0.0,10.0,0.0,10.0,0.0,,,,,,,,,,,,,152.0,100.0,0.5,stalzone-database/ru/items/armor/clothes/_variants/y35q0/13.json
y35q0,y35q0,14,True,Пальто со шляпой,armor/clothes,Отмычка,Одежда,DEFAULT,PERSONAL_ON_USE,2.0,100.0,100.0,52.0,,,,,,,,,5.0,,45.0,,,112.0,25.0,0.0,0.0,0.0,10.0,0.0,10.0,0.0,,,,,,,,,,,,,152.0,100.0,0.5,stalzone-database/ru/items/armor/clothes/_variants/y35q0/14.json
y35q0,y35q0,15,True,Пальто со шляпой,armor/clothes,Отмычка,Одежда,DEFAULT,PERSONAL_ON_USE,2.0,100.0,100.0,52.0,,,,,,,,,5.0,,45.0,,,112.0,25.0,0.0,0.0,0.0,10.0,0.0,10.0,0.0,,,,,,,,,,,,,152.0,100.0,0.5,stalzone-database/ru/items/armor/clothes/_variants/y35q0/15.json
y3q1o,y3q1o,0,False,SBA TANK,armor/combat,Мастер,Боевые,RANK_MASTER,PERSONAL_ON_USE,35.0,100.0,100.0,272.0,,-8.0,,-20.0,,,,,15.0,,55.0,,,213.0,340.0,50.0,50.0,50.0,200.0,100.0,200.0,200.0,,45.0,,,,,,,,,,,372.0,92.0,0.5,stalzone-database/ru/items/armor/combat/y3q1o.json
y3q1o,y3q1o,1,True,SBA TANK,armor/combat,Мастер,Боевые,RANK_MASTER,PERSONAL_ON_USE,35.0,100.0,100.0,275.4083,,-8.0,,-20.0,,,,,15.0,,55.0,,,213.0,340.0,50.0,50.0,50.0,200.0,100.0,200.0,200.0,,45.0,,,,,,,,,,,375.4083,92.0,0.5,stalzone-database/ru/items/armor/combat/_variants/y3q1o/1.json
y3q1o,y3q1o,2,True,SBA TANK,armor/combat,Мастер,Боевые,RANK_MASTER,PERSONAL_ON_USE,35.0,100.0,100.0,278.8166,,-8.0,,-20.0,,,,,15.0,,55.0,,,213.0,340.0,50.0,50.0,50.0,200.0,100.0,200.0,200.0,,45.0,,,,,,,,,,,378.81659999999994,92.0,0.5,stalzone-database/ru/items/armor/combat/_variants/y3q1o/2.json
y3q1o,y3q1o,3,True,SBA TANK,armor/combat,Мастер,Боевые,RANK_MASTER,PERSONAL_ON_USE,35.0,100.0,100.0,282.22488,,-8.0,,-20.0,,,,,15.0,,55.0,,,213.0,340.0,50.0,50.0,50.0,200.0,100.0,200.0,200.0,,45.0,,,,,,,,,,,382.22488,92.0,0.5,stalzone-database/ru/items/armor/combat/_variants/y3q1o/3.json
y3q1o,y3q1o,4,True,SBA TANK,armor/combat,Мастер,Боевые,RANK_MASTER,PERSONAL_ON_USE,35.0,100.0,100.0,285.63315,,-8.0,,-20.0,,,,,15.0,,55.0,,,213.0,340.0,50.0,50.0,50.0,200.0,100.0,200.0,200.0,,45.0,,,,,,,,,,,385.63315,92.0,0.5,stalzone-database/ru/items/armor/combat/_variants/y3q1o/4.json
y3q1o,y3q1o,5,True,SBA TANK,armor/combat,Мастер,Боевые,RANK_MASTER,PERSONAL_ON_USE,35.0,100.0,100.0,295.85803,,-8.0,,-20.0,,,,,15.0,,55.0,,,213.0,340.0,50.0,50.0,50.0,200.0,100.0,200.0,200.0,,45.0,,,,,,,,,,,395.85803,92.0,0.5,stalzone-database/ru/items/armor/combat/_variants/y3q1o/5.json
y3q1o,y3q1o,6,True,SBA TANK,armor/combat,Мастер,Боевые,RANK_MASTER,PERSONAL_ON_USE,35.0,100.0,100.0,300.97046,,-8.0,,-20.0,,,,,15.0,,55.0,,,213.0,340.0,50.0,50.0,50.0,200.0,100.0,200.0,200.0,,45.0,,,,,,,,,,,400.97046,92.0,0.5,stalzone-database/ru/items/armor/combat/_variants/y3q1o/6.json
y3q1o,y3q1o,7,True,SBA TANK,armor/combat,Мастер,Боевые,RANK_MASTER,PERSONAL_ON_USE,35.0,100.0,100.0,306.08292,,-8.0,,-20.0,,,,,15.0,,55.0,,,213.0,340.0,50.0,50.0,50.0,200.0,100.0,200.0,200.0,,45.0,,,,,,,,,,,406.08292,92.0,0.5,stalzone-database/ru/items/armor/combat/_variants/y3q1o/7.json
y3q1o,y3q1o,8,True,SBA TANK,armor/combat,Мастер,Боевые,RANK_MASTER,PERSONAL_ON_USE,35.0,100.0,100.0,311.19534,,-8.0,,-20.0,,,,,15.0,,55.0,,,213.0,340.0,50.0,50.0,50.0,200.0,100.0,200.0,200.0,,45.0,,,,,,,,,,,411.19534,92.0,0.5,stalzone-database/ru/items/armor/combat/_variants/y3q1o/8.json
y3q1o,y3q1o,9,True,SBA TANK,armor/combat,Мастер,Боевые,RANK_MASTER,PERSONAL_ON_USE,35.0,100.0,100.0,316.3078,,-8.0,,-20.0,,,,,15.0,,55.0,,,213.0,340.0,50.0,50.0,50.0,200.0,100.0,200.0,200.0,,45.0,,,,,,,,,,,416.3078,92.0,0.5,stalzone-database/ru/items/armor/combat/_variants/y3q1o/9.json
y3q1o,y3q1o,10,True,SBA TANK,armor/combat,Мастер,Боевые,RANK_MASTER,PERSONAL_ON_USE,35.0,100.0,100.0,331.3043,,-8.0,,-20.0,,,,,15.0,,55.0,,,213.0,340.0,50.0,50.0,50.0,200.0,100.0,200.0,200.0,,45.0,,,,,,,,,,,431.3043,92.0,0.5,stalzone-database/ru/items/armor/combat/_variants/y3q1o/10.json
y3q1o,y3q1o,11,True,SBA TANK,armor/combat,Мастер,Боевые,RANK_MASTER,PERSONAL_ON_USE,35.0,100.0,100.0,338.80255,,-8.0,,-20.0,,,,,15.0,,55.0,,,213.0,340.0,50.0,50.0,50.0,200.0,100.0,200.0,200.0,,45.0,,,,,,,,,,,438.80255,92.0,0.5,stalzone-database/ru/items/armor/combat/_variants/y3q1o/11.json
y3q1o,y3q1o,12,True,SBA TANK,armor/combat,Мастер,Боевые,RANK_MASTER,PERSONAL_ON_USE,35.0,100.0,100.0,346.30078,,-8.0,,-20.0,,,,,15.0,,55.0,,,213.0,340.0,50.0,50.0,50.0,200.0,100.0,200.0,200.0,,45.0,,,,,,,,,,,446.3007799999999,92.0,0.5,stalzone-database/ru/items/armor/combat/_variants/y3q1o/12.json
y3q1o,y3q1o,13,True,SBA TANK,armor/combat,Мастер,Боевые,RANK_MASTER,PERSONAL_ON_USE,35.0,100.0,100.0,353.799,,-8.0,,-20.0,,,,,15.0,,55.0,,,213.0,340.0,50.0,50.0,50.0,200.0,100.0,200.0,200.0,,45.0,,,,,,,,,,,453.7989999999999,92.0,0.5,stalzone-database/ru/items/armor/combat/_variants/y3q1o/13.json
y3q1o,y3q1o,14,True,SBA TANK,armor/combat,Мастер,Боевые,RANK_MASTER,PERSONAL_ON_USE,35.0,100.0,100.0,361.29727,,-8.0,,-20.0,,,,,15.0,,55.0,,,213.0,340.0,50.0,50.0,50.0,200.0,100.0,200.0,200.0,,45.0,,,,,,,,,,,461.29726999999997,92.0,0.5,stalzone-database/ru/items/armor/combat/_variants/y3q1o/14.json
y3q1o,y3q1o,15,True,SBA TANK,armor/combat,Мастер,Боевые,RANK_MASTER,PERSONAL_ON_USE,35.0,100.0,100.0,383.792,,-8.0,,-20.0,,,,,15.0,,55.0,,,213.0,340.0,50.0,50.0,50.0,200.0,100.0,200.0,200.0,,45.0,,,,,,,,,,,483.792,92.0,0.5,stalzone-database/ru/items/armor/combat/_variants/y3q1o/15.json
y3q3o,y3q3o,0,False,Бронекостюм «Прометей»,armor/combat,Мастер,Боевые,RANK_MASTER,PERSONAL_ON_USE,30.0,100.0,100.0,231.0,,,,20.0,,,,,35.0,,60.0,,,252.0,175.0,50.0,50.0,50.0,200.0,100.0,200.0,200.0,,10.0,,,,,,,,,,,331.0,100.0,0.5,stalzone-database/ru/items/armor/combat/y3q3o.json
y3q3o,y3q3o,1,True,Бронекостюм «Прометей»,armor/combat,Мастер,Боевые,RANK_MASTER,PERSONAL_ON_USE,30.0,100.0,100.0,234.04243,,,,20.0,,,,,35.0,,60.0,,,252.0,175.0,50.0,50.0,50.0,200.0,100.0,200.0,200.0,,10.0,,,,,,,,,,,334.04242999999997,100.0,0.5,stalzone-database/ru/items/armor/combat/_variants/y3q3o/1.json
y3q3o,y3q3o,2,True,Бронекостюм «Прометей»,armor/combat,Мастер,Боевые,RANK_MASTER,PERSONAL_ON_USE,30.0,100.0,100.0,237.08487,,,,20.0,,,,,35.0,,60.0,,,252.0,175.0,50.0,50.0,50.0,200.0,100.0,200.0,200.0,,10.0,,,,,,,,,,,337.08487,100.0,0.5,stalzone-database/ru/items/armor/combat/_variants/y3q3o/2.json
y3q3o,y3q3o,3,True,Бронекостюм «Прометей»,armor/combat,Мастер,Боевые,RANK_MASTER,PERSONAL_ON_USE,30.0,100.0,100.0,240.1273,,,,20.0,,,,,35.0,,60.0,,,252.0,175.0,50.0,50.0,50.0,200.0,100.0,200.0,200.0,,10.0,,,,,,,,,,,340.12729999999993,100.0,0.5,stalzone-database/ru/items/armor/combat/_variants/y3q3o/3.json
y3q3o,y3q3o,4,True,Бронекостюм «Прометей»,armor/combat,Мастер,Боевые,RANK_MASTER,PERSONAL_ON_USE,30.0,100.0,100.0,243.16974,,,,20.0,,,,,35.0,,60.0,,,252.0,175.0,50.0,50.0,50.0,200.0,100.0,200.0,200.0,,10.0,,,,,,,,,,,343.16974000000005,100.0,0.5,stalzone-database/ru/items/armor/combat/_variants/y3q3o/4.json
y3q3o,y3q3o,5,True,Бронекостюм «Прометей»,armor/combat,Мастер,Боевые,RANK_MASTER,PERSONAL_ON_USE,30.0,100.0,100.0,252.29707,,,,20.0,,,,,35.0,,60.0,,,252.0,175.0,50.0,50.0,50.0,200.0,100.0,200.0,200.0,,10.0,,,,,,,,,,,352.29706999999996,100.0,0.5,stalzone-database/ru/items/armor/combat/_variants/y3q3o/5.json
y3q3o,y3q3o,6,True,Бронекостюм «Прометей»,armor/combat,Мастер,Боевые,RANK_MASTER,PERSONAL_ON_USE,30.0,100.0,100.0,256.86075,,,,20.0,,,,,35.0,,60.0,,,252.0,175.0,50.0,50.0,50.0,200.0,100.0,200.0,200.0,,10.0,,,,,,,,,,,356.86075,100.0,0.5,stalzone-database/ru/items/armor/combat/_variants/y3q3o/6.json
y3q3o,y3q3o,7,True,Бронекостюм «Прометей»,armor/combat,Мастер,Боевые,RANK_MASTER,PERSONAL_ON_USE,30.0,100.0,100.0,261.42438,,,,20.0,,,,,35.0,,60.0,,,252.0,175.0,50.0,50.0,50.0,200.0,100.0,200.0,200.0,,10.0,,,,,,,,,,,361.42438000000004,100.0,0.5,stalzone-database/ru/items/armor/combat/_variants/y3q3o/7.json
y3q3o,y3q3o,8,True,Бронекостюм «Прометей»,armor/combat,Мастер,Боевые,RANK_MASTER,PERSONAL_ON_USE,30.0,100.0,100.0,265.98804,,,,20.0,,,,,35.0,,60.0,,,252.0,175.0,50.0,50.0,50.0,200.0,100.0,200.0,200.0,,10.0,,,,,,,,,,,365.98804,100.0,0.5,stalzone-database/ru/items/armor/combat/_variants/y3q3o/8.json
y3q3o,y3q3o,9,True,Бронекостюм «Прометей»,armor/combat,Мастер,Боевые,RANK_MASTER,PERSONAL_ON_USE,30.0,100.0,100.0,270.5517,,,,20.0,,,,,35.0,,60.0,,,252.0,175.0,50.0,50.0,50.0,200.0,100.0,200.0,200.0,,10.0,,,,,,,,,,,370.5517,100.0,0.5,stalzone-database/ru/items/armor/combat/_variants/y3q3o/9.json
y3q3o,y3q3o,10,True,Бронекостюм «Прометей»,armor/combat,Мастер,Боевые,RANK_MASTER,PERSONAL_ON_USE,30.0,100.0,100.0,283.93842,,,,20.0,,,,,35.0,,60.0,,,252.0,175.0,50.0,50.0,50.0,200.0,100.0,200.0,200.0,,10.0,,,,,,,,,,,383.93842000000006,100.0,0.5,stalzone-database/ru/items/armor/combat/_variants/y3q3o/10.json
y3q3o,y3q3o,11,True,Бронекостюм «Прометей»,armor/combat,Мастер,Боевые,RANK_MASTER,PERSONAL_ON_USE,30.0,100.0,100.0,290.6318,,,,20.0,,,,,35.0,,60.0,,,252.0,175.0,50.0,50.0,50.0,200.0,100.0,200.0,200.0,,10.0,,,,,,,,,,,390.6318,100.0,0.5,stalzone-database/ru/items/armor/combat/_variants/y3q3o/11.json
y3q3o,y3q3o,12,True,Бронекостюм «Прометей»,armor/combat,Мастер,Боевые,RANK_MASTER,PERSONAL_ON_USE,30.0,100.0,100.0,297.3252,,,,20.0,,,,,35.0,,60.0,,,252.0,175.0,50.0,50.0,50.0,200.0,100.0,200.0,200.0,,10.0,,,,,,,,,,,397.3252,100.0,0.5,stalzone-database/ru/items/armor/combat/_variants/y3q3o/12.json
y3q3o,y3q3o,13,True,Бронекостюм «Прометей»,armor/combat,Мастер,Боевые,RANK_MASTER,PERSONAL_ON_USE,30.0,100.0,100.0,304.01852,,,,20.0,,,,,35.0,,60.0,,,252.0,175.0,50.0,50.0,50.0,200.0,100.0,200.0,200.0,,10.0,,,,,,,,,,,404.01851999999997,100.0,0.5,stalzone-database/ru/items/armor/combat/_variants/y3q3o/13.json
y3q3o,y3q3o,14,True,Бронекостюм «Прометей»,armor/combat,Мастер,Боевые,RANK_MASTER,PERSONAL_ON_USE,30.0,100.0,100.0,310.7119,,,,20.0,,,,,35.0,,60.0,,,252.0,175.0,50.0,50.0,50.0,200.0,100.0,200.0,200.0,,10.0,,,,,,,,,,,410.7119,100.0,0.5,stalzone-database/ru/items/armor/combat/_variants/y3q3o/14.json
y3q3o,y3q3o,15,True,Бронекостюм «Прометей»,armor/combat,Мастер,Боевые,RANK_MASTER,PERSONAL_ON_USE,30.0,100.0,100.0,330.79202,,,,20.0,,,,,35.0,,60.0,,,252.0,175.0,50.0,50.0,50.0,200.0,100.0,200.0,200.0,,10.0,,,,,,,,,,,430.79202,100.0,0.5,stalzone-database/ru/items/armor/combat/_variants/y3q3o/15.json
zzjgn,zzjgn,0,False,Экзоброня «Альбатрос-Лазутчик»,armor/combined,Ветеран,Комбинированные,RANK_VETERAN,PERSONAL_ON_USE,22.0,100.0,100.0,149.0,,6.0,,,,,,,15.0,-0.5,40.0,,,109.0,109.0,120.0,120.0,120.0,300.0,200.0,300.0,240.0,,,,,,,,,,,,,249.0,106.0,0.5,stalzone-database/ru/items/armor/combined/zzjgn.json
zzjgn,zzjgn,1,True,Экзоброня «Альбатрос-Лазутчик»,armor/combined,Ветеран,Комбинированные,RANK_VETERAN,PERSONAL_ON_USE,22.0,100.0,100.0,151.28043,,6.0,,,,,,,15.0,-0.5,40.0,,,109.0,109.0,120.0,120.0,120.0,300.0,200.0,300.0,240.0,,,,,,,,,,,,,251.28042999999997,106.0,0.5,stalzone-database/ru/items/armor/combined/_variants/zzjgn/1.json
zzjgn,zzjgn,2,True,Экзоброня «Альбатрос-Лазутчик»,armor/combined,Ветеран,Комбинированные,RANK_VETERAN,PERSONAL_ON_USE,22.0,100.0,100.0,153.56085,,6.0,,,,,,,15.0,-0.5,40.0,,,109.0,109.0,120.0,120.0,120.0,300.0,200.0,300.0,240.0,,,,,,,,,,,,,253.56085,106.0,0.5,stalzone-database/ru/items/armor/combined/_variants/zzjgn/2.json
zzjgn,zzjgn,3,True,Экзоброня «Альбатрос-Лазутчик»,armor/combined,Ветеран,Комбинированные,RANK_VETERAN,PERSONAL_ON_USE,22.0,100.0,100.0,155.84128,,6.0,,,,,,,15.0,-0.5,40.0,,,109.0,109.0,120.0,120.0,120.0,300.0,200.0,300.0,240.0,,,,,,,,,,,,,255.84128,106.0,0.5,stalzone-database/ru/items/armor/combined/_variants/zzjgn/3.json
zzjgn,zzjgn,4,True,Экзоброня «Альбатрос-Лазутчик»,armor/combined,Ветеран,Комбинированные,RANK_VETERAN,PERSONAL_ON_USE,22.0,100.0,100.0,158.1217,,6.0,,,,,,,15.0,-0.5,40.0,,,109.0,109.0,120.0,120.0,120.0,300.0,200.0,300.0,240.0,,,,,,,,,,,,,258.12170000000003,106.0,0.5,stalzone-database/ru/items/armor/combined/_variants/zzjgn/4.json
zzjgn,zzjgn,5,True,Экзоброня «Альбатрос-Лазутчик»,armor/combined,Ветеран,Комбинированные,RANK_VETERAN,PERSONAL_ON_USE,22.0,100.0,100.0,164.96298,,6.0,,,,,,,15.0,-0.5,40.0,,,109.0,109.0,120.0,120.0,120.0,300.0,200.0,300.0,240.0,,,,,,,,,,,,,264.96298,106.0,0.5,stalzone-database/ru/items/armor/combined/_variants/zzjgn/5.json
zzjgn,zzjgn,6,True,Экзоброня «Альбатрос-Лазутчик»,armor/combined,Ветеран,Комбинированные,RANK_VETERAN,PERSONAL_ON_USE,22.0,100.0,100.0,168.38362,,6.0,,,,,,,15.0,-0.5,40.0,,,109.0,109.0,120.0,120.0,120.0,300.0,200.0,300.0,240.0,,,,,,,,,,,,,268.38362,106.0,0.5,stalzone-database/ru/items/armor/combined/_variants/zzjgn/6.json
zzjgn,zzjgn,7,True,Экзоброня «Альбатрос-Лазутчик»,armor/combined,Ветеран,Комбинированные,RANK_VETERAN,PERSONAL_ON_USE,22.0,100.0,100.0,171.80426,,6.0,,,,,,,15.0,-0.5,40.0,,,109.0,109.0,120.0,120.0,120.0,300.0,200.0,300.0,240.0,,,,,,,,,,,,,271.80426,106.0,0.5,stalzone-database/ru/items/armor/combined/_variants/zzjgn/7.json
zzjgn,zzjgn,8,True,Экзоброня «Альбатрос-Лазутчик»,armor/combined,Ветеран,Комбинированные,RANK_VETERAN,PERSONAL_ON_USE,22.0,100.0,100.0,175.2249,,6.0,,,,,,,15.0,-0.5,40.0,,,109.0,109.0,120.0,120.0,120.0,300.0,200.0,300.0,240.0,,,,,,,,,,,,,275.2249,106.0,0.5,stalzone-database/ru/items/armor/combined/_variants/zzjgn/8.json
zzjgn,zzjgn,9,True,Экзоброня «Альбатрос-Лазутчик»,armor/combined,Ветеран,Комбинированные,RANK_VETERAN,PERSONAL_ON_USE,22.0,100.0,100.0,178.64555,,6.0,,,,,,,15.0,-0.5,40.0,,,109.0,109.0,120.0,120.0,120.0,300.0,200.0,300.0,240.0,,,,,,,,,,,,,278.64554999999996,106.0,0.5,stalzone-database/ru/items/armor/combined/_variants/zzjgn/9.json
zzjgn,zzjgn,10,True,Экзоброня «Альбатрос-Лазутчик»,armor/combined,Ветеран,Комбинированные,RANK_VETERAN,PERSONAL_ON_USE,22.0,100.0,100.0,188.67943,,6.0,,,,,,,15.0,-0.5,40.0,,,109.0,109.0,120.0,120.0,120.0,300.0,200.0,300.0,240.0,,,,,,,,,,,,,288.67943,106.0,0.5,stalzone-database/ru/items/armor/combined/_variants/zzjgn/10.json
zzjgn,zzjgn,11,True,Экзоброня «Альбатрос-Лазутчик»,armor/combined,Ветеран,Комбинированные,RANK_VETERAN,PERSONAL_ON_USE,22.0,100.0,100.0,193.69637,,6.0,,,,,,,15.0,-0.5,40.0,,,109.0,109.0,120.0,120.0,120.0,300.0,200.0,300.0,240.0,,,,,,,,,,,,,293.69637,106.0,0.5,stalzone-database/ru/items/armor/combined/_variants/zzjgn/11.json
zzjgn,zzjgn,12,True,Экзоброня «Альбатрос-Лазутчик»,armor/combined,Ветеран,Комбинированные,RANK_VETERAN,PERSONAL_ON_USE,22.0,100.0,100.0,198.7133,,6.0,,,,,,,15.0,-0.5,40.0,,,109.0,109.0,120.0,120.0,120.0,300.0,200.0,300.0,240.0,,,,,,,,,,,,,298.7133,106.0,0.5,stalzone-database/ru/items/armor/combined/_variants/zzjgn/12.json
zzjgn,zzjgn,13,True,Экзоброня «Альбатрос-Лазутчик»,armor/combined,Ветеран,Комбинированные,RANK_VETERAN,PERSONAL_ON_USE,22.0,100.0,100.0,203.73024,,6.0,,,,,,,15.0,-0.5,40.0,,,109.0,109.0,120.0,120.0,120.0,300.0,200.0,300.0,240.0,,,,,,,,,,,,,303.73024,106.0,0.5,stalzone-database/ru/items/armor/combined/_variants/zzjgn/13.json
zzjgn,zzjgn,14,True,Экзоброня «Альбатрос-Лазутчик»,armor/combined,Ветеран,Комбинированные,RANK_VETERAN,PERSONAL_ON_USE,22.0,100.0,100.0,208.7472,,6.0,,,,,,,15.0,-0.5,40.0,,,109.0,109.0,120.0,120.0,120.0,300.0,200.0,300.0,240.0,,,,,,,,,,,,,308.7472,106.0,0.5,stalzone-database/ru/items/armor/combined/_variants/zzjgn/14.json
zzjgn,zzjgn,15,True,Экзоброня «Альбатрос-Лазутчик»,armor/combined,Ветеран,Комбинированные,RANK_VETERAN,PERSONAL_ON_USE,22.0,100.0,100.0,223.79802,,6.0,,,,,,,15.0,-0.5,40.0,,,109.0,109.0,120.0,120.0,120.0,300.0,200.0,300.0,240.0,,,,,,,,,,,,,323.79802,106.0,0.5,stalzone-database/ru/items/armor/combined/_variants/zzjgn/15.json
zzjk2,zzjk2,0,False,Экзоброня «Туз»,armor/combat,Мастер,Боевые,RANK_MASTER,PERSONAL_ON_USE,35.0,100.0,100.0,227.0,,,,,,,,,45.0,,45.0,,,213.0,180.0,100.0,100.0,100.0,240.0,120.0,240.0,220.0,,,,,,,,,,,,,327.0,100.0,0.5,stalzone-database/ru/items/armor/combat/zzjk2.json
zzjk2,zzjk2,1,True,Экзоброня «Туз»,armor/combat,Мастер,Боевые,RANK_MASTER,PERSONAL_ON_USE,35.0,100.0,100.0,229.99667,,,,,,,,,45.0,,45.0,,,213.0,180.0,100.0,100.0,100.0,240.0,120.0,240.0,220.0,,,,,,,,,,,,,329.99667,100.0,0.5,stalzone-database/ru/items/armor/combat/_variants/zzjk2/1.json
zzjk2,zzjk2,2,True,Экзоброня «Туз»,armor/combat,Мастер,Боевые,RANK_MASTER,PERSONAL_ON_USE,35.0,100.0,100.0,232.99336,,,,,,,,,45.0,,45.0,,,213.0,180.0,100.0,100.0,100.0,240.0,120.0,240.0,220.0,,,,,,,,,,,,,332.99336000000005,100.0,0.5,stalzone-database/ru/items/armor/combat/_variants/zzjk2/2.json
zzjk2,zzjk2,3,True,Экзоброня «Туз»,armor/combat,Мастер,Боевые,RANK_MASTER,PERSONAL_ON_USE,35.0,100.0,100.0,235.99004,,,,,,,,,45.0,,45.0,,,213.0,180.0,100.0,100.0,100.0,240.0,120.0,240.0,220.0,,,,,,,,,,,,,335.99004,100.0,0.5,stalzone-database/ru/items/armor/combat/_variants/zzjk2/3.json
zzjk2,zzjk2,4,True,Экзоброня «Туз»,armor/combat,Мастер,Боевые,RANK_MASTER,PERSONAL_ON_USE,35.0,100.0,100.0,238.9867,,,,,,,,,45.0,,45.0,,,213.0,180.0,100.0,100.0,100.0,240.0,120.0,240.0,220.0,,,,,,,,,,,,,338.98670000000004,100.0,0.5,stalzone-database/ru/items/armor/combat/_variants/zzjk2/4.json
zzjk2,zzjk2,5,True,Экзоброня «Туз»,armor/combat,Мастер,Боевые,RANK_MASTER,PERSONAL_ON_USE,35.0,100.0,100.0,247.97675,,,,,,,,,45.0,,45.0,,,213.0,180.0,100.0,100.0,100.0,240.0,120.0,240.0,220.0,,,,,,,,,,,,,347.97675000000004,100.0,0.5,stalzone-database/ru/items/armor/combat/_variants/zzjk2/5.json
zzjk2,zzjk2,6,True,Экзоброня «Туз»,armor/combat,Мастер,Боевые,RANK_MASTER,PERSONAL_ON_USE,35.0,100.0,100.0,252.47176,,,,,,,,,45.0,,45.0,,,213.0,180.0,100.0,100.0,100.0,240.0,120.0,240.0,220.0,,,,,,,,,,,,,352.47176,100.0,0.5,stalzone-database/ru/items/armor/combat/_variants/zzjk2/6.json
zzjk2,zzjk2,7,True,Экзоброня «Туз»,armor/combat,Мастер,Боевые,RANK_MASTER,PERSONAL_ON_USE,35.0,100.0,100.0,256.96677,,,,,,,,,45.0,,45.0,,,213.0,180.0,100.0,100.0,100.0,240.0,120.0,240.0,220.0,,,,,,,,,,,,,356.96676999999994,100.0,0.5,stalzone-database/ru/items/armor/combat/_variants/zzjk2/7.json
zzjk2,zzjk2,8,True,Экзоброня «Туз»,armor/combat,Мастер,Боевые,RANK_MASTER,PERSONAL_ON_USE,35.0,100.0,100.0,261.46176,,,,,,,,,45.0,,45.0,,,213.0,180.0,100.0,100.0,100.0,240.0,120.0,240.0,220.0,,,,,,,,,,,,,361.46175999999997,100.0,0.5,stalzone-database/ru/items/armor/combat/_variants/zzjk2/8.json
zzjk2,zzjk2,9,True,Экзоброня «Туз»,armor/combat,Мастер,Боевые,RANK_MASTER,PERSONAL_ON_USE,35.0,100.0,100.0,265.9568,,,,,,,,,45.0,,45.0,,,213.0,180.0,100.0,100.0,100.0,240.0,120.0,240.0,220.0,,,,,,,,,,,,,365.9568,100.0,0.5,stalzone-database/ru/items/armor/combat/_variants/zzjk2/9.json
zzjk2,zzjk2,10,True,Экзоброня «Туз»,armor/combat,Мастер,Боевые,RANK_MASTER,PERSONAL_ON_USE,35.0,100.0,100.0,279.14215,,,,,,,,,45.0,,45.0,,,213.0,180.0,100.0,100.0,100.0,240.0,120.0,240.0,220.0,,,,,,,,,,,,,379.14215,100.0,0.5,stalzone-database/ru/items/armor/combat/_variants/zzjk2/10.json
zzjk2,zzjk2,11,True,Экзоброня «Туз»,armor/combat,Мастер,Боевые,RANK_MASTER,PERSONAL_ON_USE,35.0,100.0,100.0,285.73486,,,,,,,,,45.0,,45.0,,,213.0,180.0,100.0,100.0,100.0,240.0,120.0,240.0,220.0,,,,,,,,,,,,,385.73486,100.0,0.5,stalzone-database/ru/items/armor/combat/_variants/zzjk2/11.json
zzjk2,zzjk2,12,True,Экзоброня «Туз»,armor/combat,Мастер,Боевые,RANK_MASTER,PERSONAL_ON_USE,35.0,100.0,100.0,292.32755,,,,,,,,,45.0,,45.0,,,213.0,180.0,100.0,100.0,100.0,240.0,120.0,240.0,220.0,,,,,,,,,,,,,392.32755,100.0,0.5,stalzone-database/ru/items/armor/combat/_variants/zzjk2/12.json
zzjk2,zzjk2,13,True,Экзоброня «Туз»,armor/combat,Мастер,Боевые,RANK_MASTER,PERSONAL_ON_USE,35.0,100.0,100.0,298.92023,,,,,,,,,45.0,,45.0,,,213.0,180.0,100.0,100.0,100.0,240.0,120.0,240.0,220.0,,,,,,,,,,,,,398.92023,100.0,0.5,stalzone-database/ru/items/armor/combat/_variants/zzjk2/13.json
zzjk2,zzjk2,14,True,Экзоброня «Туз»,armor/combat,Мастер,Боевые,RANK_MASTER,PERSONAL_ON_USE,35.0,100.0,100.0,305.51294,,,,,,,,,45.0,,45.0,,,213.0,180.0,100.0,100.0,100.0,240.0,120.0,240.0,220.0,,,,,,,,,,,,,405.51294,100.0,0.5,stalzone-database/ru/items/armor/combat/_variants/zzjk2/14.json
zzjk2,zzjk2,15,True,Экзоброня «Туз»,armor/combat,Мастер,Боевые,RANK_MASTER,PERSONAL_ON_USE,35.0,100.0,100.0,325.291,,,,,,,,,45.0,,45.0,,,213.0,180.0,100.0,100.0,100.0,240.0,120.0,240.0,220.0,,,,,,,,,,,,,425.291,100.0,0.5,stalzone-database/ru/items/armor/combat/_variants/zzjk2/15.json
zzjzn,zzjzn,0,False,Экзоброня «Следак»,armor/combined,Мастер,Комбинированные,RANK_MASTER,PERSONAL_ON_USE,24.0,100.0,100.0,176.0,,10.0,,,,,,,18.0,-0.5,45.0,,,133.0,108.0,150.0,150.0,150.0,300.0,200.0,300.0,300.0,,,,,,,,,,,,,276.0,110.0,0.5,stalzone-database/ru/items/armor/combined/zzjzn.json
zzjzn,zzjzn,1,True,Экзоброня «Следак»,armor/combined,Мастер,Комбинированные,RANK_MASTER,PERSONAL_ON_USE,24.0,100.0,100.0,178.52731,,10.0,,,,,,,18.0,-0.5,45.0,,,133.0,108.0,150.0,150.0,150.0,300.0,200.0,300.0,300.0,,,,,,,,,,,,,278.52731,110.0,0.5,stalzone-database/ru/items/armor/combined/_variants/zzjzn/1.json
zzjzn,zzjzn,2,True,Экзоброня «Следак»,armor/combined,Мастер,Комбинированные,RANK_MASTER,PERSONAL_ON_USE,24.0,100.0,100.0,181.05464,,10.0,,,,,,,18.0,-0.5,45.0,,,133.0,108.0,150.0,150.0,150.0,300.0,200.0,300.0,300.0,,,,,,,,,,,,,281.05464,110.0,0.5,stalzone-database/ru/items/armor/combined/_variants/zzjzn/2.json
zzjzn,zzjzn,3,True,Экзоброня «Следак»,armor/combined,Мастер,Комбинированные,RANK_MASTER,PERSONAL_ON_USE,24.0,100.0,100.0,183.58195,,10.0,,,,,,,18.0,-0.5,45.0,,,133.0,108.0,150.0,150.0,150.0,300.0,200.0,300.0,300.0,,,,,,,,,,,,,283.58195,110.0,0.5,stalzone-database/ru/items/armor/combined/_variants/zzjzn/3.json
zzjzn,zzjzn,4,True,Экзоброня «Следак»,armor/combined,Мастер,Комбинированные,RANK_MASTER,PERSONAL_ON_USE,24.0,100.0,100.0,186.10925,,10.0,,,,,,,18.0,-0.5,45.0,,,133.0,108.0,150.0,150.0,150.0,300.0,200.0,300.0,300.0,,,,,,,,,,,,,286.10925,110.0,0.5,stalzone-database/ru/items/armor/combined/_variants/zzjzn/4.json
zzjzn,zzjzn,5,True,Экзоброня «Следак»,armor/combined,Мастер,Комбинированные,RANK_MASTER,PERSONAL_ON_USE,24.0,100.0,100.0,193.69121,,10.0,,,,,,,18.0,-0.5,45.0,,,133.0,108.0,150.0,150.0,150.0,300.0,200.0,300.0,300.0,,,,,,,,,,,,,293.69121,110.0,0.5,stalzone-database/ru/items/armor/combined/_variants/zzjzn/5.json
zzjzn,zzjzn,6,True,Экзоброня «Следак»,armor/combined,Мастер,Комбинированные,RANK_MASTER,PERSONAL_ON_USE,24.0,100.0,100.0,197.4822,,10.0,,,,,,,18.0,-0.5,45.0,,,133.0,108.0,150.0,150.0,150.0,300.0,200.0,300.0,300.0,,,,,,,,,,,,,297.48220000000003,110.0,0.5,stalzone-database/ru/items/armor/combined/_variants/zzjzn/6.json
zzjzn,zzjzn,7,True,Экзоброня «Следак»,armor/combined,Мастер,Комбинированные,RANK_MASTER,PERSONAL_ON_USE,24.0,100.0,100.0,201.27318,,10.0,,,,,,,18.0,-0.5,45.0,,,133.0,108.0,150.0,150.0,150.0,300.0,200.0,300.0,300.0,,,,,,,,,,,,,301.27318,110.0,0.5,stalzone-database/ru/items/armor/combined/_variants/zzjzn/7.json
zzjzn,zzjzn,8,True,Экзоброня «Следак»,armor/combined,Мастер,Комбинированные,RANK_MASTER,PERSONAL_ON_USE,24.0,100.0,100.0,205.06415,,10.0,,,,,,,18.0,-0.5,45.0,,,133.0,108.0,150.0,150.0,150.0,300.0,200.0,300.0,300.0,,,,,,,,,,,,,305.06415000000004,110.0,0.5,stalzone-database/ru/items/armor/combined/_variants/zzjzn/8.json
zzjzn,zzjzn,9,True,Экзоброня «Следак»,armor/combined,Мастер,Комбинированные,RANK_MASTER,PERSONAL_ON_USE,24.0,100.0,100.0,208.8551,,10.0,,,,,,,18.0,-0.5,45.0,,,133.0,108.0,150.0,150.0,150.0,300.0,200.0,300.0,300.0,,,,,,,,,,,,,308.8551,110.0,0.5,stalzone-database/ru/items/armor/combined/_variants/zzjzn/9.json
zzjzn,zzjzn,10,True,Экзоброня «Следак»,armor/combined,Мастер,Комбинированные,RANK_MASTER,PERSONAL_ON_USE,24.0,100.0,100.0,219.97531,,10.0,,,,,,,18.0,-0.5,45.0,,,133.0,108.0,150.0,150.0,150.0,300.0,200.0,300.0,300.0,,,,,,,,,,,,,319.97531000000004,110.0,0.5,stalzone-database/ru/items/armor/combined/_variants/zzjzn/10.json
zzjzn,zzjzn,11,True,Экзоброня «Следак»,armor/combined,Мастер,Комбинированные,RANK_MASTER,PERSONAL_ON_USE,24.0,100.0,100.0,225.53542,,10.0,,,,,,,18.0,-0.5,45.0,,,133.0,108.0,150.0,150.0,150.0,300.0,200.0,300.0,300.0,,,,,,,,,,,,,325.53542,110.0,0.5,stalzone-database/ru/items/armor/combined/_variants/zzjzn/11.json
zzjzn,zzjzn,12,True,Экзоброня «Следак»,armor/combined,Мастер,Комбинированные,RANK_MASTER,PERSONAL_ON_USE,24.0,100.0,100.0,231.0955,,10.0,,,,,,,18.0,-0.5,45.0,,,133.0,108.0,150.0,150.0,150.0,300.0,200.0,300.0,300.0,,,,,,,,,,,,,331.0955,110.0,0.5,stalzone-database/ru/items/armor/combined/_variants/zzjzn/12.json
zzjzn,zzjzn,13,True,Экзоброня «Следак»,armor/combined,Мастер,Комбинированные,RANK_MASTER,PERSONAL_ON_USE,24.0,100.0,100.0,236.65561,,10.0,,,,,,,18.0,-0.5,45.0,,,133.0,108.0,150.0,150.0,150.0,300.0,200.0,300.0,300.0,,,,,,,,,,,,,336.65561,110.0,0.5,stalzone-database/ru/items/armor/combined/_variants/zzjzn/13.json
zzjzn,zzjzn,14,True,Экзоброня «Следак»,armor/combined,Мастер,Комбинированные,RANK_MASTER,PERSONAL_ON_USE,24.0,100.0,100.0,242.2157,,10.0,,,,,,,18.0,-0.5,45.0,,,133.0,108.0,150.0,150.0,150.0,300.0,200.0,300.0,300.0,,,,,,,,,,,,,342.21569999999997,110.0,0.5,stalzone-database/ru/items/armor/combined/_variants/zzjzn/14.json
zzjzn,zzjzn,15,True,Экзоброня «Следак»,armor/combined,Мастер,Комбинированные,RANK_MASTER,PERSONAL_ON_USE,24.0,100.0,100.0,258.896,,10.0,,,,,,,18.0,-0.5,45.0,,,133.0,108.0,150.0,150.0,150.0,300.0,200.0,300.0,300.0,,,,,,,,,,,,,358.89599999999996,110.0,0.5,stalzone-database/ru/items/armor/combined/_variants/zzjzn/15.json
zzy1n,zzy1n,0,False,Бронекостюм «Алтын»,armor/combat,Сталкер,Боевые,RANK_STALKER,PERSONAL_ON_USE,9.0,100.0,100.0,125.0,,-2.0,,-10.0,,,,,9.0,,50.0,,,119.0,180.0,20.0,20.0,20.0,120.0,30.0,100.0,40.0,,20.0,,,,,,,,,,,225.0,98.0,0.5,stalzone-database/ru/items/armor/combat/zzy1n.json
zzy1n,zzy1n,1,True,Бронекостюм «Алтын»,armor/combat,Сталкер,Боевые,RANK_STALKER,PERSONAL_ON_USE,9.0,100.0,100.0,127.05792,,-2.0,,-10.0,,,,,9.0,,50.0,,,119.0,180.0,20.0,20.0,20.0,120.0,30.0,100.0,40.0,,20.0,,,,,,,,,,,227.05792000000002,98.0,0.5,stalzone-database/ru/items/armor/combat/_variants/zzy1n/1.json
zzy1n,zzy1n,2,True,Бронекостюм «Алтын»,armor/combat,Сталкер,Боевые,RANK_STALKER,PERSONAL_ON_USE,9.0,100.0,100.0,129.11584,,-2.0,,-10.0,,,,,9.0,,50.0,,,119.0,180.0,20.0,20.0,20.0,120.0,30.0,100.0,40.0,,20.0,,,,,,,,,,,229.11584,98.0,0.5,stalzone-database/ru/items/armor/combat/_variants/zzy1n/2.json
zzy1n,zzy1n,3,True,Бронекостюм «Алтын»,armor/combat,Сталкер,Боевые,RANK_STALKER,PERSONAL_ON_USE,9.0,100.0,100.0,131.17377,,-2.0,,-10.0,,,,,9.0,,50.0,,,119.0,180.0,20.0,20.0,20.0,120.0,30.0,100.0,40.0,,20.0,,,,,,,,,,,231.17377,98.0,0.5,stalzone-database/ru/items/armor/combat/_variants/zzy1n/3.json
zzy1n,zzy1n,4,True,Бронекостюм «Алтын»,armor/combat,Сталкер,Боевые,RANK_STALKER,PERSONAL_ON_USE,9.0,100.0,100.0,133.2317,,-2.0,,-10.0,,,,,9.0,,50.0,,,119.0,180.0,20.0,20.0,20.0,120.0,30.0,100.0,40.0,,20.0,,,,,,,,,,,233.2317,98.0,0.5,stalzone-database/ru/items/armor/combat/_variants/zzy1n/4.json
zzy1n,zzy1n,5,True,Бронекостюм «Алтын»,armor/combat,Сталкер,Боевые,RANK_STALKER,PERSONAL_ON_USE,9.0,100.0,100.0,139.40549,,-2.0,,-10.0,,,,,9.0,,50.0,,,119.0,180.0,20.0,20.0,20.0,120.0,30.0,100.0,40.0,,20.0,,,,,,,,,,,239.40549,98.0,0.5,stalzone-database/ru/items/armor/combat/_variants/zzy1n/5.json
zzy1n,zzy1n,6,True,Бронекостюм «Алтын»,armor/combat,Сталкер,Боевые,RANK_STALKER,PERSONAL_ON_USE,9.0,100.0,100.0,142.49239,,-2.0,,-10.0,,,,,9.0,,50.0,,,119.0,180.0,20.0,20.0,20.0,120.0,30.0,100.0,40.0,,20.0,,,,,,,,,,,242.49239,98.0,0.5,stalzone-database/ru/items/armor/combat/_variants/zzy1n/6.json
zzy1n,zzy1n,7,True,Бронекостюм «Алтын»,armor/combat,Сталкер,Боевые,RANK_STALKER,PERSONAL_ON_USE,9.0,100.0,100.0,145.57927,,-2.0,,-10.0,,,,,9.0,,50.0,,,119.0,180.0,20.0,20.0,20.0,120.0,30.0,100.0,40.0,,20.0,,,,,,,,,,,245.57927,98.0,0.5,stalzone-database/ru/items/armor/combat/_variants/zzy1n/7.json
zzy1n,zzy1n,8,True,Бронекостюм «Алтын»,armor/combat,Сталкер,Боевые,RANK_STALKER,PERSONAL_ON_USE,9.0,100.0,100.0,148.66615,,-2.0,,-10.0,,,,,9.0,,50.0,,,119.0,180.0,20.0,20.0,20.0,120.0,30.0,100.0,40.0,,20.0,,,,,,,,,,,248.66615,98.0,0.5,stalzone-database/ru/items/armor/combat/_variants/zzy1n/8.json
zzy1n,zzy1n,9,True,Бронекостюм «Алтын»,armor/combat,Сталкер,Боевые,RANK_STALKER,PERSONAL_ON_USE,9.0,100.0,100.0,151.75304,,-2.0,,-10.0,,,,,9.0,,50.0,,,119.0,180.0,20.0,20.0,20.0,120.0,30.0,100.0,40.0,,20.0,,,,,,,,,,,251.75304,98.0,0.5,stalzone-database/ru/items/armor/combat/_variants/zzy1n/9.json
zzy1n,zzy1n,10,True,Бронекостюм «Алтын»,armor/combat,Сталкер,Боевые,RANK_STALKER,PERSONAL_ON_USE,9.0,100.0,100.0,160.80792,,-2.0,,-10.0,,,,,9.0,,50.0,,,119.0,180.0,20.0,20.0,20.0,120.0,30.0,100.0,40.0,,20.0,,,,,,,,,,,260.80791999999997,98.0,0.5,stalzone-database/ru/items/armor/combat/_variants/zzy1n/10.json
zzy1n,zzy1n,11,True,Бронекостюм «Алтын»,armor/combat,Сталкер,Боевые,RANK_STALKER,PERSONAL_ON_USE,9.0,100.0,100.0,165.33536,,-2.0,,-10.0,,,,,9.0,,50.0,,,119.0,180.0,20.0,20.0,20.0,120.0,30.0,100.0,40.0,,20.0,,,,,,,,,,,265.33536000000004,98.0,0.5,stalzone-database/ru/items/armor/combat/_variants/zzy1n/11.json
zzy1n,zzy1n,12,True,Бронекостюм «Алтын»,armor/combat,Сталкер,Боевые,RANK_STALKER,PERSONAL_ON_USE,9.0,100.0,100.0,169.86281,,-2.0,,-10.0,,,,,9.0,,50.0,,,119.0,180.0,20.0,20.0,20.0,120.0,30.0,100.0,40.0,,20.0,,,,,,,,,,,269.86280999999997,98.0,0.5,stalzone-database/ru/items/armor/combat/_variants/zzy1n/12.json
zzy1n,zzy1n,13,True,Бронекостюм «Алтын»,armor/combat,Сталкер,Боевые,RANK_STALKER,PERSONAL_ON_USE,9.0,100.0,100.0,174.39024,,-2.0,,-10.0,,,,,9.0,,50.0,,,119.0,180.0,20.0,20.0,20.0,120.0,30.0,100.0,40.0,,20.0,,,,,,,,,,,274.39024,98.0,0.5,stalzone-database/ru/items/armor/combat/_variants/zzy1n/13.json
zzy1n,zzy1n,14,True,Бронекостюм «Алтын»,armor/combat,Сталкер,Боевые,RANK_STALKER,PERSONAL_ON_USE,9.0,100.0,100.0,178.91768,,-2.0,,-10.0,,,,,9.0,,50.0,,,119.0,180.0,20.0,20.0,20.0,120.0,30.0,100.0,40.0,,20.0,,,,,,,,,,,278.91768,98.0,0.5,stalzone-database/ru/items/armor/combat/_variants/zzy1n/14.json
zzy1n,zzy1n,15,True,Бронекостюм «Алтын»,armor/combat,Сталкер,Боевые,RANK_STALKER,PERSONAL_ON_USE,9.0,100.0,100.0,192.5,,-2.0,,-10.0,,,,,9.0,,50.0,,,119.0,180.0,20.0,20.0,20.0,120.0,30.0,100.0,40.0,,20.0,,,,,,,,,,,292.5,98.0,0.5,stalzone-database/ru/items/armor/combat/_variants/zzy1n/15.json
zzy2y,zzy2y,0,False,Комбинезон «Жнец»,armor/scientist,Ветеран,Научные,RANK_VETERAN,PERSONAL_ON_USE,12.0,100.0,100.0,144.0,,,,,,,,,12.0,,30.0,,,79.0,80.0,850.0,850.0,850.0,400.0,395.0,400.0,330.0,,,,,,,,,,,,,244.0,100.0,0.5,stalzone-database/ru/items/armor/scientist/zzy2y.json
zzy2y,zzy2y,1,True,Комбинезон «Жнец»,armor/scientist,Ветеран,Научные,RANK_VETERAN,PERSONAL_ON_USE,12.0,100.0,100.0,146.23463,,,,,,,,,12.0,,30.0,,,79.0,80.0,850.0,850.0,850.0,400.0,395.0,400.0,330.0,,,,,,,,,,,,,246.23463,100.0,0.5,stalzone-database/ru/items/armor/scientist/_variants/zzy2y/1.json
zzy2y,zzy2y,2,True,Комбинезон «Жнец»,armor/scientist,Ветеран,Научные,RANK_VETERAN,PERSONAL_ON_USE,12.0,100.0,100.0,148.46927,,,,,,,,,12.0,,30.0,,,79.0,80.0,850.0,850.0,850.0,400.0,395.0,400.0,330.0,,,,,,,,,,,,,248.46927,100.0,0.5,stalzone-database/ru/items/armor/scientist/_variants/zzy2y/2.json
zzy2y,zzy2y,3,True,Комбинезон «Жнец»,armor/scientist,Ветеран,Научные,RANK_VETERAN,PERSONAL_ON_USE,12.0,100.0,100.0,150.7039,,,,,,,,,12.0,,30.0,,,79.0,80.0,850.0,850.0,850.0,400.0,395.0,400.0,330.0,,,,,,,,,,,,,250.7039,100.0,0.5,stalzone-database/ru/items/armor/scientist/_variants/zzy2y/3.json
zzy2y,zzy2y,4,True,Комбинезон «Жнец»,armor/scientist,Ветеран,Научные,RANK_VETERAN,PERSONAL_ON_USE,12.0,100.0,100.0,152.93852,,,,,,,,,12.0,,30.0,,,79.0,80.0,850.0,850.0,850.0,400.0,395.0,400.0,330.0,,,,,,,,,,,,,252.93852000000004,100.0,0.5,stalzone-database/ru/items/armor/scientist/_variants/zzy2y/4.json
zzy2y,zzy2y,5,True,Комбинезон «Жнец»,armor/scientist,Ветеран,Научные,RANK_VETERAN,PERSONAL_ON_USE,12.0,100.0,100.0,159.64244,,,,,,,,,12.0,,30.0,,,79.0,80.0,850.0,850.0,850.0,400.0,395.0,400.0,330.0,,,,,,,,,,,,,259.64243999999997,100.0,0.5,stalzone-database/ru/items/armor/scientist/_variants/zzy2y/5.json
zzy2y,zzy2y,6,True,Комбинезон «Жнец»,armor/scientist,Ветеран,Научные,RANK_VETERAN,PERSONAL_ON_USE,12.0,100.0,100.0,162.99438,,,,,,,,,12.0,,30.0,,,79.0,80.0,850.0,850.0,850.0,400.0,395.0,400.0,330.0,,,,,,,,,,,,,262.99438,100.0,0.5,stalzone-database/ru/items/armor/scientist/_variants/zzy2y/6.json
zzy2y,zzy2y,7,True,Комбинезон «Жнец»,armor/scientist,Ветеран,Научные,RANK_VETERAN,PERSONAL_ON_USE,12.0,100.0,100.0,166.34634,,,,,,,,,12.0,,30.0,,,79.0,80.0,850.0,850.0,850.0,400.0,395.0,400.0,330.0,,,,,,,,,,,,,266.34634,100.0,0.5,stalzone-database/ru/items/armor/scientist/_variants/zzy2y/7.json
zzy2y,zzy2y,8,True,Комбинезон «Жнец»,armor/scientist,Ветеран,Научные,RANK_VETERAN,PERSONAL_ON_USE,12.0,100.0,100.0,169.69829,,,,,,,,,12.0,,30.0,,,79.0,80.0,850.0,850.0,850.0,400.0,395.0,400.0,330.0,,,,,,,,,,,,,269.69829,100.0,0.5,stalzone-database/ru/items/armor/scientist/_variants/zzy2y/8.json
zzy2y,zzy2y,9,True,Комбинезон «Жнец»,armor/scientist,Ветеран,Научные,RANK_VETERAN,PERSONAL_ON_USE,12.0,100.0,100.0,173.05023,,,,,,,,,12.0,,30.0,,,79.0,80.0,850.0,850.0,850.0,400.0,395.0,400.0,330.0,,,,,,,,,,,,,273.05023,100.0,0.5,stalzone-database/ru/items/armor/scientist/_variants/zzy2y/9.json
zzy2y,zzy2y,10,True,Комбинезон «Жнец»,armor/scientist,Ветеран,Научные,RANK_VETERAN,PERSONAL_ON_USE,12.0,100.0,100.0,182.88263,,,,,,,,,12.0,,30.0,,,79.0,80.0,850.0,850.0,850.0,400.0,395.0,400.0,330.0,,,,,,,,,,,,,282.88263,100.0,0.5,stalzone-database/ru/items/armor/scientist/_variants/zzy2y/10.json
zzy2y,zzy2y,11,True,Комбинезон «Жнец»,armor/scientist,Ветеран,Научные,RANK_VETERAN,PERSONAL_ON_USE,12.0,100.0,100.0,187.79883,,,,,,,,,12.0,,30.0,,,79.0,80.0,850.0,850.0,850.0,400.0,395.0,400.0,330.0,,,,,,,,,,,,,287.79883,100.0,0.5,stalzone-database/ru/items/armor/scientist/_variants/zzy2y/11.json
zzy2y,zzy2y,12,True,Комбинезон «Жнец»,armor/scientist,Ветеран,Научные,RANK_VETERAN,PERSONAL_ON_USE,12.0,100.0,100.0,192.71503,,,,,,,,,12.0,,30.0,,,79.0,80.0,850.0,850.0,850.0,400.0,395.0,400.0,330.0,,,,,,,,,,,,,292.71503,100.0,0.5,stalzone-database/ru/items/armor/scientist/_variants/zzy2y/12.json
zzy2y,zzy2y,13,True,Комбинезон «Жнец»,armor/scientist,Ветеран,Научные,RANK_VETERAN,PERSONAL_ON_USE,12.0,100.0,100.0,197.63123,,,,,,,,,12.0,,30.0,,,79.0,80.0,850.0,850.0,850.0,400.0,395.0,400.0,330.0,,,,,,,,,,,,,297.63122999999996,100.0,0.5,stalzone-database/ru/items/armor/scientist/_variants/zzy2y/13.json
zzy2y,zzy2y,14,True,Комбинезон «Жнец»,armor/scientist,Ветеран,Научные,RANK_VETERAN,PERSONAL_ON_USE,12.0,100.0,100.0,202.54741,,,,,,,,,12.0,,30.0,,,79.0,80.0,850.0,850.0,850.0,400.0,395.0,400.0,330.0,,,,,,,,,,,,,302.54741,100.0,0.5,stalzone-database/ru/items/armor/scientist/_variants/zzy2y/14.json
zzy2y,zzy2y,15,True,Комбинезон «Жнец»,armor/scientist,Ветеран,Научные,RANK_VETERAN,PERSONAL_ON_USE,12.0,100.0,100.0,217.296,,,,,,,,,12.0,,30.0,,,79.0,80.0,850.0,850.0,850.0,400.0,395.0,400.0,330.0,,,,,,,,,,,,,317.296,100.0,0.5,stalzone-database/ru/items/armor/scientist/_variants/zzy2y/15.json
zzy6y,zzy6y,0,False,Бандитский «Крот»,armor/clothes,Отмычка,Одежда,DEFAULT,PERSONAL_ON_USE,1.5,100.0,100.0,20.0,,1.0,,,,,,,5.0,,50.0,,,106.0,25.0,11.0,11.0,11.0,5.0,0.0,5.0,0.0,,,,,,,,,,,,,120.0,101.0,0.5,stalzone-database/ru/items/armor/clothes/zzy6y.json
zzy6y,zzy6y,1,True,Бандитский «Крот»,armor/clothes,Отмычка,Одежда,DEFAULT,PERSONAL_ON_USE,1.5,100.0,100.0,21.09756,,1.0,,,,,,,5.0,,50.0,,,106.0,25.0,11.0,11.0,11.0,5.0,0.0,5.0,0.0,,,,,,,,,,,,,121.09755999999999,101.0,0.5,stalzone-database/ru/items/armor/clothes/_variants/zzy6y/1.json
zzy6y,zzy6y,2,True,Бандитский «Крот»,armor/clothes,Отмычка,Одежда,DEFAULT,PERSONAL_ON_USE,1.5,100.0,100.0,22.195122,,1.0,,,,,,,5.0,,50.0,,,106.0,25.0,11.0,11.0,11.0,5.0,0.0,5.0,0.0,,,,,,,,,,,,,122.195122,101.0,0.5,stalzone-database/ru/items/armor/clothes/_variants/zzy6y/2.json
zzy6y,zzy6y,3,True,Бандитский «Крот»,armor/clothes,Отмычка,Одежда,DEFAULT,PERSONAL_ON_USE,1.5,100.0,100.0,23.292683,,1.0,,,,,,,5.0,,50.0,,,106.0,25.0,11.0,11.0,11.0,5.0,0.0,5.0,0.0,,,,,,,,,,,,,123.292683,101.0,0.5,stalzone-database/ru/items/armor/clothes/_variants/zzy6y/3.json
zzy6y,zzy6y,4,True,Бандитский «Крот»,armor/clothes,Отмычка,Одежда,DEFAULT,PERSONAL_ON_USE,1.5,100.0,100.0,24.390244,,1.0,,,,,,,5.0,,50.0,,,106.0,25.0,11.0,11.0,11.0,5.0,0.0,5.0,0.0,,,,,,,,,,,,,124.390244,101.0,0.5,stalzone-database/ru/items/armor/clothes/_variants/zzy6y/4.json
zzy6y,zzy6y,5,True,Бандитский «Крот»,armor/clothes,Отмычка,Одежда,DEFAULT,PERSONAL_ON_USE,1.5,100.0,100.0,27.682926,,1.0,,,,,,,5.0,,50.0,,,106.0,25.0,11.0,11.0,11.0,5.0,0.0,5.0,0.0,,,,,,,,,,,,,127.682926,101.0,0.5,stalzone-database/ru/items/armor/clothes/_variants/zzy6y/5.json
zzy6y,zzy6y,6,True,Бандитский «Крот»,armor/clothes,Отмычка,Одежда,DEFAULT,PERSONAL_ON_USE,1.5,100.0,100.0,29.329266,,1.0,,,,,,,5.0,,50.0,,,106.0,25.0,11.0,11.0,11.0,5.0,0.0,5.0,0.0,,,,,,,,,,,,,129.329266,101.0,0.5,stalzone-database/ru/items/armor/clothes/_variants/zzy6y/6.json
zzy6y,zzy6y,7,True,Бандитский «Крот»,armor/clothes,Отмычка,Одежда,DEFAULT,PERSONAL_ON_USE,1.5,100.0,100.0,30.975609,,1.0,,,,,,,5.0,,50.0,,,106.0,25.0,11.0,11.0,11.0,5.0,0.0,5.0,0.0,,,,,,,,,,,,,130.975609,101.0,0.5,stalzone-database/ru/items/armor/clothes/_variants/zzy6y/7.json
zzy6y,zzy6y,8,True,Бандитский «Крот»,armor/clothes,Отмычка,Одежда,DEFAULT,PERSONAL_ON_USE,1.5,100.0,100.0,32.621952,,1.0,,,,,,,5.0,,50.0,,,106.0,25.0,11.0,11.0,11.0,5.0,0.0,5.0,0.0,,,,,,,,,,,,,132.621952,101.0,0.5,stalzone-database/ru/items/armor/clothes/_variants/zzy6y/8.json
zzy6y,zzy6y,9,True,Бандитский «Крот»,armor/clothes,Отмычка,Одежда,DEFAULT,PERSONAL_ON_USE,1.5,100.0,100.0,34.26829,,1.0,,,,,,,5.0,,50.0,,,106.0,25.0,11.0,11.0,11.0,5.0,0.0,5.0,0.0,,,,,,,,,,,,,134.26829,101.0,0.5,stalzone-database/ru/items/armor/clothes/_variants/zzy6y/9.json
zzy6y,zzy6y,10,True,Бандитский «Крот»,armor/clothes,Отмычка,Одежда,DEFAULT,PERSONAL_ON_USE,1.5,100.0,100.0,39.097557,,1.0,,,,,,,5.0,,50.0,,,106.0,25.0,11.0,11.0,11.0,5.0,0.0,5.0,0.0,,,,,,,,,,,,,139.097557,101.0,0.5,stalzone-database/ru/items/armor/clothes/_variants/zzy6y/10.json
zzy6y,zzy6y,11,True,Бандитский «Крот»,armor/clothes,Отмычка,Одежда,DEFAULT,PERSONAL_ON_USE,1.5,100.0,100.0,40.0,,1.0,,,,,,,5.0,,50.0,,,106.0,25.0,11.0,11.0,11.0,5.0,0.0,5.0,0.0,,,,,,,,,,,,,140.0,101.0,0.5,stalzone-database/ru/items/armor/clothes/_variants/zzy6y/11.json
zzy6y,zzy6y,12,True,Бандитский «Крот»,armor/clothes,Отмычка,Одежда,DEFAULT,PERSONAL_ON_USE,1.5,100.0,100.0,40.0,,1.0,,,,,,,5.0,,50.0,,,106.0,25.0,11.0,11.0,11.0,5.0,0.0,5.0,0.0,,,,,,,,,,,,,140.0,101.0,0.5,stalzone-database/ru/items/armor/clothes/_variants/zzy6y/12.json
zzy6y,zzy6y,13,True,Бандитский «Крот»,armor/clothes,Отмычка,Одежда,DEFAULT,PERSONAL_ON_USE,1.5,100.0,100.0,40.0,,1.0,,,,,,,5.0,,50.0,,,106.0,25.0,11.0,11.0,11.0,5.0,0.0,5.0,0.0,,,,,,,,,,,,,140.0,101.0,0.5,stalzone-database/ru/items/armor/clothes/_variants/zzy6y/13.json
zzy6y,zzy6y,14,True,Бандитский «Крот»,armor/clothes,Отмычка,Одежда,DEFAULT,PERSONAL_ON_USE,1.5,100.0,100.0,40.0,,1.0,,,,,,,5.0,,50.0,,,106.0,25.0,11.0,11.0,11.0,5.0,0.0,5.0,0.0,,,,,,,,,,,,,140.0,101.0,0.5,stalzone-database/ru/items/armor/clothes/_variants/zzy6y/14.json
zzy6y,zzy6y,15,True,Бандитский «Крот»,armor/clothes,Отмычка,Одежда,DEFAULT,PERSONAL_ON_USE,1.5,100.0,100.0,40.0,,1.0,,,,,,,5.0,,50.0,,,106.0,25.0,11.0,11.0,11.0,5.0,0.0,5.0,0.0,,,,,,,,,,,,,140.0,101.0,0.5,stalzone-database/ru/items/armor/clothes/_variants/zzy6y/15.json
zzy9m,zzy9m,0,False,Экзоскелет «Абориген»,armor/combat,Ветеран,Боевые,RANK_VETERAN,PERSONAL_ON_USE,27.0,100.0,100.0,187.0,,,,,,,,,30.0,,45.0,,,187.0,152.0,80.0,80.0,80.0,230.0,120.0,230.0,210.0,70.0,,,,,,,,,,,,287.0,100.0,0.5,stalzone-database/ru/items/armor/combat/zzy9m.json
zzy9m,zzy9m,1,True,Экзоскелет «Абориген»,armor/combat,Ветеран,Боевые,RANK_VETERAN,PERSONAL_ON_USE,27.0,100.0,100.0,189.62827,,,,,,,,,30.0,,45.0,,,187.0,152.0,80.0,80.0,80.0,230.0,120.0,230.0,210.0,70.0,,,,,,,,,,,,289.62827,100.0,0.5,stalzone-database/ru/items/armor/combat/_variants/zzy9m/1.json
zzy9m,zzy9m,2,True,Экзоскелет «Абориген»,armor/combat,Ветеран,Боевые,RANK_VETERAN,PERSONAL_ON_USE,27.0,100.0,100.0,192.25653,,,,,,,,,30.0,,45.0,,,187.0,152.0,80.0,80.0,80.0,230.0,120.0,230.0,210.0,70.0,,,,,,,,,,,,292.25653,100.0,0.5,stalzone-database/ru/items/armor/combat/_variants/zzy9m/2.json
zzy9m,zzy9m,3,True,Экзоскелет «Абориген»,armor/combat,Ветеран,Боевые,RANK_VETERAN,PERSONAL_ON_USE,27.0,100.0,100.0,194.8848,,,,,,,,,30.0,,45.0,,,187.0,152.0,80.0,80.0,80.0,230.0,120.0,230.0,210.0,70.0,,,,,,,,,,,,294.88480000000004,100.0,0.5,stalzone-database/ru/items/armor/combat/_variants/zzy9m/3.json
zzy9m,zzy9m,4,True,Экзоскелет «Абориген»,armor/combat,Ветеран,Боевые,RANK_VETERAN,PERSONAL_ON_USE,27.0,100.0,100.0,197.51305,,,,,,,,,30.0,,45.0,,,187.0,152.0,80.0,80.0,80.0,230.0,120.0,230.0,210.0,70.0,,,,,,,,,,,,297.51305,100.0,0.5,stalzone-database/ru/items/armor/combat/_variants/zzy9m/4.json
zzy9m,zzy9m,5,True,Экзоскелет «Абориген»,armor/combat,Ветеран,Боевые,RANK_VETERAN,PERSONAL_ON_USE,27.0,100.0,100.0,205.39783,,,,,,,,,30.0,,45.0,,,187.0,152.0,80.0,80.0,80.0,230.0,120.0,230.0,210.0,70.0,,,,,,,,,,,,305.39783,100.0,0.5,stalzone-database/ru/items/armor/combat/_variants/zzy9m/5.json
zzy9m,zzy9m,6,True,Экзоскелет «Абориген»,armor/combat,Ветеран,Боевые,RANK_VETERAN,PERSONAL_ON_USE,27.0,100.0,100.0,209.34023,,,,,,,,,30.0,,45.0,,,187.0,152.0,80.0,80.0,80.0,230.0,120.0,230.0,210.0,70.0,,,,,,,,,,,,309.34023,100.0,0.5,stalzone-database/ru/items/armor/combat/_variants/zzy9m/6.json
zzy9m,zzy9m,7,True,Экзоскелет «Абориген»,armor/combat,Ветеран,Боевые,RANK_VETERAN,PERSONAL_ON_USE,27.0,100.0,100.0,213.28261,,,,,,,,,30.0,,45.0,,,187.0,152.0,80.0,80.0,80.0,230.0,120.0,230.0,210.0,70.0,,,,,,,,,,,,313.28261,100.0,0.5,stalzone-database/ru/items/armor/combat/_variants/zzy9m/7.json
zzy9m,zzy9m,8,True,Экзоскелет «Абориген»,armor/combat,Ветеран,Боевые,RANK_VETERAN,PERSONAL_ON_USE,27.0,100.0,100.0,217.22502,,,,,,,,,30.0,,45.0,,,187.0,152.0,80.0,80.0,80.0,230.0,120.0,230.0,210.0,70.0,,,,,,,,,,,,317.22502,100.0,0.5,stalzone-database/ru/items/armor/combat/_variants/zzy9m/8.json
zzy9m,zzy9m,9,True,Экзоскелет «Абориген»,armor/combat,Ветеран,Боевые,RANK_VETERAN,PERSONAL_ON_USE,27.0,100.0,100.0,221.1674,,,,,,,,,30.0,,45.0,,,187.0,152.0,80.0,80.0,80.0,230.0,120.0,230.0,210.0,70.0,,,,,,,,,,,,321.1674,100.0,0.5,stalzone-database/ru/items/armor/combat/_variants/zzy9m/9.json
zzy9m,zzy9m,10,True,Экзоскелет «Абориген»,armor/combat,Ветеран,Боевые,RANK_VETERAN,PERSONAL_ON_USE,27.0,100.0,100.0,232.73174,,,,,,,,,30.0,,45.0,,,187.0,152.0,80.0,80.0,80.0,230.0,120.0,230.0,210.0,70.0,,,,,,,,,,,,332.73174,100.0,0.5,stalzone-database/ru/items/armor/combat/_variants/zzy9m/10.json
zzy9m,zzy9m,11,True,Экзоскелет «Абориген»,armor/combat,Ветеран,Боевые,RANK_VETERAN,PERSONAL_ON_USE,27.0,100.0,100.0,238.51395,,,,,,,,,30.0,,45.0,,,187.0,152.0,80.0,80.0,80.0,230.0,120.0,230.0,210.0,70.0,,,,,,,,,,,,338.51395,100.0,0.5,stalzone-database/ru/items/armor/combat/_variants/zzy9m/11.json
zzy9m,zzy9m,12,True,Экзоскелет «Абориген»,armor/combat,Ветеран,Боевые,RANK_VETERAN,PERSONAL_ON_USE,27.0,100.0,100.0,244.2961,,,,,,,,,30.0,,45.0,,,187.0,152.0,80.0,80.0,80.0,230.0,120.0,230.0,210.0,70.0,,,,,,,,,,,,344.2961,100.0,0.5,stalzone-database/ru/items/armor/combat/_variants/zzy9m/12.json
zzy9m,zzy9m,13,True,Экзоскелет «Абориген»,armor/combat,Ветеран,Боевые,RANK_VETERAN,PERSONAL_ON_USE,27.0,100.0,100.0,250.0783,,,,,,,,,30.0,,45.0,,,187.0,152.0,80.0,80.0,80.0,230.0,120.0,230.0,210.0,70.0,,,,,,,,,,,,350.0783,100.0,0.5,stalzone-database/ru/items/armor/combat/_variants/zzy9m/13.json
zzy9m,zzy9m,14,True,Экзоскелет «Абориген»,armor/combat,Ветеран,Боевые,RANK_VETERAN,PERSONAL_ON_USE,27.0,100.0,100.0,255.86046,,,,,,,,,30.0,,45.0,,,187.0,152.0,80.0,80.0,80.0,230.0,120.0,230.0,210.0,70.0,,,,,,,,,,,,355.86046000000005,100.0,0.5,stalzone-database/ru/items/armor/combat/_variants/zzy9m/14.json
zzy9m,zzy9m,15,True,Экзоскелет «Абориген»,armor/combat,Ветеран,Боевые,RANK_VETERAN,PERSONAL_ON_USE,27.0,100.0,100.0,273.207,,,,,,,,,30.0,,45.0,,,187.0,152.0,80.0,80.0,80.0,230.0,120.0,230.0,210.0,70.0,,,,,,,,,,,,373.207,100.0,0.5,stalzone-database/ru/items/armor/combat/_variants/zzy9m/15.json
zzyjk,zzyjk,0,False,Бронекостюм «КЗ-2»,armor/combat,Новичок,Боевые,RANK_NEWBIE,PERSONAL_ON_USE,7.5,100.0,100.0,79.0,,,,20.0,,,,,10.0,,55.0,,,121.0,89.0,60.0,60.0,60.0,70.0,10.0,60.0,10.0,,,,,,,,,,,,,179.0,100.0,0.5,stalzone-database/ru/items/armor/combat/zzyjk.json
zzyjk,zzyjk,1,True,Бронекостюм «КЗ-2»,armor/combat,Новичок,Боевые,RANK_NEWBIE,PERSONAL_ON_USE,7.5,100.0,100.0,80.6378,,,,20.0,,,,,10.0,,55.0,,,121.0,89.0,60.0,60.0,60.0,70.0,10.0,60.0,10.0,,,,,,,,,,,,,180.6378,100.0,0.5,stalzone-database/ru/items/armor/combat/_variants/zzyjk/1.json
zzyjk,zzyjk,2,True,Бронекостюм «КЗ-2»,armor/combat,Новичок,Боевые,RANK_NEWBIE,PERSONAL_ON_USE,7.5,100.0,100.0,82.275604,,,,20.0,,,,,10.0,,55.0,,,121.0,89.0,60.0,60.0,60.0,70.0,10.0,60.0,10.0,,,,,,,,,,,,,182.275604,100.0,0.5,stalzone-database/ru/items/armor/combat/_variants/zzyjk/2.json
zzyjk,zzyjk,3,True,Бронекостюм «КЗ-2»,armor/combat,Новичок,Боевые,RANK_NEWBIE,PERSONAL_ON_USE,7.5,100.0,100.0,83.91341,,,,20.0,,,,,10.0,,55.0,,,121.0,89.0,60.0,60.0,60.0,70.0,10.0,60.0,10.0,,,,,,,,,,,,,183.91341,100.0,0.5,stalzone-database/ru/items/armor/combat/_variants/zzyjk/3.json
zzyjk,zzyjk,4,True,Бронекостюм «КЗ-2»,armor/combat,Новичок,Боевые,RANK_NEWBIE,PERSONAL_ON_USE,7.5,100.0,100.0,85.55122,,,,20.0,,,,,10.0,,55.0,,,121.0,89.0,60.0,60.0,60.0,70.0,10.0,60.0,10.0,,,,,,,,,,,,,185.55122,100.0,0.5,stalzone-database/ru/items/armor/combat/_variants/zzyjk/4.json
zzyjk,zzyjk,5,True,Бронекостюм «КЗ-2»,armor/combat,Новичок,Боевые,RANK_NEWBIE,PERSONAL_ON_USE,7.5,100.0,100.0,90.46463,,,,20.0,,,,,10.0,,55.0,,,121.0,89.0,60.0,60.0,60.0,70.0,10.0,60.0,10.0,,,,,,,,,,,,,190.46463,100.0,0.5,stalzone-database/ru/items/armor/combat/_variants/zzyjk/5.json
zzyjk,zzyjk,6,True,Бронекостюм «КЗ-2»,armor/combat,Новичок,Боевые,RANK_NEWBIE,PERSONAL_ON_USE,7.5,100.0,100.0,92.92134,,,,20.0,,,,,10.0,,55.0,,,121.0,89.0,60.0,60.0,60.0,70.0,10.0,60.0,10.0,,,,,,,,,,,,,192.92134,100.0,0.5,stalzone-database/ru/items/armor/combat/_variants/zzyjk/6.json
zzyjk,zzyjk,7,True,Бронекостюм «КЗ-2»,armor/combat,Новичок,Боевые,RANK_NEWBIE,PERSONAL_ON_USE,7.5,100.0,100.0,95.37805,,,,20.0,,,,,10.0,,55.0,,,121.0,89.0,60.0,60.0,60.0,70.0,10.0,60.0,10.0,,,,,,,,,,,,,195.37805,100.0,0.5,stalzone-database/ru/items/armor/combat/_variants/zzyjk/7.json
zzyjk,zzyjk,8,True,Бронекостюм «КЗ-2»,armor/combat,Новичок,Боевые,RANK_NEWBIE,PERSONAL_ON_USE,7.5,100.0,100.0,97.834755,,,,20.0,,,,,10.0,,55.0,,,121.0,89.0,60.0,60.0,60.0,70.0,10.0,60.0,10.0,,,,,,,,,,,,,197.834755,100.0,0.5,stalzone-database/ru/items/armor/combat/_variants/zzyjk/8.json
zzyjk,zzyjk,9,True,Бронекостюм «КЗ-2»,armor/combat,Новичок,Боевые,RANK_NEWBIE,PERSONAL_ON_USE,7.5,100.0,100.0,100.29146,,,,20.0,,,,,10.0,,55.0,,,121.0,89.0,60.0,60.0,60.0,70.0,10.0,60.0,10.0,,,,,,,,,,,,,200.29146,100.0,0.5,stalzone-database/ru/items/armor/combat/_variants/zzyjk/9.json
zzyjk,zzyjk,10,True,Бронекостюм «КЗ-2»,armor/combat,Новичок,Боевые,RANK_NEWBIE,PERSONAL_ON_USE,7.5,100.0,100.0,107.497795,,,,20.0,,,,,10.0,,55.0,,,121.0,89.0,60.0,60.0,60.0,70.0,10.0,60.0,10.0,,,,,,,,,,,,,207.497795,100.0,0.5,stalzone-database/ru/items/armor/combat/_variants/zzyjk/10.json
zzyjk,zzyjk,11,True,Бронекостюм «КЗ-2»,armor/combat,Новичок,Боевые,RANK_NEWBIE,PERSONAL_ON_USE,7.5,100.0,100.0,111.100975,,,,20.0,,,,,10.0,,55.0,,,121.0,89.0,60.0,60.0,60.0,70.0,10.0,60.0,10.0,,,,,,,,,,,,,211.100975,100.0,0.5,stalzone-database/ru/items/armor/combat/_variants/zzyjk/11.json
zzyjk,zzyjk,12,True,Бронекостюм «КЗ-2»,armor/combat,Новичок,Боевые,RANK_NEWBIE,PERSONAL_ON_USE,7.5,100.0,100.0,114.70414,,,,20.0,,,,,10.0,,55.0,,,121.0,89.0,60.0,60.0,60.0,70.0,10.0,60.0,10.0,,,,,,,,,,,,,214.70414,100.0,0.5,stalzone-database/ru/items/armor/combat/_variants/zzyjk/12.json
zzyjk,zzyjk,13,True,Бронекостюм «КЗ-2»,armor/combat,Новичок,Боевые,RANK_NEWBIE,PERSONAL_ON_USE,7.5,100.0,100.0,118.30732,,,,20.0,,,,,10.0,,55.0,,,121.0,89.0,60.0,60.0,60.0,70.0,10.0,60.0,10.0,,,,,,,,,,,,,218.30732,100.0,0.5,stalzone-database/ru/items/armor/combat/_variants/zzyjk/13.json
zzyjk,zzyjk,14,True,Бронекостюм «КЗ-2»,armor/combat,Новичок,Боевые,RANK_NEWBIE,PERSONAL_ON_USE,7.5,100.0,100.0,121.910484,,,,20.0,,,,,10.0,,55.0,,,121.0,89.0,60.0,60.0,60.0,70.0,10.0,60.0,10.0,,,,,,,,,,,,,221.910484,100.0,0.5,stalzone-database/ru/items/armor/combat/_variants/zzyjk/14.json
zzyjk,zzyjk,15,True,Бронекостюм «КЗ-2»,armor/combat,Новичок,Боевые,RANK_NEWBIE,PERSONAL_ON_USE,7.5,100.0,100.0,132.72,,,,20.0,,,,,10.0,,55.0,,,121.0,89.0,60.0,60.0,60.0,70.0,10.0,60.0,10.0,,,,,,,,,,,,,232.72,100.0,0.5,stalzone-database/ru/items/armor/combat/_variants/zzyjk/15.json
zzyly,zzyly,0,False,Бронекостюм «Скиф-2м»,armor/combined,Ветеран,Комбинированные,RANK_VETERAN,PERSONAL_ON_USE,9.0,100.0,100.0,128.0,,1.0,,,,,,,12.0,,40.0,,,99.0,92.0,90.0,90.0,90.0,260.0,180.0,250.0,200.0,,,,,,,,,,,,,228.0,101.0,0.5,stalzone-database/ru/items/armor/combined/zzyly.json
zzyly,zzyly,1,True,Бронекостюм «Скиф-2м»,armor/combined,Ветеран,Комбинированные,RANK_VETERAN,PERSONAL_ON_USE,9.0,100.0,100.0,130.0878,,1.0,,,,,,,12.0,,40.0,,,99.0,92.0,90.0,90.0,90.0,260.0,180.0,250.0,200.0,,,,,,,,,,,,,230.0878,101.0,0.5,stalzone-database/ru/items/armor/combined/_variants/zzyly/1.json
zzyly,zzyly,2,True,Бронекостюм «Скиф-2м»,armor/combined,Ветеран,Комбинированные,RANK_VETERAN,PERSONAL_ON_USE,9.0,100.0,100.0,132.17561,,1.0,,,,,,,12.0,,40.0,,,99.0,92.0,90.0,90.0,90.0,260.0,180.0,250.0,200.0,,,,,,,,,,,,,232.17561,101.0,0.5,stalzone-database/ru/items/armor/combined/_variants/zzyly/2.json
zzyly,zzyly,3,True,Бронекостюм «Скиф-2м»,armor/combined,Ветеран,Комбинированные,RANK_VETERAN,PERSONAL_ON_USE,9.0,100.0,100.0,134.26341,,1.0,,,,,,,12.0,,40.0,,,99.0,92.0,90.0,90.0,90.0,260.0,180.0,250.0,200.0,,,,,,,,,,,,,234.26341,101.0,0.5,stalzone-database/ru/items/armor/combined/_variants/zzyly/3.json
zzyly,zzyly,4,True,Бронекостюм «Скиф-2м»,armor/combined,Ветеран,Комбинированные,RANK_VETERAN,PERSONAL_ON_USE,9.0,100.0,100.0,136.35123,,1.0,,,,,,,12.0,,40.0,,,99.0,92.0,90.0,90.0,90.0,260.0,180.0,250.0,200.0,,,,,,,,,,,,,236.35123,101.0,0.5,stalzone-database/ru/items/armor/combined/_variants/zzyly/4.json
zzyly,zzyly,5,True,Бронекостюм «Скиф-2м»,armor/combined,Ветеран,Комбинированные,RANK_VETERAN,PERSONAL_ON_USE,9.0,100.0,100.0,142.61464,,1.0,,,,,,,12.0,,40.0,,,99.0,92.0,90.0,90.0,90.0,260.0,180.0,250.0,200.0,,,,,,,,,,,,,242.61464,101.0,0.5,stalzone-database/ru/items/armor/combined/_variants/zzyly/5.json
zzyly,zzyly,6,True,Бронекостюм «Скиф-2м»,armor/combined,Ветеран,Комбинированные,RANK_VETERAN,PERSONAL_ON_USE,9.0,100.0,100.0,145.74634,,1.0,,,,,,,12.0,,40.0,,,99.0,92.0,90.0,90.0,90.0,260.0,180.0,250.0,200.0,,,,,,,,,,,,,245.74634000000003,101.0,0.5,stalzone-database/ru/items/armor/combined/_variants/zzyly/6.json
zzyly,zzyly,7,True,Бронекостюм «Скиф-2м»,armor/combined,Ветеран,Комбинированные,RANK_VETERAN,PERSONAL_ON_USE,9.0,100.0,100.0,148.87805,,1.0,,,,,,,12.0,,40.0,,,99.0,92.0,90.0,90.0,90.0,260.0,180.0,250.0,200.0,,,,,,,,,,,,,248.87805,101.0,0.5,stalzone-database/ru/items/armor/combined/_variants/zzyly/7.json
zzyly,zzyly,8,True,Бронекостюм «Скиф-2м»,armor/combined,Ветеран,Комбинированные,RANK_VETERAN,PERSONAL_ON_USE,9.0,100.0,100.0,152.00975,,1.0,,,,,,,12.0,,40.0,,,99.0,92.0,90.0,90.0,90.0,260.0,180.0,250.0,200.0,,,,,,,,,,,,,252.00975,101.0,0.5,stalzone-database/ru/items/armor/combined/_variants/zzyly/8.json
zzyly,zzyly,9,True,Бронекостюм «Скиф-2м»,armor/combined,Ветеран,Комбинированные,RANK_VETERAN,PERSONAL_ON_USE,9.0,100.0,100.0,155.14146,,1.0,,,,,,,12.0,,40.0,,,99.0,92.0,90.0,90.0,90.0,260.0,180.0,250.0,200.0,,,,,,,,,,,,,255.14146,101.0,0.5,stalzone-database/ru/items/armor/combined/_variants/zzyly/9.json
zzyly,zzyly,10,True,Бронекостюм «Скиф-2м»,armor/combined,Ветеран,Комбинированные,RANK_VETERAN,PERSONAL_ON_USE,9.0,100.0,100.0,164.32779,,1.0,,,,,,,12.0,,40.0,,,99.0,92.0,90.0,90.0,90.0,260.0,180.0,250.0,200.0,,,,,,,,,,,,,264.32779,101.0,0.5,stalzone-database/ru/items/armor/combined/_variants/zzyly/10.json
zzyly,zzyly,11,True,Бронекостюм «Скиф-2м»,armor/combined,Ветеран,Комбинированные,RANK_VETERAN,PERSONAL_ON_USE,9.0,100.0,100.0,168.92097,,1.0,,,,,,,12.0,,40.0,,,99.0,92.0,90.0,90.0,90.0,260.0,180.0,250.0,200.0,,,,,,,,,,,,,268.92097,101.0,0.5,stalzone-database/ru/items/armor/combined/_variants/zzyly/11.json
zzyly,zzyly,12,True,Бронекостюм «Скиф-2м»,armor/combined,Ветеран,Комбинированные,RANK_VETERAN,PERSONAL_ON_USE,9.0,100.0,100.0,173.51414,,1.0,,,,,,,12.0,,40.0,,,99.0,92.0,90.0,90.0,90.0,260.0,180.0,250.0,200.0,,,,,,,,,,,,,273.51414,101.0,0.5,stalzone-database/ru/items/armor/combined/_variants/zzyly/12.json
zzyly,zzyly,13,True,Бронекостюм «Скиф-2м»,armor/combined,Ветеран,Комбинированные,RANK_VETERAN,PERSONAL_ON_USE,9.0,100.0,100.0,178.10732,,1.0,,,,,,,12.0,,40.0,,,99.0,92.0,90.0,90.0,90.0,260.0,180.0,250.0,200.0,,,,,,,,,,,,,278.10731999999996,101.0,0.5,stalzone-database/ru/items/armor/combined/_variants/zzyly/13.json
zzyly,zzyly,14,True,Бронекостюм «Скиф-2м»,armor/combined,Ветеран,Комбинированные,RANK_VETERAN,PERSONAL_ON_USE,9.0,100.0,100.0,182.70049,,1.0,,,,,,,12.0,,40.0,,,99.0,92.0,90.0,90.0,90.0,260.0,180.0,250.0,200.0,,,,,,,,,,,,,282.70049,101.0,0.5,stalzone-database/ru/items/armor/combined/_variants/zzyly/14.json
zzyly,zzyly,15,True,Бронекостюм «Скиф-2м»,armor/combined,Ветеран,Комбинированные,RANK_VETERAN,PERSONAL_ON_USE,9.0,100.0,100.0,196.48001,,1.0,,,,,,,12.0,,40.0,,,99.0,92.0,90.0,90.0,90.0,260.0,180.0,250.0,200.0,,,,,,,,,,,,,296.48001,101.0,0.5,stalzone-database/ru/items/armor/combined/_variants/zzyly/15.json
